body,label
haziran dönem stem eğitim sakarya ar ge proje değerli arkadaş müdür tarafından doğu marmara kalkınmak ajans sunu stem eğlenmek öğrenmek proje teknik destek program kapsam destek almak uygu görülmüştü website bağlam eğitim haziran temmuz tarih aras adapazarı yenikent halk eğitim merkez gerçek eğitim i̇limizdeki ortaokul fe teknoloji matematik okul ön öğretmen yönelik eğitim i̇lgi detay başvuru forma http website adres erişmek website başvuru tari̇hi̇ saati̇ hazi̇ran website,0
kukla toyzz ic dis ticaret website no arşiv fatura ekler sayın şi̇mşek e-posta arşiv fatura kapsam taraf kesi no fatura göndermek fatura aşağı link görüntüleyebilir yazmak,0
yarişma duyuru demre ai̇hl öğretmen arasi fotoğraf resi̇m yarişmasi bi̇lgi̇leri̇ni̇ze,0
üzer scotty kargo seçil alışveriş kargo bedava website kültür kitap sınav hazır kitap extra indirim kitap tl üzer scotty kargo yapılanmak alışveriş kargo bedava i̇stanbul ankara i̇zmir kocaeli balıkesir eskişehir,1
yılbaş özel i̇ndirimleri başlamak tl başlayan fiyat pierre cardin lingerie tl üzer kargo ücretsi̇z sütyen indirim ek tl alışveriş sepet indirim,1
emre bey slıms objektif ek bilgi,0
er rezervasyon un son gün er rezervasyon fırsat yemek varan i̇ndirimlerde son gün bugün fırsat kaçırmak,1
tl alt hizmet i̇htiyaçlarını bir çırpı halletmek armut pişmek ağız düşmek temiz tadilât nakliyat tamir özel ders sağ hayat kolay hizmet merhaba yasin i̇htiyaçlarını fazla ertelemek hesap fiyat hizmet ihtiyaç yan,1
iyi şekil giyinmek vücut tip uygu elbise satı alınmak editör seçmek try website parti elbise try website try website büyük beden elbise try website try website try website try website mi siyah elbise try website try website try website try website try website özel lorie arap akşam elbise ayırmak tren try website try website modern siyah beyaz uz bir om arap ak try website try website,1
antalya konum yeni mühendis iş ilân indeed logo mesaj bildirim antalya konum yeni mühendis iş ilân iş ilân kayıt iş alarm eş maki mühendis tecrübeli̇ tugayhan maki metal sanmak tic ltd sti kepez i̇ş tanı solidworks program maki tasar yapacak sac açılım hazırlayacak lazer operatör tarif edip kesmek büküm dosya gün ön yeni iş ilân bul,1
kara tencere set kara kara tencere set tencere set çeşit ürün bahar i̇ndirimleri kara mutfak ürün bahar indirim kara,1
forex akşam analiz mart gcm yatırım gcm yatırım dünya piyasa açılamak kapmak website gcm yatırım menkul değer akşam analiz mart makro ekonomik gelişmek geri̇de kalmak borsa fed ön yükselmek avrupa borsa abd endeks vade bugün gerçek fed par politika beyanat ön yükselmek eğilim ön plan çıkarmak devam okumak eurusd hafta orta seviye başlayan eurusd parite dolar endeks geri çekmek destek alarak bir miktar toparlamak sergilemek parite analiz hazır seviye işlem görmek gü kalmak abd devam okumak gbpusd dolar endeks kısa vade geri çekmek sergilemek gbpusd parite bir miktar toparlamak destek verdi gün seviye başlayan sterlin analiz hazır seviye işlem görmek gü kalmak devam okumak usdjpy usdjpy parite dolar endeks kısa vade geri çekmek rağmen sınır fiyatlamak sergilemek gün seviye başlayan parite analiz hazır seviye işlem görmek gü kalmak abd pera devam okumak usdtry geri sayı başlamak bugün abd merkez banka fed yarınise türkiye cumhuriyet merkez banka tcmb karar tl varlık belirleyici olabilir konu ilişki hazırlamak rapor video bülten devam okumak eurtry hafta orta seviye başlayan eurtry parite kısa vadetmek sınır toparlamak sergilemek parite analiz hazır seviye işlem görmek eurtry parite kısa vade fiyatlamak teknik açı devam okumak,1
özel teklif şimdi keşfetmek samsung galaxy seri bir i̇lk eski telefon getiri galaxy galaxy galaxy model avantaj fiyat sahip firsati görmek,1
yeni yıl karar shuffle la başarmak new year spotify yeni yıl dilemek girmek yıl öyle geç egzersiz hit lerinden meditasyon yeni yıl karar yan olacak müzik bura playlist cover şi̇mdi̇ di̇nle,1
sipariş yolmak çıkmak hazır kadın erkek çocuk spor ayakkabı çanta kozmetik ev yaşam numara sipariş hazır sevgi nagihan şimşek numara sipariş bulunmak aşağı ürün yolmak çıkmak üzer hazırlamak ürün yolmak çıkmak kargo firma tarafından sms bilgi paylaşmak sipariş sayfa kargo takip link tıklamak güncel duru takip edebilirsin şimdi güzel gün kul dilemek yüzlerce marka tarz uygu yeni koleksiyon avantaj teklif zaman boyner,0
net i̇ndirim dali kor seri ürün fırsat hemen tıklamak,1
modanisa son gün kupon hesap se beklemek modanisa bedava kargo tl üzer alışveriş i̇ade garanti̇si̇ koşul masraf yeni başörtü elbise tunik abiye ferace pardesü etek büyük beden özel tasar outlet hesap se beklemek kupon var sevgi nagihan hesap tanım kupon kod sezon mod ürün dolap yer verebilir stil güncelleyebilirsin hemen tıklamak seçim yapmak muhteşem fırsat trend geri kalmak kupon kod,1
iş yatırım araştırmak blog twitter facebook youtube i̇ş yatırım piyasa bugün sayın erhan türk i̇ş yatırım piyasa bugün website https website rapor gönder liste çıkmak tıklamak i̇nternet sayfa üye müşteri giriş yaparak ekranmak sağ üst kısım yer ala bilgi güncellemek seçenek diğer rapor i̇lgi talep iletmek ürümek hizmet hakk detay bilgi almak bize numara telefon uyarı not bura yer ala bilgi i̇ş yatırım menkul değer tarafından genel bilgilenmek amaç hazır yatırım bilgi yorum tavsiye yatırım danışman kapsam değil sermaye piyasa al satım karar destekleyecek yeter bilgi içermek yatırım danışman hizmet araç kurum portföy yönetim şirket mevduat kabul etmek banka müşteri aras imzalamak yatırım danışman sözleşmek çerçeve sunulmaktadır bura yer ala yorum tavsiye yorum tavsiye bulunmak kişisel görüş dayanmak herhangi bir yatırım araç al satım öneri getiri vaat olarak yorum görüş malî duru risk getiri tercih uygu olmak sade bura yer ala bilgi dayanmak yatırım karar verilmesi beklenti uygu sonuçlamak doğmak website yer ala fiyatlamak veri bilgi tam doğru olmak garanti edilemez içerik haber verilmeksizin değistirilebilir veri i̇ş yatırım menkul değer tarafından güvenmek olmak inanılan kaynak alınmak kaynak kul orta çıkabilecek hata i̇ş yatırım menkul değer sorum değil,1
koşmak gratis website productimage koşmak gratis fırsat gratis te hemen keşfetmek alışveriş baş,1
yemeksepeti sipariş yemek sipariş hemen yemeksepeti gelmek kapı gelmek,1
görüşmek uz süre olmak tavsiye website pi̇ş ağzima düşmek yapilacak i̇şler li̇steni̇ halledeli̇m şehir i̇çi naklî talep beri görüşemedik görüşmek iyi heyecan çalışmak deva ediyoruz armut aile son ay website yeni hizmet vere eklemek hizmet bir yeni var artık pencere tamir protez tırnak yapım ev has bakım hizmet pişmek ağız düşmek website arad yardım olabileceğimiz bir hizmet ihtiyaç var yapılacak iş liste iş beraber halletmek ön hafta ihtiyaç duyabileceğini tahmin etmek hizmet bir ara getirmek özellikle ev ev nakliyat ara oldukça popüler haber vermek istemek,1
panelist kayıtmak i̇şleminiz başarı ara sayın oğuz kitap i̇nceleme sistem kaymak başar gerçek üye durum yukarı menü girişmek yaparak takip edebilirsiniz i̇yi çalışmak talim terbi kurulu başkan ara,0
artı par faiz ora değişik bilgilenmek akbank sevgi akbank website tarihî itibaren geçerli olmak üzer artı par kredi mevduat hesap aylik akit faiz ora ay gecikmek faiz ora olarak güncel bildirim mevzuat çerçeve sözleşme değişik nitelik i̇yi gün dilemek akbank,1
göz alıcı jartiyer takı uygu fiyat i̇ç website outlet i̇ç giyim fırsat yazlık pijama takım bayan i̇ç giyim erkek i̇ç giyim çocuk i̇ç giyim fantazi i̇ç giyim i̇ç giyim marka i̇ç giyim kampanya merry see sek leopar jartiyer takı tl merry see dantel jartiyer takı tl merry see siyah jartiyer takı tl merry see beyaz etek jartiyer tl nightlight kırmız dantel fantazi jartiyer takı tl tl merry see şık jartiyer çorap tl merry see jartiyer babydoll iç giyim tl maxpera fantazi jartiyer gece tl tl nurteks destek jartiyer çorap sütyen takı tl tl merry see siyah özel tasar jartiyer çorap tl vixson sek özel bölge açık fantazi külot çorap tl tl for dreams jartiyer kol bağ erotik takı tl tl merry see fantazi jartiyer takı tl tl merry see fantezi jartiyer takı tl vixson fantazi külot çorap tl tl merry see siyah dantel jartiyer takı tl merry see deri özel bölge açık jartiyer takı tl merry see siyah fantazi jartiyer takı tl miorre dantel jartiyer takı tl tl nbb jartiyer çorap set tl tl kadın siyah jartiyer takı çorap,1
superprof ta ay ayı kutlu olmak merhaba oguz kaydolalı ay olmak bile peki ilk izlenim neler i̇lk izlenim neler i̇lk ders deneyim paylaşmak ister lütfen maile cevap vererek bize fazla öğrenci ipucu iki referans alınmak önem aile arkadaş iş arkadaş eski öğrenci minik bir yorum yazmak talep edinmek superprof güve şeffaf üzerine kurulu net ciddi bir fotoğraf öğrenci güve verecek fotoğraf bir ilân bakmak ilk bir ara kalmak oguz harika i̇lk ders ücret vermek fark yaramak ücret veri ilk ders öğrenci güve veriyor superprof ta bir öğrenci ilk yorum alıp star öğretmek statü el etmek sonra ilk ders ücret vermek seçenek kalmak ilk ders süre belirleyecek sizsiniz professional pass kulüp katı ara sonuç ilân ön çıkarmak kat kadar fazla ders talep alınmak i̇lanlarıma gitmek,1
website online bilet satmak bilgi sayın fatma website göstermek i̇lgi güve teşekkür eder almak olmak bilet ler in detay aşağı,0
ödemek başar alınmak website ad iyzico üye iş yerinde tarihî iyzico aracılığıyla yapmak olmak website try tutar alışveriş ödemek başar alınmak,0
english home yağdanlık oyster cam saklamak yağdanlık ml şeffaf english home english home yağdanlık oyster cam saklamak yağdanlık ml şeffaf english home yağdanlık catty borosilikat yağdanlık ml şeffaf english home mutfak eşya bega metal bulaşık cm gold english home mutfak eşya liana bambu kağıt havlu cm bej english home kavanoz primo borosilikat cam kavanoz ml şeffaf english home mutfak eşya swing metal kaşık cm gold english home bölme çerez lup cam lı reçel cm şeffaf english home cam çerez gales cam çerez cm şeffaf english home yağdanlık bony cam yağ sirke cm şeffaf english home bölme çerez fe cam bölme reçel cm şeffaf english home kavanoz knit borosilikat kavanoz ml şeffaf english home ekmek sepet holly metal ekmek sepet cm antrasit english home şiş largii cam saklamak şiş ml şeffaf english home mutfak eşya basic plastik parça süzgeç cm bej english home baharat trit cam tuz biber cm şeffaf english home mutfak eşya pupa plastik çırpmak cm bej,1
gizli yasakli site girin website yasak site hemen girmek tıklamak site as çerez cookie tutmak bir kayıt bulamak javascript istemek kapamak girmek site nere gelmek as bulamak yasakli site ücret olarak girmek tiklayiniz,1
eren ortaokul okul servi̇sle ge öğrenci̇ yok,0
sepet ürümek unutmak kadin erkek çocuk ev yaşam sepet ürümek kişi sepet acele et tükenmek almak,1
yaş kamera ön oyun kamp ankara başlamak biletinial dramalab bünye drama yapım hara ankara binmek kulüp iş bir düzen yaş kamera ön oyun kamp ankara başlamak çocuk kamera ön oyun kamp nisa tarih aras gün toplam saat sürecek bir eğitim kamera ön yaramak drama oyun teknik destek kamp çocuk oyun aday yaramak gelişmek kamera ön rahat hareket etmek sağlayacak rol oy kavram öğretmek pratik çalışmak yer alacaktı website çalışmak sonuç çocuk oyun aday drama yapım in film proje rol almak şans yakalayabilecektir oyun eğitim yan sır at binmek eğitim çocuk at iletişim kurmak sağ drama yapım çekmek planlamak sinema film bir temel oluşmak yaş grup yaş tarih nisa saat konum ankara hara ankara binmek kulüp eğitim program saat gün saat günlük eğitim i̇çeriği saat kamera ön oyun yaramak drama sinema eğitim saat binmek eğitim kontenjan kişi,1
kadın gün sürpriz hazır çiçek bonnyfood ürün fırsat kaçırmak ciceksepeti,1
ders ertelemek arkadaş sabah beri bir öksürük kriz boğuşmak yüzde ders almak maalesef henüz geçmiş değil geçen hafta benzemek durum sağ bir ders olmak yüzde af sığınmak ders hafta pazar yapmak üzer ertelemek i̇yi gün,0
taze perşembe fırsat meyve sebze tl indirim bugün özel sebze meyve alışveriş tl indirim tl üzer sebze meyve alışveriş geçerli,1
pttavm soru yanıt verildi pttavm merhaba akiloyunlarishop mağaza soru yanıt verdi soru mart equilibrio sipariş verdi zaman kargo verilir ürümek equilibrio cevap sistem üzer bakmak zaman dağtımda gözükmek,0
kurum ait maaş ödemek müşteri no ödemek tahsilât bordro no bordro tr website bankasi website salmak firma müşteri numara text dosya başar aktarmak bağ olmak şube tarafından onay verilmesi şart uygu olmak durum ödemek tarihî işlem gerçek,0
değerli kul aşağı belirti tarih kütüphane abone olmak turcademy veri taban i̇lgi çevrim iç kul eğitim düzen eğitim davet tarih mart çarşamba saat website katılım bağlantı https website konuşmak can çelik turcademy hakk website türk akademik kitap online görüntülemek uzaktan erişim kolay hızlı erişim eğitim son sertifika verilecektir sağ iyi gün dilemek,0
cardfinans mastercard starbucks tall boy kahve hediye şubat tarih aras masterpasse kayıt cardfinans mastercard starbucks mobil uygulamak tek sefer yapacağınız ilk tl üzer yüklemek gün geçerli tall boy kahve değer yıldız hediye kart masterpasse qnb mobil bulunmak kredi kartlari kart ayarlari menusunden kaydetmek qnb mobil icin http website,1
dev mega efsane değil gerçek i̇ndirim gün başlamak eylül ihtiyaç gerçek indirim gün başlamak sade gün sürecek gerçek indirimşer kaçırrmayın,1
nuretti̇n tepmek ortaokul okul öğreni̇m gören irakli türkmen öğrenci̇mi̇z yok hüseyi̇n şi̇mşek,0
dördüncü hafta okumak metin ders değerlenmek merhaba sunu dosya yüklemek online ödev olarak tanımlamak not sunu hazırlamak dosya verilecektir sunu yapanlar yüklemek henüz yapmak sunu ön yüklemek iyi website performans ara sınav not oluşmak ayrıç ders katılım alacak performans görev not oluşmak website not sene son okunan makale üzer yapılacak sınav belirlenecektir dördüncü hafta ödev künye dosya ek makale sunum ahmet serdar çokluk gerçek oral yeşi̇lkaya kri̇pto par i̇ki̇lemi̇ karapara aklamak bi̇tcoi̇n süleyman demirel üniversite sosyal bilim enstitü dergi kolay gelmek,0
yemek varan i̇ndirimler hediye fırsat website sağ güzel ürün özel kampanya kaçırmak marc anthony kampanya marc anthony ürün i̇ndi̇ri̇m son gün mart stok sınır alışveriş baş lierac kampanya lierac seçil ürün tl üzer sipariş tl indirim fırsat stok sınır son gün mart alışveriş baş phyto kampanya phyto ürün tl üzer sipariş phyto saç bakım ürün hedi̇ye son gün mart alışveriş baş nascita kampanya nascita ürün sepet ekstra indirim stok sınır son gün mart alışveriş baş propia kampanya propia ürün âdet üzer sipariş face wash ml hedi̇ye stok sınır son gün mart alışveriş baş kampanya indirim oran stok sınır dermogrup konu i̇lgi değişik yapmak hakk sahip kampanya bi̇lgi̇lendi̇rmesi̇ site yay indirim kampanya görsel duyuru yay olmak süreç belirti tarih ara geçerli stok miktar sınır satmak şart i̇lgi duru duyuru yâd görsel bilmek bir indirim yâd kampanya stokiar sınır tükenmek ürün stok durum ürümek sayfa belirmek bir promosyon ürümek kampanya hediye satmak ürün stok olmak belirmek duru söz konu ürümek âdet mevcut olmak anlam gelir stok miktar tükenmek ürümek yeni tedarik edilmesinin mümkün olmak durum stok duru yol gün içeri kargo verilir şek güncel stok tükenmek ürümek yeni tedarik edilmesi mümkün değil duru ürümek sayfa stok duru açıklamak tükenmek şek belirmek bir marka kategori indirim uygulamak tarih ara stok sınır belirmek duru mücbir sebep dış söz konu indirim oran sürekli olarak uygulamak anlam gelir kozmetik dermokozmetik ürün tanıtı sağ beyan i̇le i̇lgili önem uyarı hakk bilgi almak tiklayin,1
emir can i̇ğrek şehir geliyor biletix emir can i̇ğrek müzik kutu gönül dava birçok şarkı beste sahip genç sanat emir can i̇ğrek mart tarih aras çeşit şehir sahne konser takvim incelemek bilet almak hemen tı website kapsam alınmak tedbir görmek lütfen i̇lgi etkin etkin kural bölüm okuyun çeşit şehir,1
ege arkadaş web site açıl merhaba arkadaş web site aç ağustos orta plan web site paylaşmak planlamak entegre edebilirsek şimdilik web site plan hakk bilgi gelişim rapor oluşmak program eklemek i̇lk aşama plan hazırlamak vakit artmak bir plan yüklemek sayfa bir etkin bölü bir video hikâyelemek bölü hazırlayacağız web site hakk fikir eklemek istemek yazmak,0
hemen kiralamak teklif alınmak borusan otomotiv premium website hemen kiralamak teklif alınmak detay bilgi borusan otomotiv yetki satı na,1
ay abone kısa süre geri gelmek i̇ngilizceyi tek baş değil eğitmen destek alarak öğ website ay özel teklif günlük kişi sınır indirim kod ay abone mart ta website satı almak i̇ndirim kod ay ay indirim sağ toplam indirim tutar i̇ndirim abone sayfa abone seçmek kod girmek kampanya kod abone satı ala hesap otomatik yenmek özel açık tutulmak süreç abone bir sonra abone dönem ayn indirim ora yenilemek abone iptal edilebilir i̇ptal koşul abone sayfa göz at,1
görüş değerli değerli üye can dost yeni bir dünya oluşmak hayat neşe katmak yaşam bir parça hayvan dost dünya zengin sevim dost sahip çıkan hayvan sağlık eğitim ihtiyaç dek konu yardım olabilmek adına giriş bulunmak dost yak tanımak on iyi bir hizmet vermek arzu ediyoruz sevim dost tanışmak adına i̇lgi soru cevaplamak ümit ediyor yakında görüşmek üzer demek sevgi website,1
kamp şef olmak ders merhaba ekotasarımlı kamp mutfak ünite kamp sıra sürüklemek bir mutfak deneyim sunmak ince ayrıntı kadar düşünmek tasarlamak geniş çalışmak ala lavabo birçok bölme asma yer çöp koymak yer mutfak rahat aramak,1
öğretmek akademi vâkıf sevgi örav dost örav sohbet fark sektör profesyonel i̇lgi çeki ilham vere hikâye paylaşmak deva ediyoruz ay konuk magma boğaziçi caz koro aile kuru genel sanat yönetmek dünya koro şampiyona dünya koro olimpiyat alt madalya koro şef ayn zaman dünya koro şef yarışmak finalist masis ara gözbek gözbek boğaziçi matematik te koro şef koro şef dünya şampiyon bir koro kuru kadar uzanmak tutku müzik serüven lider takımdaşlığın anlam koro müzik kültür çocuk gelişim katkı dair keyif bir sohbet gerçek masis ara gözbek koro müzik i̇lgi görüş şöyle açıklamak koro müzik yaparken zaman hayali kurmak huzur barış içinde birlik yaşam fikir kuvvet bir şekil deneyimlemek birbiri karşı anlayış olmak birbiri dinlemek fark birer zengin olarak görerek harman keyif almak tek vücut olarak çıkarmak ses kadar anlam olmak birlik yaşamak güzel sorun iyi iletişim çözmek dolayısıyla barış içinde birlik yaşamak öğreniyoruz gözbek in paylaşım tümü youtube kanal beklemek,1
fonri akıl kapı zil fonri akıl kapı zil website pia çocuk kor merdiven güvenlik kapı etz li tıbbî maske siyah kargo pantolon haki beden yelek lacivert beden i̇ç orta sahte kamera etz li full ultrasonik meltblownlu tıbbî maske siyah full hd ip kamera i̇ç mekân yağmurluk tek kullanım fonri akıl priz yym yar yüzmek maske yym fonri i̇ç orta ptz kamera website mekanik i̇ş eldiven beden xl osram smart wifi akıl priz fonri dış orta wifi kamera website dalgıç kg yangın sönmek cihaz pratik seri kart geçişmek sistem tulû korumak sms macrofit xl stabilit şifre par kasa krem starline eldiven xl pratik kart geçişmek kapı kontrol sistem dalgıç kg yangın sönmek cihaz yale yangın sertifika ekstra büyük boy dijital kasa website küçük bağlama kaymak mm cm âdet,1
hafta sevi kampanya hemen tıklamak fırsat kaçırmak website sağ güzel ürün email özel kampanya kaçırmak avene kampanya babe kampanya avene seçil ürün indirim ek sepet ekstra indirim son gün mart âdet sınır alışveriş baş pierre fabre oral care kampanya pierre fabre oral care seçil ürün ürümek indirim stok sınır son gün mart alışveriş baş ducray kampanya ducray seçil ürün indirim ek sepet ekstra indirim son gün mart âdet sınır alışveriş baş nuxe kampanya nuxe seçil reve miel ürün tl üzer sipariş reve miel yüzmek balsam ml hedi̇ye stok sınır son gün mart alışveriş baş jowae kampanya jowae ürün tl üzer sipariş nemlenmek duş jel ml hedi̇ye stok sınır son gün mart alışveriş baş kampanya indirim oran stok sınır dermogrup konu i̇lgi değişik yapmak hakk sahip kampanya bi̇lgi̇lendi̇rmesi̇ site yay indirim kampanya görsel duyuru yay olmak süreç belirti tarih ara geçerli stok miktar sınır satmak şart i̇lgi duru duyuru yâd görsel bilmek bir indirim yâd kampanya stokiar sınır tükenmek ürün stok durum ürümek sayfa belirmek bir promosyon ürümek kampanya hediye satmak ürün stok olmak belirmek duru söz konu ürümek âdet mevcut olmak anlam gelir stok miktar tükenmek ürümek yeni tedarik edilmesinin mümkün olmak durum stok duru yol gün içeri kargo verilir şek güncel stok tükenmek ürümek yeni tedarik edilmesi mümkün değil duru ürümek sayfa stok duru açıklamak tükenmek şek belirmek bir marka kategori indirim uygulamak tarih ara stok sınır belirmek duru mücbir sebep dış söz konu indirim oran sürekli olarak uygulamak anlam gelir kozmetik dermokozmetik ürün tanıtı sağ beyan i̇le i̇lgili önem uyarı hakk bilgi almak tiklayin,1
varan indirim gizia kiğı ramsey kom koton wrangler pulsar gant,1
website has been sent email öge toplam mb ocak cuma tarihî geçerli son erecektir wetransfer kul teşekkür dosya inmek inmek bir onay posta göndermek alıcı email i̇ndirme bağlantı https website öge website mb website mb mesaj demre atatürk i̇lkokulu medine sele sarı sınıf,0
kpss ales dgs ezberbozan paragraf soru banka pegem akademi kitapseç http website kpss ales dgs ezberbozan paragraf soru banka pegem akademi tyt kral karma deneme kral karma bes yayın kpss tarih tamam çözüm soru banka ben hoca yayın ayt matematik deneme sınav alt karma yayın kpss ezberbozan tarih soru banka video çözüm pegem akademi yayın acil matematik limit türev acil yayın yks ayt ün karma deneme ün yayın tyt paragraf deneme tamam video çözüm marka yayın tyt fark yay fark deneme çıkmak soru hediye alt karma karantina üçüncü perde beyza alkoç i̇ndigo kitap kpss ales dgs paragraf çıkmak soru yediiklim yayın kpss coğrafya bordo deneme çözüm mehmet eğitmek günlük planlayıcılı cetvel etiket stickerlı yapışkan not kâğıt set not yaz ayt matematik tamam video çözüm soru banka yayın ben kirk made mil i̇thaki yayın kpss coğrafya nın amiral soru banka eko tamam çözüm mehmet eği̇t kpss lise önlisans genel yetenek genel kültür tamam çözüm soru banka set pegem yayın tyt türk li deneme üç dört beş yayın tyt matematik soru banka üç dört beş yayın günlük planlamak defter fragman yayın kpss türk deneme çözüm pegem akademi yayın ayt ün karma deneme ün karma tyt matematik deneme tamam video çözüm marka yayın tyt türk branş deneme alt karma,1
halkbank bi̇lgi̇lendi̇rme değerli müşteri banka kul olmak kredi tarih tl taksit ödemek banka sicil etkilemek kısa süre ödemek yapmak rica eder ödemek yapmak mesaj dikkat almak,0
direnç bant vücut çalışmak spor erkek kadin çocuk seri̇ son eki̇pmanlar di̇renç bandi di̇renç bandi kas güç yan sır yardım olur kendi zorlamak sağ kendi kendi ayakta duran yapı direk sayesinde kolay kurulu hafif sağlam bant kasmak güç dayanıklı gelişmek esnek artırın cm oda lik tulû kul maks yüksek di̇renç bandi di̇renç bandi elastik kaymak kasmak gelişmek cross training antrenman vücut çalışmak tasarlamak ana bileşmek elyaf geri dönüşmek website kendi ayakta duran yapı direk sayesinde kolay kurulu kas güç yan sır yardım olur kendi zorlamak sağ sağlam dayanıklı cm oda lik tulû kul maks yüksek di̇renç bandi di̇renç bandi kg elastik kaymak kasmak gelişmek cross training antrenman vücut çalışmak tasarlamak vücut çeşit egzersiz website bileşmek elyaf geri dönüşmek website kendi ayakta duran yapı direk sayesinde kolay website güç dayanıklı gelişmek esnek artırın hafif spor çanta kolay yerleşmek ürümek cm oda lik tulû kul maks yüksek cm sati almak ürünleri̇ keşfetmek di̇renç bantlari i̇le yapilabi̇lecek etki̇li̇ egzersi̇z egzersiz rutin çeşit fark ekipman antrenman program dâhil etmek istemek sana harika bir öner var,1
github başlamak kod github i̇şte github başlamak kod aşağı kod girerek github kaydolmak deva edinmek github aç tamam proje keşfetmek oluşmak paylaşmak github in özel kul başlayabilirsiniz,0
fw website salmak i̇lker abi yönetim işlem sistem kapan form dolmak göndermeniniz laz yeni şifre almak,0
start up career fest nisa website website türkiye nin iyi dijital yetenek start up lar buluşuyor nisa online tamamen ücret fuar hemen kaydolmak start up larda iş staj fırsat kaçırmak start up career fest kariyer start up şirket başlamak isteyen start uplarda deva etmek isteyen herkes katılabilir,1
sınav website pzt teşekür eder ciğer vermek ender bilgi göstermek olmak emek öpmek,0
merhaba referans olarak çalışmak olmak şirket bilgi yönetmek bilgi aşağı paylaşmak akko otomoti̇v yedek parça i̇malati i̇nşaat petrol ürünleri̇ sanmak ti̇ website şti̇ naci kalkmak fabrika müdür tel yildiz üretim müdür tel kri̇stal endüstri̇yel mutfak çamaşirhane maki̇ne pazarlamak sanmak ti̇c ramazan kaynakçi genel müdür tel website fabrika müdür tel çağatay arge müdür an arçelik uzma mühendis sağ gün dilemek,0
byart dizayn dekorasyon sanmak tic ltd sti eylem gerekli casus yazılı karşı kor çözmek tehdit can selam aşağı bilgisayar sistem virüs bulmak temizlemek kontrol et ister ayrıç bilgilenmek mail sana gelecek şekil ayarlamak bilgi olmak,0
hizmetiçi eğitim faaliyet katılım bilgilenmek website website tarih aras uzaktan eğitim olarak yapılacak website öğretmen kapsamak eğitim bağlam uzaktan eğitim tasar yönetim beceri gelişmek kurs isim hizmetiçi eğitim faaliyet kursiyer olarak alınmak faaliyet ilân edi web adres üzer takip edebilirsiniz öğretmek yetişmek gelişmek genel müdür eğitim uzaktan eğitim faaliyet olarak website adres yapılacaktır faaliyet eylül başlayacaktır katmak hizmetiçi eğitim faaliyet ait standart eğitim program http website link üzer,0
trendyol ekonomi etki araştırmak katılır değerli müşteri trendyol un türkiye ekonomi iş ortak etki ölçümlemek adına bağımsız bir araştırmak şirket politika analiz laboratuvar pal tarafından bir çalışmak gerçek türkiye ekonomi katkı ölçebilmek adına anket katılım website dakika sürecek anket katılarak gelişmek katkı sağ website anonim herhangi bir kişisel bilgi talep edilmemekte olup yanıt top olarak değerlenmek saygı,1
değer eğitim mentor yetişmek bağlam sakarya hareket aci̇l değerli arkadaş tarih ek yazı ifade edildiği üzer müdür tarafından eğitim öğretim yıl uygulamak üzer doğu marmara kalkınmak ajans sunmak değer eğitim mentor yetişmek bağlam sakarya hareket proje hibe almak hak kazanmak website doğrultu il bünye devlet okul görev yapan branş kişi olmak üzer toplam öğretmek yönelik eğitici eğitim düzen branş okul ön sınıf öğretmen ortaokul din kültür ahlak bilgi i̇lköğretim matematik sosyal bilgi türk fe teknoloji ortaokul i̇ngilizce beden eğitim eğitim yukarı branş temel eğitim kurum görev yapan hizmet yıl ilâ yıl aras kadro öğretmen başvurabilecektir müracaat edenlerin fiil olarak yönetmek görev yapmak olmak gerekmek başvuru yapacak öğretmen http website adres başvuru form tarihî kadar doldurmak gerekmek konu i̇lgi öğretmen duyurulması önem arz etmek detay bilgi ar ge birim i̇yi çalışmak,0
bedel sermaye arttırım hakan çiragöz merhaba yatırım olarak sorum hisse değer kayıp kadar göz yummak değer kayıp lara,0
ösym görev i̇şlemleri sistem akademik personel lisansüstü eğitim girişmek sınav i̇lkbahar dönem bina tercih sayın oğuz tümer akademik personel lisansüstü eğitim girişmek sınav i̇lkbahar dönem bina görev tercih süreç kapsam yapmak olmak sınav merkez bina görev tercih liste aşağı listelemek olup işlemek konmak elektronik pos bilgilenmek amaç lütfen cevaplamak,0
seviye at süper ev sahip uzak olmak beri olmak kahoot tan yeni özel güncellemek sınıf i̇şbir etkileşim öğrenmek harika hal gelmek yer süper başar kilit aç soru cevaplamak tek ekranmak öğrenci oy boy yol kalmak yardım olur tamamen yeni bir takı mod yüzmek yüzmek sanal öğrenmek i̇şbir artırır güncel dil destek bahsetmek mi kahoot şimdi fark dil mevcut güç oy artık yeni gelişmek ses gömülü soru tür yüksek ses okumak özel içermek fazla harika ürümek var şimdi indirim fiyatlamak,0
kredi başlayın kredi başlayın müşteri kul anahtar kelime ara on ulaşacağınızı öğrenin fazla,1
merhaba hoca yenilemek enerji sistem ders kapsam hazırlamak olmak asenkron generatör deney hazır rapor ek gerek arz eder saygı,0
byart sistem kontrol not ayn network üzer kamera sistem yer alıyor kamera sistem ayrı switch network üzer geçmek gerekmek sistem kul switch yönetmek girişmek seviye bir switch yönetmek port switch gerekli hp arad kul ufak ev tip switch sistem çıkarmak bilgisayar direkt olarak switch bağlantı sağ önem depo bina içinde kul ap ler website ghz desteklemek el terminal kullanım ghz uz mesafe kuvvet bağlantı iyi olabilir sistem kul sql server express ücret sürü limitasyonlarına hızlı şekil yak duru job website lerin çalışmak sql server standard geçilmesi gerekmek karşı depo kamera local network ayrı olacak şekil wifi geçilebilir outdoor anten bağlantı sağ bilgisayar gitmek network kablo sorumak görüldü sorumak yaşamak bilgisayar bağlantı mbit olmak tespit edildi can bey gerekli bilgi verildi cemal er teknik servis departmani,0
konferans sömürge i̇slam dünya bilecik üniversite rektör prof dr azim özcan in konuşmak olarak katmak sömürge i̇slam dünya konu konferans mayıs pazartesi bugün website akm program katılım beklemek,0
ahşap masa sandalye set ahşap masa sandalye set mart bahçe balkon hafta özel fırsat ürün avantaj fiyat satı alınmak,1
ege arkadaş whatsapp plan paylaşım grup merhaba arkadaş plan kolay paylaşmak veli kolay paylaşmak whatsapp plan paylaşım grup kur böylelikle mail spama diğer klâsör düşmek endişe orta kalkmak olacak i̇steyen herkes whatsapp grup katılabilir paylaşmak plan tek tuşlamak kendi sınıf whatsapp grup yönlenmek,0
beğenmek ürümek teklif var beğendi̇ği̇n ürümek tekli̇f var satilmak üzer acele et beğenmek sneaker kategori adidas marka ürün başka teklif yapmak dolap sahip teklif kabul et an satmak,1
orta öğretim kayıtmak yapmak öğrenci hakk nuretti̇n tepmek website okul öğretim yıl sınıf bitirmek orta öğretim kayıt yapmak öğrenci açık lise yemek kayıt yönlenmek öğrenci belge transkripleri kendi verildi,0
korkmazstore tencere set korkmazstore samara tencere set satı alınmak korkmazstore proline tencere set satı alınmak korkmazstore azur tencere set satı alınmak korkmazstore flor tencere set satı alınmak,1
i̇stanbul balıkesir otobüs bilet kolay almak enuygun satı alınmak i̇stanbul balıkesir otobüs bilet kolay almak,1
yks oturum temel yeter testi tyt bina tercih görev i̇şlemleri sistem sayın hüseyi̇n şi̇mşek yks oturum temel yeter testi tyt isim oturum yapmak olmak bina görev tercih liste aşağı listelemek görev gözemek salon başka bi̇nalar antalya kum yil beykonak ortaokul antalya kum ahmet avcioğlu ortaokul antalya kum bayram çi̇ftçi̇ i̇mam hati̇p ortaokul antalya kum cumhuri̇yet ortaokul antalya kum havva sedat avcioğlu fe li̇sesi̇ antalya kum kasapçayiri ortaokul antalya kum kum anadolu i̇mam hati̇p li̇sesi̇ antalya kum akdeni̇z üni̇versi̇tesi̇ kum meslek yüksekokul antalya kum atatürk ortaokul antalya kum kum anadolu li̇sesi̇ antalya kum kum farabi̇ mesleki̇ tekni̇k anadolu li̇sesi̇ antalya kum kum fati̇h mesleki̇ tekni̇k anadolu li̇sesi̇ antalya kum kum gülmek çeti̇n kaur anadolu li̇sesi̇ antalya kum kum kiz anadolu i̇mam hati̇p li̇sesi̇ antalya kum kum mesleki̇ tekni̇k anadolu li̇sesi̇ antalya kum kum şehi̇t ömer hali̇sdemi̇r i̇mam hati̇p ortaokul antalya kum kum sosyal bi̇li̇mler li̇sesi̇ antalya kum mavi̇kent durali̇ yazici ortaokul antalya kum mavi̇kent mustafa ayşe acarbulut anadolu li̇sesi̇ antalya kum mavi̇kent ramazan abaci ortaokul tercih etmek bina yerleşmek durum herhangi bir bina görev yapmak kabul et i̇yi gün dilemek,0
ödemek dekont paytr önem lütfen posta yanıtlamak soru sorun tıklamak https website ödemek dekont https website site yapmak olmak tl ödemek işlem tamam i̇şlem onay tarihî website i̇şlem numara sipariş i̇çeriği anti̇ agi̇ng göz kremi̇ yüzmek temi̇zleme köpük ödemek ekstre paytr neshlly açıklamak görünmek,0
lcwaikiki triko kazak hırka lcwaikiki lcwaikiki triko kazak hırka mevsim özel yeni sezon tasarım global moda gardırop taşmak,1
mart çanakkale zafer çanakkale şehit anmak gün eğitici merhaba arkadaş plan mart çanakkale zafer çanakkale şehit gün eğitici bir video aramak yaş grup uygu kanmak gövde götürmek açıklamak bilgilenmek iç sinmek bir video bulamak kol sıvamak bir video hazırlamak gerçi video eksik fazla zor an kksımları mutlaka olmak sonuç ilk böyle bir video denemek on bir sonra denememüzde düzeltmek rica video izleyip eksik fazla görmek kısım yazar,0
novamed teklif mektup evrak liste akdogan merhaba kâmil bey görüşmek tamamlamak fresenius medical care antalya fabrika üretim vardiya şef pozisyon teklif ek bulabilirsiniz tek,0
yüksek lisans doktora sistem anadolu üniversite yüksek lisans doktora sistem kayıtmak olmak website kimlik numara şifre site girişmek yapabilirsiniz sistem girmek sonra şifre değişmek şifre kimse paylaşmak,0
yks oturum ala yeter test ayt bina tercih görev i̇şlemleri sistem sayın hüseyi̇n şi̇mşek yks oturum ala yeter test ayt isim oturum yapmak olmak bina görev tercih liste aşağı liste görev gözemek salon başka bi̇nalar antalya kum akdeni̇z üni̇versi̇tesi̇ kum meslek yüksekokul antalya kum atatürk ortaokul antalya kum cumhuri̇yet ortaokul antalya kum havva sedat avcioğlu fe li̇sesi̇ antalya kum kasapçayiri ortaokul antalya kum kum anadolu i̇mam hati̇p li̇sesi̇ antalya kum kum anadolu li̇sesi̇ antalya kum kum gülmek çeti̇n kaur anadolu li̇sesi̇ antalya kum kum farabi̇ mesleki̇ tekni̇k anadolu li̇sesi̇ antalya kum kum mesleki̇ tekni̇k anadolu li̇sesi̇ antalya kum kum şehi̇t ömer hali̇sdemi̇r i̇mam hati̇p ortaokul antalya kum kum sosyal bi̇li̇mler li̇sesi̇ antalya kum mavi̇kent mustafa ayşe acarbulut anadolu li̇sesi̇ antalya kum mi̇mar si̇nan ortaokul antalya kum özel kum sinav anadolu li̇sesi̇ antalya kum zi̇ya gökalp yatili bölge ortaokul tercih etmek bina yerleşmek durum herhangi bir bina görev yapmak kabul et i̇yi gün dilemek,0
sınav dosya boyut küsür mb olunca rapid at nagihan başar aşağı link tıklamak slow dowload tıklamak sonra download now buton tıklamak bilmek varsaymak https website,0
an website list fiyatı website başka teklif mevcut boyner calvin klein siyah kadın sırt çanta standart website website salomon outline gtx yeşil gore tex erkek outdoor ayakkabı website website columbia powder lite mid jacket kapüşon standart kalıp düz siyah kadın mont xs website website columbia fermuar normal kalıp lacivert erkek po sweatshirt website website columbia bağ siyah erkek outdoor ayakkabı website website columbia delta ridge down kahve erkek kazmak tü şişmek mont website website columbia labyrinth loop hooded turuncu erkek mont website website die erkek saat standart website website columbia fast trek iı full zıp fleece mavi erkek po sweatshirt xl website helly hansen website siyah erkek mont xl website website columbia cascade ridge ii softshell kapüşon normal kalıp düz siyah erkek mont website website columbia mont website website columbia kapüşon düz kırmız erkek po sweatshi̇rt xl website desigual sırt çanta standart website website columbia outdoor ayakkabı website website website columbia kapüşon normal kalıp çizgi siyah kadın mont website website calvin klein siyah kadın sırt çanta standart columbia fırecamp boot siyah kadın outdoor bot website website columbia siyah erkek bot website website columbia watertight ii jacket yağmurluk website website columbia watertight ii jacket yağmurluk website website philips multigroom series arad sakal saç düzeltmek makine standart columbia dik yak düz beyaz kadın po sweatshirt website website columbia kapüşon normal kalıp çizgi siyah kadın mont xs website website,1
phevos erotik koleksiyon şimdi website yeni koleksiyon phevos indirim erotik fantazi fırsat,1
yasak site girmek artık ücret proxy gizlemek website web proxy güncel proxy proxy adres proxy surf proxy program proxy site proxy servis tamamen ücret bir şekil sunulmaktadır proxygizlen servis özel site as çerez cookie tutmak bir kayıt bulamak javascript istemek website girmek site gözükmek istemek imaj kapatmak seçmek website ğiniz site nere gelmek as bulamak website adres gizli kalır bulamak devlet yasaklamak site girmek hemen tiklayiniz proxygizlen proxy servi hoşgelmek yıl kuru proxy servis kesinti olarak site hızlı şekil ulaşmak sağ website proxy başka bir adres ulaşmak yaramak araç sitedi website gizlemek hizmet sunmak türkiye yasak site ip adres kayıtmak edilmesini istemek site proxy gizlemek üzer girebilir iz bırakmak rahat website adres yerinmek proxy adres proxy ip görü website servis özel bir tanes https proxy ssl proxy website proxy yazmak site çıkmaktadı website download yapabileceğiniz araç ktunnel proxy site bilgi paylaşmak website as bilmek site proxy olarak kul website iyi proxy site başka proxy site düşünmek bile porxy aram zaman üst yer almak kanıtıdı website program almak gerekmek yok boş yer proxy program par website ayarlari uğraşmak boş yer zaman website güncel website gizlemek sayesinde proxy değişmek dert uğraşmazsını website liste aramak yormak biliyoru website list sağlayıcılarının çoğun çalışmak içerik do olmak website proxy öyle hemen kul proxy tunnel proxy vpn hizmet sade yavaşlamak website surf yapmak yukarı kutu gitmek istemek site adres yazı buton tıklamak anonymous proxy servis aras yıl seçilmek tesadüf website proxy servis yıl çıkmak düşünür yıllamak servis verebiliyor olmak website aramak tercih etmek teşekkür eder hızlı ninja proxy youtube proxy proxy in hemen kutu website yazı girişmek yapınmak,1
english home yağdanlık catty borosilkat yağdanlık ml şeffaf english home english home yağdanlık catty borosilkat yağdanlık ml şeffaf english home yağdanlık oyster cam saklamak yağdanlık ml şeffaf english home kavanoz primo borosilkat cam kavanoz ml şeffaf english home mutfak eşya pupa plastik soyacak cm bej english home mutfak eşya liana bambu kağıt havlu cm bej english home mutfak eşya bega metal bulaşık cm gold english home kayık tabak zena cam kayık tabak cm şeffaf english home bölme çerez lup cam lı reçel cm şeffaf english home baharat drina porselen tuz biber cm beyaz english home yağdanlık bony cam yağ sirke cm şeffaf english home şiş colorist cam saklamak şiş ml mavi english home mutfak eşya mingo metal kağıt havlu cm gold english home baharat trit cam tuz biber cm şeffaf english home peçete cross kağıt li kağıt peçete cm bej english home mutfak eşya roso cam peçete cm şeffaf english home ekmek sepet arzu saban nude rattan ekmek sepet cm açık kahve english home mutfak eşya liana silikon spatula cm lila english home mutfak eşya pupa plastik çırpmak cm bej,1
seçil ürün son şans sınır stok son fırsat kaç website kadin çocuk sade gün özel adidas online shop ta geçerli stok sınır indirim fırsat kaçırmak seçil ürün sınır beden indirim yakalamak hemen ürün koleksiyon keşfetmek alişveri̇şe baş,1
ankara özel i̇yi etkin biletinial biletinial popüler etkin biletinial ankara neler var ran bilet almak taxi bilet almak koca pişirmek kadın bilet almak sen ev mi bilet almak yaşar yaşar yaşamak bilet almak godot bize gelmek bilet almak piraye bilet almak lafazans anlamak bilet almak ortak ac kerbela bilet almak,1
sayın oğuz bey i̇limizde yapılacak mülakat online olarak yapılmamaktadır,0
şırnak uludere ilçe görev talep sayın ozel kale müdür ben konya akşehir sakarya eren ilçe eren ortaokul müdür vekil olarak görev yapmak eş ek ayı yapılanmak ilk atamak sonuç şırnak uludere ilçe yunus emre ilkokul anasınıfı öğretmek olarak atamak yapıldı ek görev başlamak yaşın bir çocuk var an eş yan duru aile olarak olumsuz etkilemek sebeple ben şırnak uludere ilçe merkez ara haziran tarih aras öğretmek olarak görev talep bul website tarih sayılı talep bugün il bakan göndermek konu sayın bakan yardım orhan erdem in aile bütün adına yardım olacağını düşünmek i̇lginize şimdi teşekkür ediyorum saygı sunuyorum,0
şifre yenmek şi̇fre yeni̇leme merhaba nhcss yeni şifre oluşmak aşağı link tıklamak,0
fark yaramak program hk sayın hüseyi̇n şi̇mşek saban vâkıf tarafından toplum gelişmek katkı bulunan kişi öykü görünür kılmak fark yaramak program çevre eğitim ekonomik gelişmek sağ toplum adalet yurttaş katılım fark kategori fark yaramak aramak deva ediyor son başvuru tarihî kasım başvuru link website detay bilgi ek,0
ceo muz bir mesaj var busuu merhaba msl ekip olarak ukrayna deva savaş ötürü dermek bir üzüntü duyuyoruz haber inanmak göz takip ediyor el gelmek yardım olabilmek yapabiliriz düşünmek an birçok ukrayna dil bilmek ülke bulunmak iletişim kuramamak on fazla sıkıntı veri olmak değişmek yar etmek istemek savaş etkilemek ukrayna artık busuu premium üye üç ay boy ücret erişebilirler uygulamak web üzer dil dâhil umar ukrayna misafir olmak ülke konuşmak dil temel herhangi bir ücret ödemek kavramak olanak sağ busuu dünya dört bir yan ara katı top oluşmak öğrenci var zaman gurur duyuyor şimdi birlik olmak zaman rica önem mesaj an ihtiyaç olmak düşünmek i̇nsa paylaşmak kadar ufak bir jest olmak ücret dil destek yer edilmiş insan an bulunmak yer kendi rahat hissetmek bir nebze destek olacağına inanmak aşağı ukrayna kaydolmak lehçe i̇ngilizce almak i̇spanyolca dâhil olmak üzer toplam dil kurs erişim sağlayabilecekleri i̇lgi fazla bilgi bulabilirsin dil ara bir inanmak barış kısa süre sağ dilemek,1
cska fenerbahçe beko maç akşam sana özel fırsat kaçırmak turkish airlines euroleague dev karşılaşmak ev kıyasıya iz turkish airlines euroleague heyecan doruk hafta maç bura bein connect coşku ortak olmak sezon son kadar maç sade tl,1
çeşit çeşit mevsim özel ürün lcwaikiki çeşit çeşit mevsim özel ürün mevsim özel yeni sezon tasarım global moda gardırop taşmak,1
merhaba nagihan eşarp türban aramak fazla fikir pinterest nagihan yeni pi bulduk etkin göre eski̇yen kazak kumaş süperrrr geri̇ dönmek website fazla pi göstermek nagihan sunmak öneri iyi yardım,1
tescil plaka yazılamak ceza ileti yüksek önem derece göndermek devlet kapı email website paz devlet kapı tescil plaka yazılamak ceza sn hüseyi̇n şi̇mşek plaka araç website tarihî trafik idarî par ceza karamak tutanak tanzim edilmiştir detay bilgi website adres ceza detay bilgi devlet kapı emniyet genel müdür sayfa araç plaka yazılamak ceza sorgulamak hizmet gitmek tıklamak,0
proje ad merkezlerideki güç proje hakk sanat merkez müzik merkez blok merkez dramatik oy merkez fe doğa merkez kitap merkez sınıf başlıca merkez bizde proje sınıf merkez çeşit etkin öğrenmek süreç gerçekleştireceğ website ortak burcu yıldız morgül website özyeğin anaokulu eyyübi muhsin yenmek kömür i̇lkokulu döşemek seval çetin köşker i̇lkokulu demre nihal şen albay süleyman külâh döşemealtı nurten tel arslanbucak anaokulu kemer enes halil hata köşker i̇lkokulu demre selma kesi cumhuriyet anaokulu ümraniye hilâl tura osma önal i̇lkokulu korkuteli kuru nagihan şimşek demre atatürk i̇lkokulu kuru,0
kaçırmak şahane i̇ndirimler başlamak pierre cardin website cardin şahane indirim özel fiyat başlamak tl üzer alışveriş kargo bedava,1
sana özel sıkmak sıkmak yeni telefon almak uz zaman kul bir iphone tercih eder şimdi iphone se özel tl indirim iphone geçişmek yapınmak,1
i̇lk ders okumak makale merhaba i̇lk ders okumak makale website soru cevap interaktif iş mikrofon takı olmak gerekmek kolay gelmek ek dosyalamak dosya,0
ders ek silmek i̇i̇bf sağ yönetim öğretim sınıf öğrenci ders ek silmek hafta iş sağlık güvenlik seçmek ders silmek hal hal sistem gözükmek öğrenci iş kendi sistem silmek söylemek sistem silmek gerekmek konu i̇lgi yardım olmak rica ediyorum,0
samsung büyük tv gün mart tarih aras samsung büyük tv gün ni kaçırmak hemen satı alınmak site gitmek,1
kpss ales dgs ezberbozan paragraf soru banka pegem akademi kitapseç kpss ales dgs ezberbozan paragraf soru banka pegem akademi kpss ezberbozan tarih soru banka video çözüm pegem akademi yayın tyt kral karma deneme kral karma bes yayın kpss tarih tamam çözüm soru banka ben hoca yayın ayt matematik deneme sınav alt karma yayın tyt paragraf konu özet yeni nesil soru banka tamam video çözüm marka yayın kpss ales dgs paragraf çıkmak soru yediiklim yayın yks ayt ün karma deneme ün yayın tyt paragraf deneme tamam video çözüm marka yayın kpss coğrafya bordo deneme çözüm mehmet eğitmek acil matematik limit türev acil yayın günlük planlayıcılı cetvel etiket stickerlı yapışkan not kâğıt set not yaz tyt fark yay fark deneme çıkmak soru hediye alt karma ben kirk made mil i̇thaki yayın karantina üçüncü perde beyza alkoç i̇ndigo kitap kpss coğrafya nın amiral soru banka eko tamam çözüm mehmet eği̇t günlük planlamak defter fragman yayın kpss türk deneme çözüm pegem akademi yayın tyt matematik soru banka üç dört beş yayın tyt türk li deneme üç dört beş yayın ayt ün karma deneme ün karma kpss coğrafya video ders not ben hoca yayın tyt matematik deneme tamam video çözüm marka yayın karışık pastel renk fotokopi kâğıt notyaz,1
mustafa algın fakülte yönetim kurulu karar ek öğrenci iş süleyman güve bey mail at halletmek muhtemelen ana kampüs yönlenmek,0
bölgesel volatilite sıcak par tradingview hafta özet imf ukrayna daki gelişmek bağ olarak finansal piyasa artan belirsiz gelişmek ülke sermaye çıkış artırabileceğini belirtmek top fikir destek stop direnç başlıca coinlerde ön anlatmak olmak indikatör sistem oluşmak destek direnç belirtmek img takmak fikir aç,1
alışveriş memnun kalmak website merhaba sipariş ürün alışveriş deneyim memnun kalmak merak ediyoruz,0
bi̇mer başvuru cevap website çar no başvuru website tarihî cevaplamak,0
ufuk yeni bir ev görünmek armut i̇htiyaçlarında yan yeni evin taşınmak süreç kolaylıkla halletmek gönlünce yaşamak ihtiyaç armut yan,1
ön kayıtmak onay sayın etwinning i̇lgi dolayı teşekkür eder kayıt tamamlamak lütfen aşağı bağlantı tıklamak kendi okul hakk bilgi vermek sağlayacaktır https website bağlantı sorumak var kopyalamak taramak yapışmak etwinning kayıt değil lütfen mesaj önemsemek soru lütfen email adres pos gönder saygı etwinning ekip,0
dev indirim kaçırmak bir köşe harika olmak aliexpress iyi seçim seveceğiniz ürümek jansite inç website arap dvr dokunmatik led şerit işık rüya renk lig yeni akıl saat erkek tam do smartwatch artı akıl saat siri ai led şerit işık usb bluetooth tws bluetooth website kulak şarj ku lenovo pro tws bluetooth website kulak website yeni ekranmak akıl saat za saf sinüs dalga invertör dc ac,1
hüseyin i̇novatif ürün tanış decathlon decathlon merhaba hüseyin yapmak spor seviye olur olmak ürümek gam antrenman yeni bir soluk katacak inovasyon sahip ürün keşfetmek yapmak gerekmek tek sana uygu inovatif ürün seçmek i̇novati̇f ürünleri̇ keşfetmek,1
ders duyuru ders saat önce hafta talep doğrultu ders başlayacaktır hali̇l i̇brahi̇m cebeci̇,0
es jet hoş gelmek es jet image an image oğuz tümer essenjet hoşgelmek essenjet in avantaj dünya yararlanmak hemen aşağı buton basmak alışveriş başlayın site gitmek,1
yeni bir cihaz konum geçmiş katkı bulunmak merhaba hüseyin ön google hesap konum geçmiş etkin ayrıç artık konum geçmiş katkı bulunmak yeni bir cihaz kısa süre ön oturum aç konum geçmiş google in kişisel bilgi sunmak sağ aras ziyaret etmek yer temel ala öner iş gitmek gelmek süre kısalmak sağlayacak ipuç önermek rota yer alır,0
çiçeksepeti komisyon sıfır çiçeksepetinde komisyon reklâm bütçe fırsat kaçırmak,1
ara ekstre servi ileti güvenmek bir göndermek geliyor zi̇raat bankasi website cum sayın no kart ait ara ekstre ekli pdf dosya dönem borç son ödemek tarihî aşağı belirmek,0
visa kart alışveriş yapmak indirim kapmak tl üzer alışveriş visa kart kul tl indiri kazan seçil ürün geçerli büyük indirim yakalamak,1
ci̇mer başvuru cevap cumhurbaşkan i̇letişim merkez sayın website cumhurbaşkan i̇letişim merkez ci̇mer website tarihî yapmak olmak sayılı başvuru website tarihî şirnak uludere devlet hastanesi̇ başheki̇mli̇ği̇ tarafından cevaplamak cumhurbaşkan i̇letişim merkez yapmak sayılı başvuru ince başvuru kimlik bilgi gizlemek yapmak bulunmak ancak başvuru belirtmek olmak konu i̇lgi olarak yetki makam tarafından kimlik iletişim bilgi ihtiyaç duyulabileceği değerlenmek taraf uygu görülmesi hal başvuru kimlik bilgi gizlemek yeni yapmak husus bilgi rica eder not ayn konu ilişki yapacağınız ikinci başvuru yön tekrar bir değerlenmek yapılmaksızın işlemek alınmak yetki makam sevk edilecektir başvuru i̇lgi işlem ci̇merin i̇nternet adres takip edebilirsiniz,0
sütyen tl başlayan fiyat pierre cardin lingerie tl üzer alışverinizde kargo bedava,1
hizmetiçi eğitim plan kapsam i̇htiyaç duyu eğitim görev nuretti̇n tepmek ortaokul hi̇zmet i̇çi̇ eği̇ti̇m kurslarinda görev almak i̇steyen personeli̇mi̇z yok,0
şi̇mdi̇ düşünmek zamani website pzt merhaba erdoğan bey sakarya hüseyin şimşek ankara gelişim website perşembe gün saat aras olumsuz bir duru olmak müddet dönmek mayıs pazar gün saat sakarya vib turizm seyehât ede,0
çocuk bayram sevinmek mikado çocuk tan çift bayram hediye mikado çocuk tan çift bayram hediye alex oyuncak indirim ayrıç anı tl hediye çek i̇ndirim kod çocuk bayram sevinmek i̇ndirimli ürün stok sınır i̇ndirim bayram birinci gün temmuz son erecektir hediye çek tl üzer alışveriş geçerli kullanım ödemek sayfa indirim kod i̇lgi ala yazman yeter,1
artık beklemek istemek mary merhaba umar ben hatır ön konuşmak ayn bölge geliyoruz ben posta verdi bekar olmak sen iletişim kurmak istemek buluşalım ben gelmek ister mis böyle ben sert bir tane verebilirsin kendi sıcak hissetmek ben ihtiyaç olanı verebilir mis ge sıcak sayfa ücret bir profil oluşmak http website taviz bir tarih ayarlamak ben hatırlamak bura çıplak fotoğraf görebilirsiniz mary yi öpmek duymak sabır,1
nuretti̇n tepmek ortaokul seçi̇m görev talebi̇ haziran milletvekili seçim okul görev almak isteyen personel liste ek sunulmuştur arz eder,0
ürün kargo verildi tam teslimat website ki̇tap ki̇tap fi̇lm müzi̇k elektroni̇k oy konsol kirtasi̇ye ki̇şi̇sel ürümek hobi̇ outdoor hobi̇ oyuncak sayın nagihan şimşek gönder hazır ürün kargo teslim edilmiştir sipariş detay süreç kargo hareket sayfa takip edebilirsiniz kargo gönder numara sipariş ait ürün kargo teslim edildikten saat sonra sipariş takip sistem aktif olup görülebilecektir ayrıç kayıt cep telefon numara kargo firma tarafından kargo durum ait bilgilenmek sms gö website tercih etmek teşekkür eder keyif alışveriş website web ekip kargo teslim edi ürümek ler suç ceza hasa ali yücelmek klâsik barış kitap takı atlas kıt deniz kültür aras yolcu rehber teslim edilmeyi beklemek ürümek ler,0
atamak sayın vekil şubat atamak heyecan deva ediyor şubat bin öğretmek atamak talep karşılamak yadsımak bir gerçek şubat website öğretmek atamasi i̇stiyoruz grup bin civar öğretmek geçen gün artan baskı rakam artmak yön mücadele ediyor açık sayı bin ocak emek ayırmak öğretmek sayı şubat ayı bin öğretmek atamak sonra oluşacak tablo açık sayı website seviye inmek şubat bin atamak sayı açık sayı azalmak katkı sağlamak atamak konu destek beklemek teşekürler,0
asker duru belge devlet kapı asker duru belge i̇lgili kişi dikkat asker duru belge ileti ekin website pos ileti i̇lgi olmak düşünmek lütfen dikkat almak silmek bilgi sunar iyi gün dilemek,0
şimdi ücret rezervasyon yapınmak antalya i̇lçelerinden havaliman gün saat ekonomik transfer hemen bulmak,1
kütahya porselen sanayi arşiv fatura fatura sn yetki tarih faturaniz ek sunulmustur fatura tutariniz try yan baglantiya tiklayarak faturanizi inmek kütahya porselen sanayi website,0
veteriner petshop harcamak taksit fırsat bankkart veteriner pet shop harcamak taksit fırsat mart tarih aras bankkart an veteriner pet shop hizmet vere üye işyer gerçek tl üzer harcamak taksit işlem ek taksit fırsat yarar,1
oguz ay ücret youtube premium deneme bugün başlayın youtube premium dünya keşfetmek reklâm video arka plan oynamak çevrimdışı izlemek inmek özel youtube music premium tam erişim keyf çıkar ay ücretsi̇z reklâm arka plan oynamak kesinti izleyin youtube içerik ekranmak kilit diğer uygulamak kul dâhi oynamak deva etmek sağlayın çevrimdışı izlem keyf inmek video kaydetmek istemek zaman i̇nternet bağlantı gerekmek duymak oynamak youtube music uygulamak youtube premium erişim keyf çıkar reklâm müzik dinlemek kişisel oynamak liste inmek yeni çıkan müzik keşfetmek ay ücretsi̇z,1
ders saat hoca merhaba hoca yar bde bilim teknoloji ders saat ayn olacak yoksamak akşam olacak akşam olacaksa ben ikinci ödev sunum yapabilirim teşekkür,0
sayın no kart ait mart ekstre ekli pdf dosya dönem borç son ödemek tarihî aşağı website tutmak usd tutmak dönem borç asgari ödemek tutar son ödemek tarihî saygı pdf biçim gönderi kredi kart ekstre görüntü adobe reader yazılım kul gerekmek,0
slazenger kadın giyim slazenger kadın giyim kadın giyim aksesuar ürün büyük i̇ndirimli fırsat kaçırmak,1
website satınalmak i̇dari iş toplantı not i̇yi gün trafo fiyat tedarik sıkışmak jeneratöe fiyat tedarik sıkışmak sarf talep sistem üzer yürümek alt yapı eksik gidermek stok kart eksik talep yetki olanlara eğitim içerik website hafta bitmek sarf stok malî değer olası dayanım süre website yıl sarf bütçe oluşmak güvenlik route rota zaman oluşmak website palet tamir takip edilecek mücahi̇t avanaş satinalma yetki̇li̇si̇,0
ödemek onay sure kitap ödemek onay alışveriş teşekkür eder aşağı sipariş ait bilgi görüntüleyebilirsiniz sipariş özet eğitim etki i̇letişim ay eğitim etki i̇letişim tl toplam tutar tl ödemek tür kredi kart tek çekim okur lisans i̇ndirme alan giderek öncelikle işletim sistem uygu yazılı inmek kurman gerekmek sonra ayn ekran lisans i̇ndirme sekmek e-posta ekin bulunan lisans cihaz inmek aktif gerekmek adım tamamlamak sonra kitap alan satı almak olmak kitap cihaz inmek satı almak lisans süre okuyabilirsiniz soru email adres üzer sürelikitap sayfa üzer dijital kitap kiralamak tercih etmek teşekkür eder keyif okumak dilemek,0
son gün yeni galaxy tab ultra kural se yaz samsung electronics website üzer yapmak sevmek iyi yapmak taramak görüntüleyin samsung galaxy tab ultra mart ta ön sipariş başlamak hayali proje çılgın fikir kolay sergilemek bir tablet hayal et yeni galaxy tab ultra iş eğlence büyümek mart gün saat dakika sayaç,1
siparisiniz alınmıstır sipariş hesap müşteri hizmet merhaba nagihan şimşek si̇pari̇şi̇ni̇z ali sipariş numara alışveriş teşekkür eder sipariş dair detay aşağı görebilirsiniz sipariş kargo verildiğinde bilgilenmek,0
tatilbudur er rezervasyon festival er rezervasyon festival yemek varan i̇ndirim fırsat tatilbudur website alınmak,1
önemli̇ aci̇l erasmus proje eğitim değerli arkadaş sakarya i̇l millî eğitim müdür proje ekip tarafından sakarya plan ulu ajans uzman verilecek okul eğitim alan i̇lgi eğitim başvuru form http website adres yayımlamak eğitim ara salı gün gerçek eğitim yer ara pazartesi gün http website adres bilmek eğitim erasmus program proje hazırlamak düşünmek öğretmek yönetmek yönelik kontenjan sınır katılım görev izin onay alınmak okul eğitim stratejik ortak eğitim büyük kısım program i̇lgi okul eğitim personel birey hareket eğitim kısa bir bölüm yer verilecektir son başvuru tari̇hi̇ aralik pazartesi̇ kesi̇n katilimci li̇stesi̇ aralik pazartesi̇ website te http website adres ilân edilecektir,0
ankara nın favori su marka elmacıksu hepsiexpress te hepsiexpress ankara favori elmacık su kapı ilk damacana indirim hepsiburada,1
meb pos adres doğrulmak posta ckxtucy referans üremek pos adres doğrulmak kod,0
yks oturum yabancı dil testi ydt bina tercih görev i̇şlemleri sistem sayın hüseyi̇n şi̇mşek yks oturum yabancı dil testi ydt isim oturum yapmak olmak bina görev tercih liste aşağı liste görev gözemek salon başka bi̇nalar antalya kum kasapçayiri ortaokul antalya kum kum gülmek çeti̇n kaur anadolu li̇sesi̇ tercih etmek bina yerleşmek durum herhangi bir bina görev yapmak kabul et i̇yi gün dilemek,0
sınır sayı jogflow koşu ayakkabı kaçırmak merhaba hareket özgürlük rahat tarif edilemez bir deneyim yaşamak hazır esnemek çentik sayesinde adım ayak hareket sağ sade online satmak özel sınır sayı koşu ayakkabı keşfetmek aşağı link tıklamak,1
tepetarla ilköğretim okul karasu sakarya bilmek teknoloji sınıf arıza bilgisayar var servis gelmek olup i̇lsis arızabildirim takip sistemindedeki şifre kul gerekmek veri şifre kabul etmek kul ad şifre servi̇s şua bura bulunmak kisa süre cevap verebi̇li̇rseni̇z memnun olur,0
i̇zninizi i̇stiyoruz ad ad çocugunuzu eğlenmek eğitin gelişim plan destekleyin merhaba mikado yayın firma ait ad ad mikado mikado çocuk i̇şbir olmak diğer marka tanıtı bilgilenmek fırsat önceden vermek olmak iz taraf mail olarak göndermek,1
defacto kadın erkek giyim şık trend giyim moda defacto beklemek,1
paket kargo verildi hepsiburada sipariş hepsipay cüzdan kul hızlı ödemek kazan i̇ncele paket kargo verildi ek çarşamba gün belirtmek adres teslim edilecektir,0
msü bina tercih görev i̇şlemleri sistem sayın oğuz tümer msü isim oturum yapmak olmak bina görev tercih liste aşağı listelemek görev gözemek salon başka bi̇nalar kocaeli̇ i̇zmi̇t ali̇kahya fati̇h ortaokul kocaeli̇ i̇zmi̇t kocaeli̇ fe li̇sesi̇ kocaeli̇ i̇zmi̇t mi̇mar si̇nan ortaokul kocaeli̇ i̇zmi̇t hazi̇ran ortaokul kocaeli̇ i̇zmi̇t atatürk ortaokul kocaeli̇ i̇zmi̇t kasim anadolu li̇sesi̇ kocaeli̇ i̇zmi̇t i̇bni̇ si̇na anadolu i̇mam hati̇p li̇sesi̇ kocaeli̇ i̇zmi̇t i̇zmi̇t edebali̇ ortaokul kocaeli̇ i̇zmi̇t yunus emre kiz anadolu i̇mam hati̇p li̇sesi̇ kocaeli̇ i̇zmi̇t zübeyde hani mesleki̇ tekni̇k anadolu li̇sesi̇ kocaeli̇ i̇zmi̇t yildirim mesleki̇ tekni̇k anadolu li̇sesi̇ kocaeli̇ i̇zmi̇t yahya kaptan mesleki̇ tekni̇k anadolu li̇sesi̇ kocaeli̇ i̇zmi̇t şehi̇t selçuk gökdağ ortaokul kocaeli̇ i̇zmi̇t şehi̇t özcan kanmak fe li̇sesi̇ kocaeli̇ i̇zmi̇t şehi̇t alper almak ortaokul kocaeli̇ i̇zmi̇t muammer dereli̇ fe li̇sesi̇ kocaeli̇ i̇zmi̇t neci̇p fazil kisakürek anadolu i̇mam hati̇p li̇sesi̇ kocaeli̇ i̇zmi̇t mehmet aki̇f ersoy kiz anadolu i̇mam hati̇p li̇sesi̇ kocaeli̇ i̇zmi̇t koü teknoloji̇ kocaeli̇ i̇zmi̇t koü spor bi̇li̇mleri̇ fakültesi̇ tercih etmek bina yerleşmek durum herhangi bir bina görev yapmak kabul et i̇yi gün dilemek,0
give urgent attention i̇yi gün merhaba ben ad bay james agdad rahmetli akraba avukat şimdi ayn ülke ayn soyadı sahip geç akraba fon talep iletişim geçiyorum olumlu bir yanıt almak fazla bilgi prosedür göndermek cevap beklemek saygı james agdad,1
değerlenmek üçüncü hafta sunu i̇lgili merhaba ödev vize not sunu performans hazırlamak sunu içerik verilecektir final hafta işlemek makale sınav olacaktır makale sunar açıklamak destekleyici ilâve kaynak fayda ancak öncelik makale anlamak yorumlamak olmak gelecek hafta sunu mücahit tandoğan cengiz yaman gerçek kolay gelmek künye gündüz resul nesne i̇nternet gelişim bileşmek uygulamak alan pamukkale üniversite mühendis bilim dergi,0
i̇yi akşam hoca sağ yönetim sınıf yasin şimşek website i̇ş sağlık güvenlik sertifika ni okul alıp taraf teslim edemedim ilmek dış ikamet ediyorum ay sinavlar iptal olmak okul gelemedim evrak teslim i̇lgi zaman kısıt var konu yapmak yar son gün mesaj gelmek yar hastane nbtciyim,0
değerli yatırım araştırmak müdür yardım kudret ayyildir şimdi youtube can yay tarım dış i̇stihdamın fiyatlamak üzer olası etki ni değerlenmek can yay aşağı link tıklamak hemen katmak i̇lginiz teşekkür saygı,0
standart fit günlük rahat fermuar yak po spor sweatshirt slim fit dar kesi bisiklet yak li tişört paket standart fit günlük rahat fermuar yak po spor sweatshirt standart fit kanguru cep kapüşon sweatshirt standart fit normal kesi kapüşon yak düz sweatshirt standart fit günlük rahat fermuar yak po spor sweatshirt standart fit rahat kesi fermuar dik yak sweatshirt standart fit bisiklet yak desen triko kazak standart fit polo yak sweatshirt standart fit yar balık yak triko kazak standart fit normal kesi polo yak sweatshirt standart fit yar balık yak triko kazak standart fit bisiklet yak basic triko tailored slim fit dar kesi düğmek yak kare gömlek standart fit tam fermuar dik yak po sweatshirt standart fit kapüşon sweatshirt,1
kadir bey merhaba ybs yuksek lisans uzaktan egitim öğrenci transkript yönetim bilmek sistem ders gözükmek diğer arkadaş çıkıyor sorumak olmak bakabilirmisiniz ögr no,0
midex plx seri piyano yonka yenilemek plx piyano model kaçırmak emaili göremiyorsanız lütfen tıklamak,1
kütüphane uygulamak kul eğitim şubat değerli kul bahar dönem kütüphane olarak gerçek planlamak eğitim içerik katılım bağlantı aşağı bulabililirsiniz tarih şubat çarşamba saat website katılım bağlantı https website eğitim i̇çeriği kütüphane web sayfa katalog taramak kütüphane hesap kampüs dış erişim veri taban kaynak ara kitap i̇ndirme katılım sayı kişi sınır uygulamak kul eğitim takvim https website sağ iyi gün dilemek,0
geri sayı başlamak ön sipariş son saat galaxy seri standart öte bir deneyim hazır olmak taramak görüntüleyin samsung galaxy seri mart ön sipariş başlamak galaxynin yeni aile galaxy seri buluşmak kalmak ön sipariş özel avantaj yararlanmak standart öte geçmek şimdi kayıtmak olmak kural se yaz,1
yeti̇şti̇rme kurslari eğitim öğretim yıl açılamak kurs sayı ders öğrenci sayı öğrenci kapanmak i̇tibari katı öğrenci sayı öğrenci,0
bayram merhaba arkadaş kadar ön hafta bayram hafta resmi olarak tatil olmak veli bir bayram plan oluşmak i̇çine normal etkin yan sır bayram etkin ayn zaman engel hafta olmak sebebiyle bir engel hafta etkin eklemek yine resmi olarak tatil olmak sebebiyle değerlenmek rapor vb sayfa eklemek sade veli göndermek günlük akmak hazırlamak ayrıç normal yapmak günlük akmak hazırlamak bayram gün plan göndermek istemek günlük bülten bir hafta bir bülten hazırlamak kul isteyen olur paylaşmak,0
almak ödemek özel fırsat hemen tıklamak website sağ güzel ürün özel kampanya kaçırmak avene kampanya avene ürün sepet ekstra indirim âdet sınır alışveriş baş babe kampanya babe ürün almak ödemek stok sınır son gün mart alışveriş baş ducray kampanya ducray ürün sepet ekstra indirim âdet sınır alışveriş baş bionike kampanya bionike ürün sepet ekstra i̇ndi̇ri̇m stok sınır son gün mart alışveriş baş nascita kampanya nascita ürün sepet ekstra indirim stok sınır son gün mart alışveriş baş,1
spotify premium ay ücret denemek spotify premium sonbahar kapı spotify premium teklif hal yarar ay ücret bireysel duo öğrenci aile aras sevmek premium plan seçmek premium avantaj tat çıkarmak ay ücretsi̇z denemek,1
değerli müşteri öncelikle sipariş yer ala ürümek tedarik süreç yaşamak gecikmek özür dilemek ürün tedarik kargolama duru hakk gerekli kontrol sağ kısa süre içeri taraf detay bilgi vereceğ website beklemek üye sayfa gün kullanım sürel tl lik hediye çek tanımlamak yapılmıştır göstermek olmak anlayış teşekkür eder saygı,0
sayın nagi̇han şi̇mşek e-posta arşiv fatura kapsam taraf kesi no fatura göndermek fatura aşağı link görüntüleyebilir yazmak fatura özet fatura düzenlemek kukla toyzz ic dis ticaret website fatura tarihî evrak no evrak tutar i̇yi çalışmak,0
aile cilt dost yeni omo bio sensitive sıvı çamaşır deterjan şimdi i̇ndirimli omo türkiye email pazarlamak tanıtı amaç pos gönderim iptal lütfen tıklamak unilever sanmak tic türk büyük mükellef vd saray mah dr adnan büyükdeniz cad no ümraniye i̇stanbul i̇letişim telefon i̇letişim email email gizli politika çerez politika yasal uyari unilever marka elektronik iletişim iz vermek posta almak kişisel veri kor kanu aydınlatmak metin tıklamak,1
ali demirel ödev nisa demirel anne adi aynur bap adi fatih kardeş adi nisa dayi adi salih amca adi ergünay teyze adi hacer saynur hal adi serap,0
aile birey tanımak merv çeli̇k ben ad merv çelik kız kardeş ad zeynep çelik abi ad umut çelik anne ad tuğba çelik baba ad çelik küçük amca ad barış çelik hala ad kader çelik büyük amca ad fatih çelik dede ad yılmaz çelik babanemin ad nuran çelik teyze ad şükriye sayın day ad i̇brahim civan,0
ev macera ücret uygulamak google play ev çıkmak dünya keşfetmek günlük macera doz almak uzak gitmek gerekmek yok telefon alınmak mahalle yeni keşfetmek koltuk kalkmak seyahat çıkı bir müze sanal gezinti yapınmak,1
minimba i̇şletme yönetmek sertifika program hediye çek mesaj göremiyorsanız lütfen tıklamak lütfen email adres güvenmek adres liste kaydetmek campus online mi mba sertifika program mi mba sertifika program online mi mba sertifika program türk iş dünya yakı üniversite tobb ekonomi teknoloji üniversite güç akademik kadro bilgi deneyim hazır hediye çek kampanya ilk kişi fayda kul mi mba sertifika program sepet eklemek sonra sepet ekran çek promosyon kod kul bağlantı tıklamak açılamak kutu yazmak anı indirim kazan online eği̇ti̇m i̇çeri̇ği̇ mi mba sertifika program aşağı ana baş yer ala online eğitim modül oluşmak türki̇ye gi̇ri̇şi̇mci̇li̇k yöneti̇m organi̇zasyon pazarlamak yöneti̇mi̇ satiş satiş yöneti̇mi̇ üreti̇m i̇şlemler yöneti̇mi̇ muhasebe fi̇nansal yöneti̇m mali̇ tablo anali̇zi̇ ri̇sk geti̇ri̇ portföy yöneti̇mi tedari̇k zi̇nci̇ri̇ yöneti̇mi̇ i̇nsan kaynaklari yöneti̇mi̇ i̇ş hukuk ti̇caret hukuk proje yöneti̇mi̇ müzakere tekni̇kleri̇ ki̇mler katilabi̇li̇r şirket yönetmek yönetmek aday şirket çalışmak kendi iş kurmak isteyen girişim kendi iş kurmak isteyen yeni mezun öğrenci kamu çalışmak yönetmek,1
vodafone website vodafone red geçmek tam zaman bol gb lı vodafone red tarife tl başlayan fiyat hemen başvurmak,1
i̇yi fiyat el araç vavacars website i̇yi fiyat el araç detay ekspertiz geçirilmiş tam güvence sahip el araç kapı teslim,1
kpss ales dgs ezberbozan paragraf soru banka pegem akademi günlük planlayıcılı cetvel etiket stickerlı yapışkan not kâğıt set not yaz tyt kral karma deneme kral karma bes yayın tyt paragraf konu özet yeni nesil soru banka tamam video çözüm marka yayın ayt matematik deneme sınav alt karma yayın kpss matematik geometri deneme çözüm pegem akademi yayın kpss ezberbozan tarih soru banka video çözüm pegem akademi yayın acil matematik limit türev acil yayın kpss ales dgs paragraf çıkmak soru yediiklim yayın tyt fark yay fark deneme çıkmak soru hediye alt karma karantina üçüncü perde beyza alkoç i̇ndigo kitap tyt türk li deneme üç dört beş yayın kpss coğrafya nın amiral soru banka eko tamam çözüm mehmet eği̇t kpss türk deneme çözüm pegem akademi yayın ben kirk made mil i̇thaki yayın karışık pastel renk fotokopi kâğıt notyaz tyt matematik soru banka üç dört beş yayın kpss lise önlisans genel yetenek genel kültür tamam çözüm soru banka set pegem yayın dgs sayısal konu özet soru banka yayın günlük planlamak defter fragman yayın kpss tarih video ders not ben hoca yayın tyt deneme pegem akademi yks ayt fizik soru banka üç dört beş yayın,1
sakarya ilmek müftülünce açılacak görmek engel yönelik kur an kerim temel din bilgi kurs okul katmak görmek engel öğrenci yok,0
mal hülya nisa blutvde blutv sır ahenk gizlemek mis toprak sıra beklemek açık çıkmak alef mal hülya nisa blutvde hemen üye olmak,1
sütyen tl başlayan fiyat tl üzer alışverinizde kargo bedava,1
avon ürün tekrar bakmak ister mis süper fırsat se beklemek se beklemek ürün var süper fırsat kaçırmak ihtiyaç tamamlamak,1
satı elektrik otomobil araba yeni konmak yıl elektrik otomobil satmak patlamak yaşamak yıl satı elektrik otomobil sayı âdet fakat yıl bakmak sayı yüzde artış göstermek yıl satı elektrik otomobil sayı bin olarak gerçek yeni çıkan model birlik elektrik otomobil yıl hızlı bir girişmek yapmak i̇şte satmak elektrik otomobil liste,1
gelecek hafta sunu merhaba gelecek hafta metin furkan yusuf hüseyin sunacak ders aktif katmak mikrofon hazırlamak metin okumak beklemek kolay gelmek metin künye ak büyük veri uygulamak alan analitiği güvenlik boyut bilgi yönetim ek dosyalamak dosya çağ edi̇z,0
selam sedat bey detay hkan bey iyi bilmek laki ben özetleyecek olur sosyal medya reklâm rapor olacak şekil ay geri dönü website rapor şekil ay geri dönük i̇ngilizce tanıtı film mi profesyonel video çekim dk i̇ngilizce katalog âdet sayfa şek i̇lgili konu alaka fiyat teklif beklemek değinmek bir kısım var eklemek üzer finans yönetmek ufuk beyide cc eklemek,0
sur yapı tatil ev antalya sur yapı sur yapı tatil ev antalya devre mülk seçenek özlemek dört dörtlük tatil doyasıya yaşamak,1
uygulamak sınır gb vodafone website uygulamak sınır gb bol gb lı vodafone red tarife tl başlayan fiyat hemen başvurmak hemen başvuru,1
meb pos adres doğrulmak posta website salmak ckxtucy referans üremek pos adres doğrulmak kod,0
i̇ndi̇ri̇m şans el alet takım aliexpress özel güvenlik ürün bura aliexpress i̇ndirimde try website try website try website try website try website try website hemen satı almak görmek değer fırsat beklemek özel fırsat,1
halkbank tan alt gün halkbank değerli müşteri kuyumcu alt değerlemek sistem kad si̇s gün alt gün gram çeyrek yar cumhuriyet bilezik kolye vb çeşit saf fizikî altın gün şube sınırlamak olmak dilemek zaman an alt değerlemek nokta getiri ayar gram karşılık olarak halkbank vade alt hesap güve saklamak,1
visa kart i̇lk kaydetmek tl i̇ndirim visa kredi kart trendyol ilk kaydetmek tl indirim kampanya yarar trendyol alışveriş yapmak visa kredi kart kaydetmek tl değer indirim kod ocak tahesabında,1
duygu han merhaba teklif mektup onay ek diğer evrak tamam taraf bilgilenmek yapılacaktır i̇yi çalışmak dilemek,0
sipariş teslim edildi ki̇tap ki̇tap fi̇lm müzi̇k elektroni̇k oy konsol kirtasi̇ye ki̇şi̇sel ürümek hobi̇ outdoor hobi̇ oyuncak sayın nagihan şimşek web mağaza vermek no sipariş teslim edilmiştir tercih etmek teşekkür eder saygı web ekip,0
ev arap iphone kazanmak fırsat kaçırmak ev arap iphone kazan form dolmak i̇stanbul daire fiat cross iphone kazanmak şans yakalayın,1
nuretti̇n tepmek ortaokul okul hayat olmak okul hayat olmak projesi̇ kapsaminda okul yapilan faali̇yetler proje kapsam okul orman bölge müdür tarafından fidan dik âdet ara hazır çi̇m metrekare ara belediye oy alan çizgi fark oy ala çizim eylül yapılmıştır arz eder,0
eren ortaokul eği̇ti̇m bi̇nalari veri̇ gi̇ri̇şi̇ okul veri̇ gi̇ri̇şleri̇ tamamlanmiştir,0
teknoloji i̇novasyon diğer linkedin düşünce paylaşmak linkedi hüseyin şimşek ağ ön çıkanlar teknoloji i̇novasyon teknoloji i̇novasyon website followers kuruluş bugün fazla firma tarafından bin üzer teknoloji yetenek değerlenmek fazla görmek yorum fazla okumak resmi görüntülemek website website website followers i̇nsan kaynak eğitim genel müdür yardım caglayan kâr i̇ngev in mart ta online fazla görmek beğenmek fazla okumak website followers mart ta the game is on dijital oy sektör kariyer yaramak buluşuyoruz covid fazla görmek resmi görüntülemek business network worldwide business network worldwide girişim ekosistem başkent bugün ankara ydı olmak önem elbette bilgi fazla görmek fazla okumak resmi görüntülemek tübi̇tak tübi̇tak öğrenci okul bilimveteknolojihaftası kapsam buluşuyoruz hafta bilim fazla görmek fazla okumak resmi görüntülemek i̇stihdam ofis i̇stihdam ofis website followers yıllamak iş al yapmak son zaman girmek mülakat aday ekstra gergin huzur fazla görmek,0
son gün merhaba arkadaş plan indirim tl almak son gün temmuz itibarî plan indirim son erecek olup sonra plan tl olacaktır plan alabilirsiniz https website günlük örnek plan https website plan i̇çeriği https website gün veli göndermek i̇nteraktif ev etkin örnek https website plan bey jimnastik etkin https website,1
satmak temsil hesap tablo eğitim merhaba aysel eğitim iyi bir fikir hak satmak temsil iletmek olmak konu teknik bilgi gelişmek ihtiyaç var gönder olmak link teşekkür eder link incelemek bir yarar bilgi içermek ancak üzmek belirtiyorumki bildirmek eğitim ücret yıl bütçe yerk yok birlik eğitim kadar önem olmak bize göstermek ben eğitim gelecek yıl bütçe öncelik olarak ekleyeceğim saygı sami saygı,0
akmak i̇ngilizce pos yazı grammarly akmak i̇ngilizce pos yazı mesaj profesyonel kılmak doğru dil bilgi an i̇fadeler öner alınmak,1
i̇şletme enstitü ön kayıtmak merhaba telefon bilgi verilmiştir mail ge yönerge takip kalmak i̇yi gün,0
kapsam bir bahar temiz zaman gelmek mi temiz tadilât nakliyat tamir özel ders sağ temiz i̇htiyaçlarında armut yan sene geç olmak ge bahar tertemiz havas evin yaşamak temiz ihtiyaç yan,1
gelecek hafta makale merhaba beşinci hafta çalışmak dosya ek biraz eski bir makale ancak yüksek atıf almak makale inceleyelim istemek sunu üzeyir kurt sinem kurt gerçek makale detay incelemek birlik özellikle sunu hazırlayanlar güncel duru hakk bilgi verirlerse dahaa fayda olacaktır kolay gelmek künye onatmak ali̇kiliç sosyal ağmak site reklâm halk ilişki ortamlari olarak değerlenmek journal of yaşar university,0
tübi̇tak deprem araştırmak çağrı proje sanal konferans değerli araştırmak tübi̇tak tarafından açılamak program deprem araştırmak çağrı kapsam destek proje kamuoyu paylaşmak amaç website çarşamba gün saat website saat aras çevrim iç orta tübi̇tak deprem araştırmak çağrı proje sanal konferans düzen söz konu etkin tübi̇tak başka prof dr sayın hasa manda açılış konuşmak başlayacak olup akabinde çağrı kapsam destek proje ilişki sunu gerçek etkin proje konu göre paralel oturum gerçek olup https website üzer can olarak yayın çevrim iç katılım kamuoyu açık website konferans program tıklamak saygı,0
sinav görevi̇ nurettin tepmek i̇lkokul ortaokul olarak ön kayıt var olup şua sistem girmek şifre kullanım süre dolmuş website bir ibare çıkmak sistem girişmek yapamıyoruz,0
oscar and the wolf özel i̇ndirimli dönem kaçırmak biletinial oscar and the wolf mayıs ta ankara hafta son fırsat kaçırmak indie pop un fenomen grup belçika oscar and the wolf yıl ara sonra şehir bir turne türkiye yemek geliyor mayıs cumartesi ankara odtü md vişne çim amfi gerçek konser kaçırmak i̇ndirimli dönem yakalamak bilet almak,1
hepsiburada website merhaba nagihan sim sipariş ürün alışveriş deneyim memnun kalmak merak website alışveriş göz ön bulundurmak hepsiburada aile arkadaş hangi ora tavsiye eder,0
ekspres promosyon ürün argenso promosyon website baskı standart kupa promosyon ürün satı alınmak kişi özel baskı maske promosyon satı alınmak baskı bez çanta satı alınmak baskı bardak altık promosyon ürün satı alınmak kişi özel baskı şort bize kişi özel baskı kalem visit site,1
meb hizmetiçi eğitim faaliyet katılım bilgilenmek sn hüseyi̇n şi̇mşek website website tarih aras i̇stanbul ataşehir zübeyde han hizmetiçi eğitim enstitü akşam sanat okul ataşehi̇r i̇stanbul adres yapılacak website uzaktan eğitim süreç öğretim beceri gelişmek eğitici eğitim kurs isim hizmetiçi eğitim faaliyet kursiyer olarak alınmak faaliyet katılım husus gerek bilgi rica eder öğretmek yetişmek gelişmek genel müdür değerli öğretmen kasım tarih ataşehir i̇stanbul zübeyde han hizmetiçi eğitim enstitü düzen öğretmen uzaktan eğitim süreç öğretim beceri gelişmek eğitici eğitim kurs görev eğitim windows dizüstü bilgisayar bitmek getirmek gerekmek eğitim gelmek ön bilgisayar http website adres dosya inmek ge ulaşım,0
resmi̇ yazi tebli̇ğ demre ai̇hl website pzt öğretmenleri̇mi̇zi̇n bi̇lgi̇si̇ne,0
bybit hoş gelmek ödül apy booster kupon teklif sevgi bscscan bybit özel bir teklif sunmak i̇şbir yapıyor apy hoş gelmek booster kupon ödül mart kuru bybit beş milyon fazla kayıt kul hızlı büyümek kripto par ticaret platform platform adil şeffaf verim bir ticaret orta yaramak kendi adamak dil destek sunar bscscan kul özel bir kampanya yürümek bybit in büyümek küre tüccar top katılmak şimdi zaman iyi bir zaman hoş gelmek ödül kazanacağınız aşağı açıklamak mart utc nisa utc yemek kadar bir hesap kaydolmak aşağı benzer bağlantı tıklamak seçi varlık lar herhangi bir miktar ilk par yatırmak voila ön günlük apy booster kupon kazan kupon busd bahis yapmak toplam yedi gün boy bybit in esnek tasarruf ürün aracılığıyla ek getiri el etmek kul büyük fırsat kimse beklemek bugün bybit te bir hesap aç,1
otomatik katılım sözleşmek sayın hüseyi̇n şi̇mşek website otomatik katılım sözleşmek ilk katkı pa ödemek tarihî yapılmış olup bireysel emeklilik sözleşmek yürümek girmek saygı türkiye hayat emeklilik,0
çift rekor gitmek yolmak şimdi blutv blutv toprak mahsul çift değer üretim ek hasata kadarki serüven sencer solakoğlu nun ilham vere deneyim dinlemek vakit çift rekor gitmek yolmak şimdi blutv hemen keşfetmek,1
iyi şekil giyinmek mükemmel elbise bekliyoreditörün seçmek parti elbise büyük beden elbise mi siyah elbise resmi elbise özel,1
slazenger dev kampanya website slazenger dev kampanya kadın erkek çocuk spor giyim spor ayakkabı model uygu fiyat slazenger,1
mart kadın gün hediye darüşşafaka dan olmak darüşşafaka cemiyet linkedin değerli darüşşafaka dost website hakkimizda eği̇ti̇m kurumlari rezi̇danslar bağiş i̇leti̇şi̇m mart kadın gün hediye darüşşafaka dan olmak öğrenci yarın güve bakabilmesi yıl yana büyük bir i̇nanç sürmek eğitim fırsat eşit misyon anne baba hayat olmak maddî olanak yetersiz yetenek çocuk yaşam değişmek darüşşafaka bugün yakı öğrenci nitelik eğitim gelecek hazırlanı website mart kadın gün özel olarak hazırlamak ürün tercih ederek eğitim destek olabilirsiniz bağış yapmak tıklamak,1
işletim sistem ders hüseyin şimşek website paz hoca merhaba akdeniz üniversite uygulamak bilim fakülte yönetim bilmek sistem bölüm isletim sistem ders içerik ek ders almak intibak yapılabilirdi,0
sevgi kul mexc token adres bilgi aşağı jeton usdt zincir ad trc adres lxgb lütfen mevduat adres bilgi web site el edi mevduat adres bilgi tutar olup olmak dikkatli kontrol edinmek tutar lütfen mevduat durdurmak varlık kayıp önlemek mümkün kısa süre müşteri hizmet iletişim geçinmek not talep başlamak lütfen hemen şifre değişmek şifre değişmek gidi,1
yeni galaxy seri ön sipariş başlamak ön sipariş vermek fırsat kaçırmak taramak görüntüleyin samsung galaxy seri galaxy seri kural se yaz galaxynin yeni üye galaxy seri sevmek standart öte geçiyor ön sipariş özel birbiri müthiş fırsat se beklemek ön si̇pari̇ş vermek bordo galaxy ultra üst pe beyaz bir ala açılamak beyaz galaxy pastel bir gökkuşağı gölge oluşmak mart aras ön sipariş özel fırsat galaxy ultra sipariş galaxy galaxy sipariş galaxy hediye fırsat ayrıç seri yıllık samsung care sigorta hizmet hediye galaxy ultra galaxy yıllık samsung care sigorta hizmet standart öte fırsat yakalamak galaxy ultra harika teklif kapı aral,1
büyük tv gün fırsat deva ediyor samsung electronics türkiye marta kadar geçerli fırsat kaçırmak samsung büyük tv gün özel fırsat mart aras seçil samsung tv avantaj fiyatlamak par yük kart hediye fırsat beklemek,1
oks sistem çıkış i̇şlemi sayın hüseyi̇n şi̇mşek otomatik katılım kapsam numara bireysel emeklilik sözleşmek ilişki ayırmak işlem gerçek ürün hakk fazla bilgi almak website yi ziyaret edebilirsiniz sözleşmek i̇lgi detay bilgi işlem hızlı yapabilmek cep şube mize beklemek,0
fenomen olmak bein connect fenomen ala eğlence do hikâye fenomen olmak sade bein connect kaydolmak,1
altınyıldız classics şık erkek kış giyim model i̇ndirimli fiyat satı alınmak,1
nuretti̇n tepmek ortaokul devamsiz öğrenci̇ bi̇lgi̇ talep website çar website tari̇h sayili yazinida adi geçen mryam khalid muzahem alkhaleel i̇si̇mli̇ öğrenci̇ okul kayitlarinda yok hüseyi̇n şi̇mşek md yrd,0
nurettin tepmek ortaokul hikmet arslan metehan arslan recep arslan rabia arslan isim öğrenci okul kayıt bulunmak hüseyin şi̇mşek,0
son ödemek tarihî şubat hesap özet borç website tl asgari ödemek tutar tl pos iletişim yurt dış servis sağlayıcılarının kul nedeniyle finansal bilgi yurt dış çıkmak bilgi güvenlik açı risk teşkil edebilmektedir banka ürümek hizmet ilişki finansal bilgi pos almak yerinmek banka world mobil yapı kredi mobil i̇nternet şube kolay güven bir şekil ulaşmak tavsiye website kart hesap özet i̇lgi iletişim tercih yapı kredi mobil i̇nternet şube mesaj menü bulunan pos ayar adım takip ederek website özet açıklamak görmek tıklamak,0
mut yıllamak millî piyango şans oyun aşağı link akıl telefon uygu olanına tıklamak uygulamak in hemen oynamak baş,1
bahar fırsat sepet ekstra i̇ndirimleri kaçırmak website takip edinmek ilk duyan hakk card mağaza etkin kampanya mağaza i̇letişim,1
merhaba öğretmen uygulamak ders dönem alınmak https website adres bir dönem yer ala ders görüntüleyebilirsiniz i̇ntibak yapılmaması bölü karar ancak henüz karamak çıkmak olmak değişik yapılmamış olabilir akis yön karamak çıkmak yanlış olmak düşünmek bölü başka yardım konu görüşebilirsiniz yalnız uygulamak başka bir bölü almak doğal olarak bilgisayar öğretmen alan tekrar almak gerekmek,0
hizmetiçi eğitim faaliyet katılım bilgilenmek sayın ali osma website website tarih aras şehit üsteğmen i̇brahim abanoz anadolu lise karasu sakarya adres yapılacak özel eğitim hizmet seminer isim hizmetiçi eğitim faaliyet kursiyer olarak alınmak faaliyet katılım husus gerek bilgi rica eder i̇l millî eğitim müdür,0
sana özel gelecek sezon süper lig paket şimdi almak hedi̇ye dizi film keyf kaçırmak süper lig paket dizi film hediye gelecek sezon süper lig heyecan avantjlı fiyatlamak bura üstelik konuşmak dizi film belge bir yıl boy hediye kısa bir süre sana özel tek paket fiyatı sakın kaçırmak ay tl başlayan fiyat,1
ybs yl ge kutu ekler alıcı cediz hoca merhaba ben sunu power point yerinmek word döküman hazırlayıp pdf yemek çevirmek ek sunmak hoca ppt olmak ister yeni hazırlayım,0
randevu kayıtmak randevu hatirlatma mesaj sayın hüseyi̇n şi̇mşek antalya demre devlet hastanesi̇ kurum genel cerrahi klinik website tarihî murat kağan bi̇lge ad hekim genel cerrahi̇ murat kağan bi̇lge muayene yerinde muayene randevu bulunmak randevu gitmek diğer vatandaş fayda lütfen iptal edi lütfen belirti zaman muayene hazır,0
tebrik eder sevgi hüsamettin satranç turnuva kazanmak birinci ödül se tebrik eder konu se zaman desteklemek bilmek isteri hatta sonra şirken içinde turnuva düzenlemek düşünmek süreç başkanlığınıda se yürümek isteri dilemek konu görüş ben paylaşmak gerçek bilmek sevgi saygı,0
akbank genç akademi i̇ngilizceye yabancı kalmak program başvuru deva ediyor merhaba microfon akbank pearson i̇şbir düzen akbank genç akademi i̇ngilizceye yabancı kalmak program başvuru deva ediyor yıl boy öğrenci verilecek eğitim üniversite öğrenci başvuru açık tamamen ücret program katılım online ders yan hafta konuşmak dinlemek pratik yapılanmak can grup ders katılım hakk el edecek eğitim son microfon akbank pearson onay sertifika kazanaklar i̇ngilizce öğrenmek harika bir fırsat şimdi karşı program i̇lgi detay bilgi almak başvuru yapmak aşağı hemen kaydolmak buton tıklamak website eğitim sekmek tıklamak başvuru gerçek website başvuru şubat hemen kaydolmak in i̇stanbul copyright all rights are reserved microfon yeşil mah emirşah ergün sokmak no levent kâğıthane i̇stanbul türkiye i̇stanbul microfon yesilce mah emirsah sokmak kagithane i̇stanbul turkey unsubscribe report update your preferences website logobrand logo,1
samsung qled lifestyle televizyon samsung türkiye samsung qled lifestyle televizyon çıkarılabilir zemin stand the serif tv samsung online mağaza site gitmek,1
ekosistem haber i̇zinsiz gönder bildirmek üye ayırmak sürmek bir sene i̇çin basit alışkan bir sene i̇çin alışkan fellow ekip beyza seyhan in sürmek bir yaşam edinmek basit alışkan anlatmak yazı yay yazı blog girişmek website üzer okuyabilirsin bir i̇nsa olmak istemek merkez soru alarak yeni yıl başlangıç oluşmak bir rutin hal dönmek yeni yıl hedef liste sene fark bir yöntem yapmak karamak verdi liste eklemek hedef art ben hedef somut alışkan yaz fark et olmak istemek i̇nsa dönüşmek devasa hedef ziyade hedef uğru gelişmek rutin alışkan okumak i̇çin tıklamak sürmek bi yaşam çağrı bi̇ggy girişim geri ödemek website tl destek yeni dönem başvuru başlamak aşmak uygulamak kuruluş aras yer ala odtü teknokent yaşar üniversite i̇şbir adnan menderes üniversite teknokent manisa celâl bayar üniversite teknokent i̇zmir kâtip çelebi üniversite paydaş bi̇ggy olarak girişim tamam geri ödemek website tl yemek kadar hibe destek fırsat sunuyor bi̇ggy mart yemek kadar girişim aday iş fikir başvuru toplamak değerlenmek uygu bulunmak iş fikir ön kuluçka alarak iş fikir doğrulmak süreç geçirecek nitelik iş plan hazırlamak son değerlenmek tübi̇tak iletmek husus girişim destek sağlayacak hemen başvurmak ki̇msek i̇çin geri sayı başlamak boğaziçi how to start girişim zirve yıldız teknik üniversite kimya teknoloji kulüp tarafından düzen kimya sektör etkin mart ta davutpaşa kampüs tarihî hamam sene beşinci gerçek etkin trend bir konu sürmek bahsetmek kimya sektör kadar geniş olmak göstermek amaçlamak ki̇msek ilâç boyamak teknoloji hijyen konu alan uzma kişi ağır etkin sertifika ücret kaçırmak sene düzen how to start girişim zirve girişim fark yön bakmak oturum renk fuaye ala sır dış bir zirve deneyim yaş website games kuru peak games kuru ortak hakan baş blindlook kuru ortak sadriye görece figopara kuru ceo su koray gültekin bahar sendeo ceo su özgün şahin tbs investment kuru tunç berkman azor brand people solutions kuru öğretim üye emre başka ebebek genel müdür halil erdoğmuş yw ajans kuru başka serhat gürcü es kariyer danışman kuru esra odabaşı armut ceo su kuru başak taşpınar değim youthall kuru ortak elis yılmaz shiftdelete kuru hakk alkan startupfon kuru ortak gülsüm çıra pek is birlik girişim sorgulamak etkin kod indirim bilet satı alabilirsiniz katmak i̇çin tıklamak bigg başvuru açıl se iş fikir iş plan dönüşmek website tl yemek kadar maddî destek sağ program viveka ekip destek kazanmak şans yakalamak istemek hemen bigg program na başvurmak son başvuru tarihî nisa hemen başvurmak,1
online mağaza yaşın yıl dönüm özel indirim paketlemek huawei online mağaza nda se beklemek,1
kendi yapmak düzenlemek hobi fikir kendi yapmak diğer ara trend hafta trend aramak keşfetmek kendi yapmak düzenlemek hobi fikir kendi yapmak duvar dekorasyon söz elbise tesettür hikâye kapak i̇nstagram bekar veda parti fikir ev dünya fenerbahçe gün beşiktaş tumblr çanta yapım tarif örgü patlıcan yemek,1
başarı yıl teşekkür sevgi öüşteri ilişki ekip bir yıl ön bugün müşteri ilşkileri ekip ilk bir ara gelmek zaman yana müşteri tutmak oran tek bir yıl içinde yüzde artmak artış sektör ortalama üzer inanmak bir başarısizlerin uz saat yok çalışmak sonuç önem proje başarı ulaşmak takdir ediyorum başarı dolayı teşekkür ediyorum müşteri ilişki müdür,0
mayıs hafta uzaktan eğitim merhaba arkadaş ön demek kadar nere öğretmen gün yüzmek yüzmek eğitim yapmak gün yüzmek yüzmek gün uzaktan eğitim yapanları düşünmek artık tarih günlük plan hazırlamak gün uzaktan eğitim yapıyorsanız uzaktan eğitim yapmak gün yazar gün uzaktan eğitim yapıyorsunuz plan seçip paylaşmak,0
pasif alınmak profil merhaba öğretmek tercih profil pasif hesap olarak tanımlamak hesap girişmek yapıp bir göz atmak ister mis profil oluşmak kural tekrar sağlamak hal profil aktif hesap olarak yay alınmak iyi se deneyim öğrenci iletişim önem i̇şte uymak gerekmek kural profil fotoğraf yar vücut sade profil yüz açık net görünmek sana ait bir fotoğraf gerçek kişi olmak bir eğitim olmak öğrenci göstermek fotoğraf kalite aşırı düşük olmak reddetmek sebep olabilir listelemek puan hesap girişmek yapmak karşı çıkan sana ait panel listelemek puan bölüm listelemek puan eksi olmak hesap pasif alınmak sebep olabilir listelemek puan el etmek talimat iz i̇lk yapmak gerekmek kendi tanımak bir video çekmek açıklamak alan eğitim kariyer yetkin bahsetmek uygun paylaşım özel iletişim bilgi paylaşmak se diğer kul kişisel veri korumak tedbir yıkmak iz vermek özellikle kul ad açıklamak bilgi var lütfen kalmak hesap aktif profil olarak onay yay tekrar alınmak güvenlik konfor iletişim çalışıyoruz i̇letişimde kalmak hesap onay sonra bildirim kontrol etmek sakın unutmak öğretmentercihim olarak sürekli kampanya etkin yan soru destek ihtiyaç email adres yar etmek mut duyacağız öğretmek tercih yan,1
online özel avantaj tarif vodafone online özel avantaj tarif online özel i̇ndirimler vodafone hemen başvurmak si kart ücret getirelim,1
süper i̇ndirim gün nin süper süper kampanya araban anahtar cüzdan tl lik alışveriş çekmek hakk,1
yeni bir rekor google yorum kitapseç yayın elektronik website sanmak ltd şti şubat kitap almak gün geçmek rağmen hal tedarik aşama gözükü website fayda yorum merhaba hüseyin yorum yazmak teşekkür yorum google harita değerli bir katkı sağlamak diğer kul yapılmaya değer görülmeye değer yer keşfetmek yardım oluyor,0
komi naturel sızmak zeytinyağı meyve lezzet namet kangal su starbucks caramel latte premıum kahve karışm website brita aluna xl filtre su arıtmak sürahi beyaz milka sütlü çikolata calgon antibakteriyel jel ml milka üzüm fındık çikolata komi ayçiçek yağ tahsildaroğlu klâsik ezine i̇nek peynir kg pınar lu ekonomik sosis ekici beyaz peynir kg pınar labne çikolata polonez fit yaşam hin jambon dilim polonez fit yaşam xl hin füme omo sıvı color ml yıkamak gillette tıraş köpük ml saka doğal maden su ml nest classic bitter kare çikolata salât kıvırcık âdet yumoş konsantre yumuşamak lilyum lotus çiçek ml soğan taze demet çokonat kâp gofret ace çamaşır su klâsik ariel sıvı parlak renklemek yıkamak,1
gün kısa bir kültür yaşam mola edebiyat teknoloji seyahat spor doğa mutfak birbiri zengi özgün içerik kültür yaşam davet,1
bugün yüzlerce film şov belge izleyin netflix zaman yer izleyin netflix düşünmek teşekkür ayn cihaz netflix bağ başka bir cihaz izlemek başlayın duraklamak kalmak yer deva edinmek netflix reklâm zaman şi̇mdi̇ kayit olmak,1
solidworks network lisans konfor mart fırsat yakalayın üye ayırmak mersis no e-posta haber liste üye olmak alıyorsunuz haber liste çıkmak istemek tıklamak paylaşmak üye bilgi i̇zinsiz gönder bildirmek üye ayırmak,1
el terminal anydesk benzeri website merhaba can bey teşekkür eder iyi anydesk benzeri yazılı kullanım amaç,0
uçak bilet tl kazanmak fırsat se beklemek hepsifly in bahar fırsat se uçmak geç tek yön tl gitmek dönmek tl hediye kazan,1
kısa sürel i̇ndirim festival fiyatlamak tommy lif ta başlamak varan i̇ndirim fırsat kaçırmak,1
digital marketing bootcamp website merhaba dijital pazarlamak alan uzman kariyer ala yön vermek ister mis temel ileri seviye alan uzma eğitmek ücret can eğitim almak pazarlamak nın dijital dünya keşfetmek bootcamp te başar mezun olmak iş fırsat yakalamak digital marketing bootcamp son başvuru mart eğitim başlangıç nisa süre hafta ödül i̇ş fırsat tamamen ücret,1
i̇lişik kesme işlem sakarya üniversite kütüphane kütüphane üye son ermek yapılanmak işlem bir yanlış var lütfen kütüphane yönetim iletişim geç,0
paylaşmak kazan cuma pazar iki kat fırsat liste paylaşmak cuma pazar kat kazan liste cuma cumartesi pazar gün yapılanmak alışveriş yerinmek kazan,1
bahar kara i̇le yeni açıl mutfak ürün bahar indirim kara kara bahar kara i̇le yeni açıl tencere set çeşit ürün bahar i̇ndirimleri kara satı alınmak,1
i̇ngilizce akmak gelişmek gramer açı website i̇ngilizce akmak gelişmek grammarly i̇ş i̇ngilizce yazmak doğru an olmak sağ fazla,1
pierre cardin ürün tekrar bakmak ister mis süper fırsat se beklemek hepsiburada pierre cardin ürün tekrar bakmak ister mis süper fırsat kaçırmak ihtiyaç tamamlamak,1
ahsap sandalye iskemle antika eski vintage sarı thonet sandalye i̇kea sandalye lacivert mavi kırmız eskimek marangoz iş lü thonet sandalye olympia travel luxe daktilo website lacivert mavi kırmız çatlamak uygulamak masif masa erik marka daktilo acil satı yan nostaljik telefon hediye ikea sandalye âdet sorun takı kol kol i̇kea küçük yemek masa plastik sandalye âdet berjer almak mal antika el yapım ceviz sandalye antika ahsap sandalye tek âdet thonet sandalye torna iş çift sarkıtmak avize antika amerikan gürgen ağa thonet sandalye berjer koltuk âdet tek lı sandalye takı original eames sandalye ahşap ayak polipropilenden kırmız siyah renk stok tükenmek satı alınmak ahşap sandalye vintage çift berjer iki âdet koltuk kullanilmiş hasarsiz antika forest green vintage eskimek kuş,1
sokak hayvan soğuk website kasap website merhaba yasin marmara bölge ön gün etki olmak bek kar yağmak başlamak gizem kasap sokak hayvan soğuk ölmek uygu nokta kulüp bes nokta konmak talep kampanya başlamak i̇mzalayıp paylaşmak sokak hayvan ses olmak sokak hayvan soğuk ölmek website kişi gizem kasap tarafından başlamak kampanya imzalamak haydi website imza hedef şimdi tek tıklamak imzalamak soğuk kış gün sokak yaşamak küçük dost korumak el gelen yapmak on korunma barınmak yaşam hak var duru ses kalmak destek süreç uygu nokta kulüp konmak bes ihtiyaç gidermek talep ediyoruz unutmak on dert söylemek bakış anlamak on kampanya manevî destek olup minnet olmak sağlayabilirsiniz şimdi tek tıklamak imzalamak kampanya sayfa ziyaret et,1
dönem hafta plan hakk merhaba arkadaş dönem hafta plan yer vermek düşünmek mikro evre konu pazartesi gün kısım paylaşmak istemek fikir söylemek mis,0
ayırmak talep hk talep doğrultu no sözleşme ayırmak bilgi form ek taraf göndermek talep gerçek ek form imzalamak halid edip adıvar mah darülaceze no kat şiş i̇stanbul adres göndermek website pos adres sade şirket gerçek gönderim kul olup pos cevap yazmak yazmak cevap şirket ulaşmak önem hatırlatırı website bilgi sunar saygı halk hayat emeklilik,0
sepet ekstra i̇ndirimler avantaj fiyatlamak hemen tıklamak fırsat kaçırmak website sağ güzel ürün email özel kampanya kaçırmak babe kampanya babe seçil ürün ürümek i̇kinci ürümek i̇ndi̇ri̇mli̇ son gün mart alışveriş baş filorga kampanya filorga ürümek alım uv bronze dark spots ml hedi̇ye stok sınır son gün mart alışveriş baş weleda kampanya weleda seçil ürün sepet ekstra indirim stok sınır son gün mart alışveriş baş bionike kampanya bionike ürün sepet ekstra indirim stok sınır son gün mart alışveriş baş humble brush kampanya humble brush ürümek sepet ekstra indirim stok sınır son gün mart alışveriş baş kampanya indirim oran stok sınır dermogrup konu i̇lgi değişik yapmak hakk sahip kampanya bi̇lgi̇lendi̇rmesi̇ site yay indirim kampanya görsel duyuru yay olmak süreç belirti tarih ara geçerli stok miktar sınır satmak şart i̇lgi duru duyuru yâd görsel bilmek bir indirim yâd kampanya stokiar sınır tükenmek ürün stok durum ürümek sayfa belirmek bir promosyon ürümek kampanya hediye satmak ürün stok olmak belirmek duru söz konu ürümek âdet mevcut olmak anlam gelir stok miktar tükenmek ürümek yeni tedarik edilmesinin mümkün olmak durum stok duru yol gün içeri kargo verilir şek güncel stok tükenmek ürümek yeni tedarik edilmesi mümkün değil duru ürümek sayfa stok duru açıklamak tükenmek şek belirmek bir marka kategori indirim uygulamak tarih ara stok sınır belirmek duru mücbir sebep dış söz konu indirim oran sürekli olarak uygulamak anlam gelir kozmetik dermokozmetik ürün tanıtı sağ beyan i̇le i̇lgili önem uyarı hakk bilgi almak tiklayin,1
tedarik zincir yönetim yorum amazon göndermek website yorum yayın amazon bir müşteri değerlenmek göndermek teşekkür dikkatli bir incelemek art değerlenmek web site yayın karamak verildi zaman yorum teşekkür eder ancak incelemek aşağı kural uymak amazon top kural tedarik zincir yönetim strateji planlamak operasyon şubat salı tarihî hüseyin şi̇mşek üzer hızlı teslimat amazon ilk alışveriş ürün pazar gün sipariş et salı gün sabah el lütfen genel nokta göz ön bulundurmak yorum ürümek belirli özel ürümek deneyim üzerine yoğun satı gönder deneyim hakk geribildirim https website adres paylaşmak saygı müstehcen içerik iz verilmemektedir kural yetişkin ürün geçerli reklâm promosyon malzeme açık bir şekil,0
merhaba hoca bugün yapılanmak biraz ön son eren yenilemek enerji sistem ders ara sınav ait cevap teknik aksak dolayı uzem sınav sistem arayüz üzer yüklemek posta ekleyerek göndermek değerlenmek üzer kabul etmek arz eder saygı,0
meb hizmetiçi eğitim faaliyet katılım bilgilenmek website website tarih aras namık kemal i̇mam hatip ortaokul karasu sakarya adres yapılacak website satranç kurs isim hizmetiçi eğitim faaliyet kursiyer olarak alınmak faaliyet katılım husus gerek bilgi rica eder i̇l millî eğitim müdür not başlamak saati̇ website,0
nagihan şi̇mşek çanakkale üniversite lisansüstü eğitim enstitü i̇ş sağlık güvenlik anabilim dal i̇ş sağlık güvenlik tez uzaktan eğitim başvuru tamam i̇lgili tarih başvuru yapmak ekran sonuç öğrenebilirsiniz lütfen posta cevap yazmak geri bildirim istek i̇lgi birim pos hesap göndermek,0
samsung the sero tv samsung türkiye website samsung the sero tv i̇çeriğinize sağlamak hareket the sero tv samsung online mağaza site gidi,1
sayın oğuz tümer no lu hayat poliçe tahsilât bilgilenmek makbuz ek bilgi sunulmuştur tahsilât makbuz poliçe i̇lgi diğer bilgi https website adres ziyaret edebilir no hat arayabilirsiniz saygı fi̇ba emekli̇li̇k hayat,0
sipariş teslim edilmiştir görüş beklemek sayın hüseyin şimşek numara sipariş hüseyi̇n şi̇mşek isim alıcı tarihî teslim edilmiştir sipariş ön bilgilenmek form mesafe satmak sözleşmek belirmek üzer alıcı adres bulunmak durum danışmak muhaberat kişi teslim edilmiş olabilir tercih etmek teşekkür eder satı almak ürün buton tıklamak değerlenmek baş website değerlenmek,0
pazar akşam neler olmak neler pazar akşam neler olmak neler mit yıkmak sevmek sevmek iş bakış aç değişmek campus connect yayın tat hal damak henüz izlemek yakı i̇lişkiler in lider sürmek dr gizem sürenkök sevmek iş yapmak yapmak iş sevmek mi soru derinlemesine incelemek yayın bura izleyebilirsin,1
real passione erotik gece website tl başlayan fiyatlamak website i̇ç website outlet i̇ç giyim fırsat yazlık pijama takım bayan i̇ç giyim erkek i̇ç giyim çocuk i̇ç giyim fantazi i̇ç giyim i̇ç giyim marka i̇ç giyim kampanya bordo büyük beden erotik gece real passione tl tl erotik kısa kırmız gece real passione tl tl pembe büyük beden erotik gece real passione tl tl dermek yırtmaç pembe büyük beden erotik gece real passione tl tl fuşya büyük beden erotik gece real passione tl tl siyah dekolte fantazi gece real passione tl tl dantel göğüs dekolte uz erotik gece real passione tl tl göğüs dekolte i̇p askı uz fantazi tül gece real passione tl tl mor transparan fantazi gece real passione tl tl saten askı fantazi mor uz gece real passione tl tl büyük beden dantel erotik i̇p askı gece takı real passione tl tl transparan fantazi erotik uz gece real passione tl tl,1
maximum kart hepsiexpress te kazanmak maximum kart tek sefer yapılacak tl üzer alışveriş tl indirim kazanmak indirim kupon mart cuma gün hepsiexpree hesap otamatik olarak tanımlamak,1
otomatik gelişim rapor merhaba arkadaş bir otomatik gelişim rapor hazırlayıcı yapmak tek tıklamak çocuk ayrı gelişim rapor hazırlamak fakat program bura paylaşmak becermek program telegram sayfa http website hizmet sınır tanımak not program excel hazır bilgisayar açma bilgisayar excel program yük olmak gerekmek yüklemek sonra üst taraf sarı bir kutu düzenlemek etkin i̇çeriği etkin yazı tıklamak gerekmek,0
koşmak gratis bahar özel büyük güzel kaçmak avantaj fiyat keşfetmek hemen koşmak gratis,1
baby me bakım temiz ürün almak ödemek i̇nternete özel yeni gelen fırsat ürün mobil uygulamak i̇ndirin fırsat anı haberdar ebebek mobil uygulamak an yan google play appstore takip edinmek,1
ders seçim veri taban seçmek ders aras var ben deva ders almak teşekkür,0
i̇nfo yatırım araştırmak tablo i̇nfo yatırım araştırmak tablo aşağı link i̇nfo yatırım menkul değer mecidiyeköy yol cad no plaza kat mecidiyeköy şiş i̇stanbul mersis no tel web website çeki rapor yer ala türlü bilgi değerlenmek yorum istatistiki şekil bilgi hazır tarih itibarî mevcut piyasa koşul güvenirlik inanmak kaynak el edilerek derlemek i̇nfo yatırım menkul değer tarafından genel bilgilenmek amaç hazır sunu bilgi doğru yatırım karar uygun taraf garanti edilmemektedir bilgi bel bir getiri sağ yönelik olarak verilmemekte olup al satım karar destekleyebilecek yeter bilgi bura bulunmak bura yer ala yorum tavsiye yorum tavsiye bulunmak kişisel görüş dayanmak herhangi bir yatırım araç al satım öneri getiri vaat olarak yorum görüş malî duru risk getiri tercih uygu olmak sade bura yer ala bilgi dayanmak yatırım karar verilmesi beklenti uygu sonuçlamak doğurmak sayfa yer ala bilgi hata eksik bilgi dayanmak yapılanmak işlem yorum bilgi kul doğacak türlü maddî manevî zarar şekil olur olmak üçüncü kişi uğramak türlü doğrudan dolay zarar dolayı i̇nfo yatırım menkul değer bağ kuruluş çalışmak yönetmek ortak sorum tutulmak bura yer ala yatırım bilgi yorum tavsiye yatırım danışman kapsam değil i̇nfo yatırım menkul değer anonim şirket hesap açmak istemek lütfen bura tıklamak adres gönderi ileti almak istemek lütfen bura tıklamak mesaj krea digital ara göndermek,1
yıldız is btcturk pro sahne merhaba oğuz tümer yıldız is btcturk pro sahne i̇stanbul çeşme bodrum btcturkpro nun katkı açıkhava konser müziksever beklemek sevmek sanat konser bilet kazanmak bildirim açma takip kalmak unutmak,1
bilet bilgi uçak bilet bilet oluşmak i̇yi uçuşlar dilemek uçuşmak saat saat ön check in yapmak unutmak uçuşmak saat saat ön havalimanı olmak özemek gösteri,0
online mağaza yaşın online mağaza yaşın yıl dönüm özel indirim paketlemek huawei online mağaza nda se beklemek,1
i̇ngilizce akmak gelişmek grammarly i̇ngilizce akmak gelişmek grammarly nin yapay zekâ destek yazı asistan an net hata yazılamak yazı,1
mebdys i̇ş liste bilgilenmek millî eğitim bakan doküman yönetim sistem i̇ş liste tarih saat itibarî beklemek iş bulunmak,0
yeni nesil harç kart papara yeni nesil harç kart harç hesap temas ödemek yapılabilen papara edu card,1
hedap kapmak hakan çiragöz hesap kapatmak istemek müşteri hizmet yardım olur,0
ieee odtü online gelişim gün son gün yetenek sponsor olmak ieee odtü online gelişim gün son gün website olarak yetenek sponsor olmak mart tarih ieee odtü tarafından ücret sertifika olarak düzen online gelişim gün kaldi lider şirket level yönetmek direktör girişim bilim insan fazla i̇ki gün boy sürecek etkin asıl hedef gelişim açık herkes fayda çeşit kazanım ayırmak tecrübe yeni bakış açı staj iş network kazanmak oturum panel workshop beklemek gün oturum zoom li̇nki̇ gün oturum zoom li̇nki̇ kayit başvuru i̇çi̇n,1
şifre sıfırlamak istek şifre sıfır huseyinnsimsek şifre sıfırlamak istek bulunmak aşağı doğrulmak kod kul işlem tamamlamak böyle bir istek bulunmak posta yok saymak,0
fenomen olmak bein connect bein connect website fenomen olmak bein connect fenomen ala eğlence do hikâye fenomen olmak sade bein connect kaydolun,1
hesap tablo eğitim bütçelemek sevgi mustafa gelecek yıl bütçe hesap tablo eğitim harcamak ek yardım ihtiyaç var satmak temsil yapmak hata orta kadırmak eğitim almak gerekmek an sorun ciddi anlam mücadele ediyoruz maiilin ekin sevda konu i̇lgi ben iletmek olmak bilgi bulabilirsin bura eğitim önem ihtiyaç eğitim seçenek görebilirsin yard teşekkür eder saygı,0
apple park gerçek özel bir etkin bize katı performans başlamak üzer mart saat,0
minik bayram uzatmak aman fırsat kaçırmak ad ad bayram deva ediyor,1
nuretti̇n tepmek ortaokul okul mersi̇n hi̇zmeti̇çi̇ eği̇ti̇m ensti̇tüsünde düzen ölçmek değerlendi̇rme kurs katilmak i̇steyen personeli̇mi̇z yok arz eder,0
merhaba kâmil bey cuma gün arad gün komple eğitim dolayısıyla resepsiyonistimizde bir ara eğitim olmak bize olabilirsiniz yar sabah operatör zeynep han iletişim geçip sağ evrak diğer talep et olmak evrak hazırsa doktor randevu gün saat belirlemek üzer iletişim geçebilirsiniz i̇yi gün dilemek sevgi duygu,0
i̇nternational supply chai camp etkin kaçırmak kalite verim kulüp i̇nternational supply chai camp şubat ta türkiye tedarik zincir lojistik alan düzen prestij tek uluslararası etkin olmak özel taşıyan i̇nternational supply chai camp sene si şubat yıldız teknik üniversite beşiktaş kampüs oditoryum katılım beklemek üretim satmak ticaret kalp tedarik zincir zirve yer ala firma üst düzey yönetmek ülken dört bir yan katılım buluşuyor etkin içerik seminer workshop panel tedarik zincir oyun kariyer fuar inspire talk firma birebir iletişim imkân katılım firma mondelez turkish cargo yemeksepeti fevzi gandur logistics borusan unilever kordsa mers lojistik aliexpress geçen yıl online olmak i̇nternational supply chai camp yıl yüzmek yüzmek bir şekil gerçek tedarik zincir lojistik alan merak kariyer sektör yöneltmek isteyen herkes etkin davet alan uzma kişi tanışmak fark bakış açı edinmek hemen kayıtmak olmak etkin kayıtmak olmak i̇çin tıklamak beer game takı çalışmak tedarik zincir yeni tasarlamak deneyim i̇nternational supply chai campteki beer game başvurmak unutmak slimstock destek deneyim kaçırmak başvuru i̇çin tıklamak abone çıkmak kalite verim kulüp site ziyaret edinmek bize,1
cimatron dosya kaymak yedeklemek ayar cimatron yazılı üzer çalışmak olmak dosya bozulmak ihtimalî karşı kayıtmak esna yedek dosya oluşmak biliyormuydunuz çalışmak dosya olası problem karşı korumak iş hiçbir koşul aksatmak istiyorsanın cimatron dosya kaymak yedeklemek ayar konu işlemek blog yazı tam göre,1
elektromarketim evotech evo kw kcal baca mazot ısıtmak kalite malzeme üremek baca mazot ısıtmak modedilidir yüksek verim olmak kul tarafından fazla tercih edi model,1
ay harcayadığınıza değecek tl netflix abone çıkmak netflix merhaba şi̇mdi̇ netflix te ge netflix izlemek ders üye kayıtmak işlem tamamlayıp istemek zaman istemek yer birçok değişik tür dizi program film izleyin sınır izlem keyf yaşamak aksiyon belge komedi aile korku fazla i̇zlenecek kadar dizi program film var ay yeni eklemek şi̇mdi̇ kaydolmak red notice sa dk dünya aranmak sanat eser hırsız on peşin fbi profil uzma daima bir ad ön kurnaz bir soyguncu yakalamak gönül suç ortak olur şi̇mdi̇ kaydolmak pera palas pera palas ta ge yarı bölü tarihî pera palas otel i̇lgi bir yazı hazır kendi bir an geçmiş bulamak gazete esra türkiye nin kader değişmek bir komplo durdurmak şi̇mdi̇ kaydolmak,1
randevu iptal mail bildirim randevu bilgilenmek mesaj sayın randevu bilgi aşağı yer ala randevu iptal edilmiştir,0
ürümek satı teslim edildi i̇ade koşul kontrol edip geç iş gün içinde süreç son karar bilmek si̇pari̇ş numarasi talep numarasi,0
dnlp metal iş partner hk değerli ekip bilmek dnlp metal iş lnm imalât partner olmak fikir olumlu bakmak partner olmak fikir i̇lgi süreç takip ediyoruz salı gün on yapacağımız toplantı ön bir takı iş model üzerine bey fırtına yapmak ihtiyaç var lütfen bir dakika ayırmak konu i̇lgi fikir mail yanıtlayarak gönder,0
aile birey tanımak çigdem bostan alperen bostan anne ad çiğde bap ad hüseyin abla ad gizem teyze ad ferziye enişte ad murat kuzen ad bahar amca ad mustafa yenge ad elmira kuzen ad merv hal ad dilek enişte ad cumali kuzen ad yaşar,0
indirim süre uzamak premium dil öğrenerek güç hissetmek busuu email adres kişi liste ek busuu indirim güç hissetmek merhaba nghn dünya kadın gün yak birlik üste gelebileceğimizi göstermek indirim teklif süre uzamak ay üye plan indirim fırsat kaçırmak premium üye tıklamak,1
üye özel sepet yarı ödemek yatak odasi sofra mutfak banyo hal ki̇li̇m dekorasyon ev yaşam aydinlatma kozmeti̇k dergi̇ yeni̇ ürün eloise ranforce çift kişilik lastik çarşaf pudra üye özel sepet website tl website tl son çift kişilik püskül nevresim set pudra üye özel sepet website tl website tl ciel yas kılıf set pudra üye özel sepet website tl website tl madame coco uygulamasini i̇ndi̇ri̇n kampanya stok sınır kampanya başka kampanya bir madame coco kampanya koşul değişik yapmak hakk saklı tutmak madame coco olarak kişisel veri özel hayat gizli korumak husus hassasiyet yak paylaşmak bilgi taraf güve sak kişisel veri korumak kanu mevzuat uygu şekil iş belirtmek ister detay bilgi lütfen tıklamak üye ayırmak bura tıklamak deha mağaza ev tekstil ürün sanayi tic mecidiyeköy mah oğuz sokmak rönesans i̇ş merkez no şiş i̇stanbul mersis no,1
oyecar led xenon kamera joyecar led xenon kamera joyecar xenon far araç kamera türkiye nin marka led far ser model satı almak visit site,1
mut kripto yıllamak yılbaş özel gizem kutu satı alınmak website kazan merhaba eğlence neşe hediye do büyü yılbaş özel meta evren hoş gelmek binance nft pazar yalnızca busd yemek yılbaş özel kutlamak gizem kutu satı alınmak meta evre token cins website değer ödül pay almak heyecan veri etkin katı etkin dönem website tsi̇ website tsi̇ promosyon yılbaş özel meta evre gizem kutu toplamak website değer meta evre token pay alınmak süper süper nadir ssr süper nadir sr nft leri toplamak meta evre token pay alınmak promosyon fazla nft al satım yapınmak website değer meta evre token pay alınmak nft alıp satmak iyi kul website değer meta evre token ödül havuz pay alacak meta evre token ali enj ilv gal tvk chr dar sand içermek,1
pamuk kul rahat tasarım yenidoğan hastane çıkış set keşfetmek tıklamak yumuşacık yenidoğan hastane çıkış set keşfetmek,1
si̇pari̇ş açar olmak kod hk herkes merhaba sipariş açar olmak kod sonra süreç ervin han gerekli destek sağlayacak olup talep kendi mail atılmak rica eder ek olarak açılamak yeni kod mamül eş opsiyon seçenek vs durum yapılacağından son dakika bırakmak ek olarak talep geçer firma isim mümkün sipariş miktar belirmek rica eder firma set firma set kalıp kod örnek mail adres email saygı best regards,0
okul kütüphane kitap talep ediyoruz merhaba ben antalya demre atatürk i̇lkokulunda öğretmen okul kütüphane kitap ihtiyaç var konu bize destek olur sevinmek,0
er rezervasyon son gün mart tatilbudur er rezervasyon son gün mart er rezervasyon fırsat son gün mart i̇yi fiyat garanti tatilbudur site gitmek,1
dijital flört bölüm blutv blutv büyükanne eski böyle mi demek ilişki üzer sulamak ak se ön bir like at sonra bir alev dijital flört bölüm blutvde ilk bölü şimdi blutv youtube kanal bölü hemen i̇zle,1
toplantı nagihan şimşekadlı kişi zoom toplantı silmek merhaba nagihan şimşek aşağı zoom toplantı başar silmek toplantı kimlik konu nagihan şimşekadlı kişi zoom toplantı saat şub ös i̇stanbul toplantı kurtarmak istemek lütfenson silinenlerbölümüne gidi son silmek toplantı gün sonra kalmak şekil silmek zoom seçmek teşekkür zoom ekip,0
şdz website cum sakarya şimdi düşünmek zaman sergi katmak öğrenci enes tekcan hali̇l i̇brahi̇m şener katılım öğretmek hüseyin şi̇mşek fati̇h adapazari sakarya,0
email pos tarafından yatırım uygulamak göndermek karşılamak mesaj merhaba mesaj görüntüleyemiyorsanız website mesaj kontrol edi mi̇a teknoloji̇ nin yapılması plan olağan genel kurul toplantı ilişki toplantı çağrı elektronik genel kurul sistem ek söz konu çağrı website adres erişebilirsiniz mesaj ilişki ek dosyalamak bulunmak hal website yatırım uygulamak iz,1
sınav görev karasu tepetarla ilkokul öğretmen ösym sınav görev görev almak istemek okul sistem kayıt değil okul sistem kayıt olmak yapmak gerekir teşekkür eder,0
sokak çocuk sezon bölü fragman yay blutv ekli bir ileti görüntülemek gmail ekli ileti özgün doğrulamak yürümek yolmak yan uğru sevmek sınamak yolunmak son nere sokak çocuk sezon bölüm cuma blutvde fragman hemen i̇zle,1
iyi ışıltı makyaj fırça set profesyonel bir makyaj kalite ürün alınmak,1
öğretmen gü kutlu olmak sakarya üniversite kütüphane değerli kul kütüphane ekip olarak gelecek öğretmek kasım öğretmen gün kutlamak https website i̇yi sağ gün dilemek,0
nurettin tepmek ortaokul i̇lkokulu ulu erişebilirlik sistem okul bilgi ilkokul ortaokul adına güncel,0
yeni eğitim yıl yeni tasar superprof yeni eğitim yıl yeni tasarım karşı merhaba oguz yeni eğitim yıl yeni görü superprof mobil site yen tasarlamak keşfetmek beklemek harika bir tasar sade pratik olmak gerekmek yeni özel online yüzmek yüzmek ders kolay ara motor yeni deneyimlemek keşfetmek öğrenecek bin ala yeni tasar keşfetmek görüş bize bilmek i̇yi bir eğitim yıl dilemek oguz yeni keşfetmek,1
fatura ödemek tahsi̇lat makbuz sayın aşağı bilgi bulunmak fatura ödemek alınmak ödemek kredi kart ekstre hurtek fatura tahsi̇lat hi̇zmetleri̇ olarak gözükmek,0
meb hizmetiçi eğitim faaliyet katılım bilgilenmek sn website website tarih aras namık kemal i̇mam hatip ortaokul karasu sakarya adres yapılacak website çalışmak temel i̇ş sağlık güvenlik eğitim kurs isim hizmetiçi eğitim faaliyet kursiyer olarak alınmak faaliyet katılım husus gerek bilgi rica eder i̇l millî eğitim müdür,0
vakıf i̇ş başvuru şifre sayın sevda şifre başvuru yapmak tc kimlik no şifre kul girişmek yapabilirsiniz ai̇le sosyal poli̇ti̇kalar bakanliği,0
tamam hoca yar öğrenci iş halletmek taraf iletmek tekrar teşekkür ediyorum i̇yi akşam,0
nuretti̇n tepmek ortaokul eği̇ti̇m yapilari veri̇ toplamak modül eği̇ti̇m yapilari veri̇ toplamak modül okul i̇le i̇lgi̇li̇ veri̇ler gi̇ri̇lmi̇şti̇r,0
ahşap bistro masa sandalye set ahşap bistro masa sandalye set mart bahçe balkon hafta özel fırsat ürün avantaj fiyat,1
website tarihî yapmak olmak proje konu talep danışman doç dr emrah aydemi̇r tarafından değerlenmek danışman onay duru kabul edildi danışman açıklamak danışman i̇şlem tarihî website,0
gelenek kitap fuar fırsat online mağaza gelenek kitap fuar fırsat gelenek kitap fuar özel avantaj online hemen alışveriş baş,1
beymen mod yaşam dair i̇htiyaçlarınıza beymen deneyim sahip olabilirsiniz,1
i̇ha kayıtmak sistem pos onay kod i̇ha kayıtmak sistem pos onay kod aşağı lütfen girişmek yaparak bilgi sayfa bulunmak pos onay kod alan giriniz aşağı bulunmak link tıklamak pos onay kod pos adres onay i̇ha kayit si̇stemi̇ si̇vi̇l havacilik genel müdür,0
hüseyin şimşek fbe website tel fbe bilmek sistem uzaktan eğitim yüksek lisans bölüm kaymak otamatik yapılmış i̇şletme enstitü yönetim bilmek sistem bölüm kayıtmak yapmak istemek sebeple kayıt silmek rica ediyorum,0
yeni̇ tek bir abonelikle görsel klip müzik shutterstock flex keşfetmek tam erişim sağlayan düşük maliyet plan shutterstock görsel vi̇deo müzi̇k i̇htiyacınız içerik tek bir abone tek bir plan görsel video müzik tam erişim hakk sahip olmak ister mis düşük maliyetlemek sahip olmak ister mis olmak bilmek shutterstock flex keşfetmek tür ilk esnek telif abone,1
forex sabah analiz mart gcm yatırım dünya piyasa açılamak kapmak gcm yatırım menkul değer sabah analiz mart makro ekonomik gelişmek geri̇de kalmak ukrayna rusya ukrayna rusya görüşmek şüphe ilerlemek dün i̇stanbulda gerçek görüşmek ilerlemek sağ rusya kiev rsquo devam okumak eurusd hafta orta dolar endeks kısa vadetmek geri çekmek eurusd parite bir miktar toparlamak destek verdi parite analiz hazır seviye işlem görmek gü kalmak ecb başka lagardeın ko devam okumak gbpusd sterlin dolar endeks kısa vadetmek aşağı yön hareket etmek destek bir miktar toparlamak sergilemek parite analiz hazır seviye işlem görmek gü kalmak adp tarım dış istihdam değişim devam okumak usdjpy usdjpy parite dolar endeks kısa vadetmek aşağı yön hareket etmek etki bir miktar geri çekmek kaydetmek parite analiz hazır seviye yakı işlem görmek gü kalmak adp tarım dış devam okumak usd try rusya ukrayna aras gerçek görüşmek görüşmek iyimser tablo çıkmak yönelik ge haber akmak gelişmek ülke par birim çoğun abd dolar karşı güç devam okumak eurtry hafta orta seviye başlayan eurtry parite kısa vadetmek bir miktar toparlamak sergilemek parite analiz hazır seviye işlem görmek gü kalmak ecb başka lagardeın konuşmak olası devam okumak,1
oy mart ta blutv blutv cep kalmak son jeton sıra beklemek gün kimi tat birer an kimi sade büyük dinlemek bir hikâye gelişmek ekosistem oy dünya geçmiş gün değişim oy belge mart ta blutv video hemen i̇zle,1
talep planlamak op ibp üretim tedarik zincir planlamak mart nisa sn oğulcan yıldız kurum özel genel katılım açık online eğitim bilgi değerlenmek sunar bülten göremiyorsanız tıklamak copyright optimum planlamak hak saklıdı website pos istek dış göndermek özür dilemek i̇ki ay bir göndermek bülten almak istemek alt yer ala unsubscibe link tıklamak liste ayırmak email adres pos atabilirsiniz sayılı kvkk kapsam oluşmak aydınlatmak metin bura saygı website email was sent to email why did get this unsubscribe from this list update subscription preferences optimum planlamak soğuk mah samanyolu sk website beykoz i̇stanbul turkey email marketing powered by mailchimp,1
geçmiş olmak yasin i̇stersen bütünlemek girebilirsin,0
çağ ediz tamam uygu tekrar hazırlamak gerekmek yok,0
değerli öğretmen okulistik eğitim öğrenmek platform na göstermek olmak i̇lgi teşekkür eder gönder olmak belge kontrol edilmiş öğretmek üye onay üye kul başlayabilirsiniz kullanım sıra özellikle sağ verim bir kullanım gerçek google chrome taramak kul önermek i̇yi ders dilemek saygı okulistik,0
uygu fiyatlamak kalite hizmet yakı otopratik bayi randevu alınmak,1
randevu kayıtmak randevu hatirlatma mesaj sayın antalya atatürk devlet hastanesi̇ kurum deri zührevî hasta cildiye klinik website tarihî erkân ergün ad hekim ci̇ldi̇ye poli̇kli̇ni̇ği̇ muayene yerinde muayene randevu bulunmak randevu gitmek diğer vatandaş fayda lütfen iptal edi ütfen belirti zaman muayene hazır,0
okul eğitim stratejik ortak proje destek oturum mart sayın i̇rtibat kişi aşağı duyuru okul konu i̇lgi öğretmek yönetmek ileti son başvuru tarihî mart ana eylem stratejik ortak proje başvuru yönelik olarak ulu ajans uzman mart tarih çevrimiçi proje destek oturum webinar düzen bahis geçen proje i̇lgi olarak hazır bulunmak öğretmen proje kalite artırmak yönelik olarak gerçek oturum katılmak davet ediyoruz oturum sade okul eğitim başvuru hakk bilgilenmek yapılacaktır katılım sayı kontenjan sınır katılım yalnızca bir oturum kaymak kabul edilebilecektir başvuru website duyuru bölüm inceleyiniz i̇yi çalışmak dilemek,0
website kredi oran kaçırmak sur yapı website website kredi oran kaçırmak sur yapı antalya website kredi ora ev sahip olmak fırsat kaçırmak,1
hız sorun hakan çiragöz merhaba no fatih hat i̇nternet ölçüm download hız mbit gözükmek okul i̇nternet sorun çözmek mi demre anadolu i̇mam hati̇p li̇sesi̇,0
invisible man ücret iz bein connect pazar gün vazgeçmek güzel bir vizyon film pazar gün izlemek düşünmek nin konuşmak film invisible man sinema hemen sonra se bein connect te hemen iz,1
self check kitap ödünç almak i̇ade etmek makine değerli kul self check kitap ödünç almak i̇ade etmek makine i̇şlemlerinde dikkat edilmesi gerekmek ödünç almak işlem kitap demirbaş etiket okumak unutmak ödünç almak kitap kütüphane hesap kontrol edi kitap hesap göremiyorsanız ödünç vermek servi başvuru i̇ade işlem başarı son emin kütüphane hesap kontrol edi akis takdirde kitap hesap kalmak gecikmek bedel işlemek deva edecektir not self check kitap almak işlem yeni website kimlik kart arka barkod okumak gerçek https website i̇yi çalışmak dilemek,0
iki beyaz eşya alım elektrik süpürge hediye sınır süre geçerli fırsat kaçırmak taramak görüntüleyin samsung i̇kili beyaz eşya alım elektrik süpürge hediye ocak şubat tarih aras iki samsung beyaz eşya alım tozmak torba elektrik süpürge hediye bizde,1
i̇lk alışveriş özel varan indirim ilk market alışveriş özel içecek indirim hepsiexpresten yapılacak ilk market alışveriş içecek kdv dâhil tl yemek kadar indirim kdv dâhil tl üzer alışveriş tl indirim uygulamak kampanya mart tarih aras geçerli kampanya stok sınır olup toplam stok âdet,1
şi̇i̇rleri̇m nesri̇m i̇lkerci̇ği̇m beni̇m doğu gün i̇çi̇n kadar güzel şi̇i̇r mektup hi̇ç almamiştimm ben kiz olsaydimm hali̇n dumandi seni̇n şaka bi̇ yana seni̇n zaman yaninda bulabi̇leceği̇n dostlarin var unutmak sevgi̇leri̇mle geçmi̇ş doğu gün kutlu olmak,0
varan i̇ndirim üstelik tl üzer alışveriş ücret kargo avantaj,1
etwinning etkin kayıtmak işlem ge kutu sevgi nagihan şi̇mşek çatalca district directorate of national education etwinning and web website tools seminar ad etkin kaydolmak teşekkür eder i̇steğinizi giriş değerlenmek başvuru duru hakk kısa zaman pos bilgilenmek saygı etwinning ekip,0
stem eğitim değerli arkadaş stem science technology engineering and mathematics montessori eğitim birbiri entegrasyon sistem dünya yer türkiye dek yer türkiye stem eğitim i̇htiyacı yapılanmak uygulamak stem materyal eğitim yazılı destek müdür proje birim tarafından okul ön öğretmen ortaokul fe teknoloji matematik öğretmen yönelik mayıs tarihî günlük stem farkındalık eğitim yazılı materyal destek düzen planlanmaktadı website bağlam belirti branş öğretmen tarihî kadar website adres duyuru bölüm form doldurmak önem rica olunur not eğitim branş baz kontenjan er kişi sınır olmak üzer toplam kişi,0
merhaba kâmil bey i̇şe al süreç deva ediyor kısa süre taraf i̇k departman tarafından sonra aşama i̇lgi bilgilenmek yapılacaktır i̇yi çalışmak,0
uygulamak sınır gb uygulamak sınır gb online başvuru yapınmak si kart kapı kadar ücret gelmek,1
lc waikiki jean website lc waikiki jean şık jean model uygu fiyat lc waikiki alınmak,1
yenmek mart dünya kadın gün kutlu olmak kiğı vitrin sade kadın başar haber yer vermek ister yazıkki başar ön kapamak şiddet yıllamak yenmek yenmek kadar vazgeçmek bize yakışmak eşit dünya kadın gü kutlu olmak,1
siparisiniz teslim edilmistir flo logo sipariş hesap müşteri hizmet merhaba nagihan şimşek si̇pari̇şi̇ni̇z tesli̇m edi̇ldi̇ sipariş numara aşağı görmek ürün taraf teslim edilmiştir sipariş etmek diğer ürün fark bir kargo gönderilecektir gönderilmiştir,0
vestel seçil ürümek alım hediye indirim fırsat kaçırmak bahar vestel hediye geliyor seçil lü ürümek alım tv vestel yıldız şarj süpürge hediye fark kategori seçmek bir ürün tl indirim mart tarih aras geçerli,1
satmak temsil hesap tablo eğitim merhaba hasa bey bölge müdür sipariş i̇lgi şikâyet bul satmak temsil zayıf hesap becereilerinden dolayı sipariş yanlış do satmak zorlamak ben eğitim seçenek araştırmak eğitim danışman kendi yerinde hesap tablo üzer uygulamak olarak bir eğitim önermek gerçi seçenek biraz paha satmak güç tek bir lokasyon toplamak gerekmek eğitim danışman in diğer bir öneri online kurs buradada olin olarak hesap tablo eğitim veriliyor kurs makul bir temsil bireysel olarak online bağlantı kurabiliyor kurs son ilerlemek göre sertifika veriliyor kurs ücret kurs öneri aşağı linlten bulabilirsiniz uygu olmak düşünmek bir öner var lütfen ben bilgilenmek kış satmak kongre ön eğitim düzenlemek istemek i̇lgi teşekkür ediyorum saygı eğitim uzma,0
araç sahip olmak fırsat fuzuloto fpk sistem keşfetmek fpk sistem ay tl yemek araç sahip olmak mümkün se form doldurmak fpk sistem keşfetmek kolay olmak form google hesap ilişki bilgi kul dolmak form reklamverene göndermek ön giriş düzenlemek silmek,1
nuretti̇n tepmek ortaokul fati̇h projesi̇ kurs bi̇lgi̇leri̇ okul personeli̇ni̇n fati̇h projesi̇ kapsaminda almiş olmak kurs eği̇ti̇mler ekli̇ dosyadadir,0
mehmet kübra seveceğini düşünmek bir dizi eklemek netflix merhaba mehmet kübra pieces of eş dizi bölü sürüklemek duygu gizem bir kadın yaşamak küçük kasaba vahşî bir saldırı gizli tehlike ölümcül sır açık çıkarmak anne karanlık geçmiş dair parça bir fazla bilgi,1
osym sınav uludere şehit mehmet paksoy i̇lkokulunda öğretmen osym sınav görev işlem başvuru yapmak puan güncellemek uyarı veriyor tercih yapamıyorum adres mail atmak isteniyor konu i̇lgi yardım olur sevinmek,0
ödev hoca kusur bakmak mail yeni farketmek sanmak drive ayar bir hata yapmak yüklemek zaman geçmiş youtube yüklemek tekrar bura paylaşmak inşallah kabul eder https website https website,0
meb hizmetiçi eğitim faaliyet katılım bilgilenmek website website tarih aras halk eğitim merkez karasu sakarya adres yapılacak di̇ksi̇yon güzel konuşmak kurs başlangıç nisa isim hizmetiçi eğitim faaliyet kursiyer olarak alınmak faaliyet katılım husus gerek bilgi rica eder i̇l millî eğitim müdür,0
ön yıl yüzmek yüzmek eğitim plan merhaba arkadaş bayram sonra ufak bir sürpriz olabileceğini söylemek fakat dayanmak sürpriz bayram ön yapmak karamak vermek ön grup özel ön sene yüzmek yüzmek eğitim plan yapıp yapmak sormak sefer henüz yüzmek yüzmek eğitim plan yapmak bir düşünce olmak söylemek fakat son almak karar ön sene yüzmek yüzmek eğitim plan hazırlamak başlamak şimdilik ilk hafta plan bitmek üzer temmuz baş kadar ilk dönem yarı plan hazırlayabilirsek hafta plan hazırlamak deva ede yetişmek yıl plan yetişmek karamak verip vazgeçmek ön sene yüzmek yüzmek eğitim plan hazırlayıp hazırlamak ke karar temmuz baş vere şimdilik düşünce sade yaş plan hazırlamak fakat plan hazırlamak hız bağ olarak küçük yaş plan hazırlayabiliriz yine şimdilik düşünce ücret ücret plan hazırlamak i̇kisinin aras asıl fark ücret plan video etkin youtube üzer olup ücret plan video direkt olarak plan içinde olacak olmak bir ücret plan özel çeşit etkin hazırlayacağız ücret konu henüz düşünmek hele bir temmuz baş gelmek plan hazırlamak ke karamak vere zaman düşünür fakat piyasa plan ucuz olacağını rahatlıkla söylemek plan hakk detay bilgi şöyle bir pdf sayfa hazırlamak i̇nceleyip akıl takılmak sormak,0
nuretti̇n tepmek ortaokul kütüphane haftasi kütüphaler haftasinda okul yapılanmak etkin hafta boy siniflarda okumak etki̇li̇kleri̇ yapildi website kutlamak programi yapildi başarili öğrenci̇lere ki̇tap hedi̇yeleri̇ veri̇ldi̇,0
dünyada iz rekor kıran cats kedi buffy festival efsane mart ta müzikal sahne gösteri ti̇m show center ana salon çocuk buluşacak lampo milady pilou köfte isim sevim kedi macera kaçırmak bilet hemen almak covid kapsam alınmak tedbir görmek lütfen i̇lgi etkin etkin kural bölüm website mart pazar i̇stanbul,1
nitelik elektronik sertifika kullanım süre sayın ileti sakarya mi̇lli̇ eği̇ti̇m müdür tarafından sağ ser numara son üç hane nitelik elektronik sertifika website geçerli süre dolmak hatırlamak amaç gönderilmiştir sertifika sahip nitelik elektronik sertifika kullanım deva edebilmek sertifika geçerli süre dolma ön yenmek talep bulunmak yenmek yapılmadığı taktir sertifika geçerli süre dolmak sonra elektronik imza i̇lgi işlem gerçek imza yenmek süreç https website sayfa girişmek yaparak başvuru tamamlamak gerekmek süreç sonra cep telefon gönderi sms pos adres gönderi mail başvuru süreç takip yapılması website lı yöntem seçerek başvuru yapmak doldurmak olmak nes başvuru form ıslak imza olarak göndermek gerekmek kalmak nitelik elektronik sertifika kısa süre tem etmek imkân sağlayacaktı website vermek yar doküman ister elektroni̇k onay vermek tali̇mati link tıklamak onay vermek imza süre dolmak yeni sertifika üretim başvuru form ıslak imza hal kamu sm pos adres yollamak gerekmek yeni üremek sertifika eski sertifika süre bitmek geçerli olacaktır eski sertifika süre bitim kadar kul el sertifika süre dolmak sonra kamu sm online i̇şlemler sayfa üzer yeni sertifika pi kod oluşmak işlem tamamlayarak sertifika kul başlayabilirsiniz yenmek başvuru işlem ön gerçek posta dikkat almak saygı,0
araban talib website teklif kaçırmak araban trink satmak değer satmak araban hızla değer güve trink satmak,1
dünya yerinde alışveriş yapmak banka değil papara papara card dünya yerinde hızlı kolay güven alışveriş yapmak,1
garaj gün garaj gün website garaj gün başlamak hemen alışveriş baş fırsat kaçırmak,1
hüseyin şimşek eyl per merhaba kayitla i̇lgi̇li̇ sorumak çözülebi̇ldi̇mi̇ dekont göndermi̇şşti̇m,0
nurettin tepmek i̇lk orta website pzt merhaba ali bey öğretmen yönelik yapmak olmak hizmet dolayı kurum adına teşekkür eder kurum olarak toplam personel bulunmak kargo ücret gönder dâhil kurum olarak ödemek adres küp mah sokak eren sakarya,0
ödev ödev yapmak teşekkür eder,0
eğitim davet hk kardelen tugay merhaba yar birlik yazacağımız nitelik bilmek proje davet ediyoruz öğrenmek teorik bilgi uygulamak dönüşmek proje eğitim baştan son bir proje eğitmen online olarak can bağ gelişmek birlik yazmak proje github hesap ekleyebilir güncel teknoloji uygulamak gelişmek interaktif bir şekil öğrenebilirsiniz çağatay yıldız mentörlüğünde gün toplam saat sürecek reactjs ticaret uygulamak gelişmek proje yar başlamak proje birlik yazarak dâhil olmak ister kul teknoloji kazmak detay link üzer inceleyebilirsiniz https website whatsapp danışmak hat eğitim hakk bilgi almak mail liste bulunmak istemek aşağı form dodurabilirsiniz https website i̇yi çalışmak sağ gün dilemek,1
hemen alışveriş baş gratis hemen alışveriş baş bahar özel büyük güzel kaçmak avantaj fiyat keşfetmek hemen koşmak gratis,1
hoca merhaba beni̇m transkri̇pti̇mde yariyilda öğretmenli̇k uygulamasi öğrtmeli̇k uygulamasi ii gözükmek i̇ksi̇de i̇ki̇nhci̇ dönem mi̇ aliniyor ayrica bi̇ldi̇ği̇ni̇z üzer yiilk öğretmeni̇m bi̇ti̇rdi̇ği̇m fakülte uygulamalari aldi dersleri̇n i̇nti̇bak yapilmamasi üni̇verste kararimi bölü kararimi yökün kararimidir konu bölü di̇lekçe vermek değerlendi̇ri̇lebi̇lrmi̇ hoca teşekkür,0
özel ay ücret premium geç spotify premium ücretsi̇z denemek premium la hoparlör televizyon diğer sevmek cihaz bağlamak müzik kesinti dinlemek ayrıç premium çalma liste inmek çevrimdışı dinlemek böyle veri tasarruf eder yepyeni bir dinlemek deneyim se davet premium geç bir ay ücret din,1
verim dergi sayı tübi̇tak değerli araştırmak sanayi teknoloji bakan hakem bilimsel yay yıl yay hayat sürmek verim dergi sayı https website i̇nternet sayfa üzer bilgi iletir çalışmak kolay dilemek saygı website sanayi teknoloji bakan stratejik araştırmak verim genel müdür,0
merkez güç blog katkı bulunmak davet edildiniz blogger logo merhaba ileti merkez güç ad kul tarafından kul merkez güç blog katkı bulunmak davet edilmiş olmak bilmek amaç göndermek davet kabul etmek aşağı düğmek tıklamak davet kabul et önem davet kabul etmek blog katkı bulunmak başlamak bir google hesap oturum açma gerekmek google hesap yoksamak bura bir hesap oluşmak keyif blog dilemek blogger ekip,0
arşiv fatura flo logo kadın erkek çocuk spor sayın müşteri sipariş ait arşiv fatura ek bilgi sunulmuştur,0
trafik sigorta tl başlayan fiyat website tl başlayan fiyat trafik sigorta tl başlayan fiyat website te trafik sigorta sigorta şirket iyi fiyat garanti yıllık sade tl başlayan fiyat website almak,1
kitapseç te hafta satmak kitapseç yayın kitapseç te hafta satmak kitap kpss son viraj kpss öğrenci tercih etmek ürün inanmak kampanya varan indirim website,1
merhaba sevgi̇li̇ öğretmek arkadaşlarim yine emek vererek harika bir plan hazırlamak severek kul emin sınıf eş edebilmek ben büyük bir mut sınıf ben yer vermek ayrıç teşekkür eder i̇nşallah güzel bir eğitim öğretim yıl birlik tamamlayacağız link baş neler olmak belirtmek link tek tek inmek tavsiye eder wifi yemek yakı dosya winrar dosya olarak gönderiyorum büyük dosyalamak olmak sıkışmak gönderiyorum dosya inmek sonra dosya üzerine gelip sağ tiklayin bura çikart seçeneği̇ne basin şekil dosyalamak winrar çıkarmak kolay kul hepi̇mi̇ze güzel bi̇r yil di̇li̇yorum sevgi̇ler nalan öğretmek,0
dilek hoca merhaba cuma gün mazeret dilekçe asıl çarşamba gün bırakmak,0
telefon numara hesap kalmak sipariş hepsipay cüzdan kul hızlı ödemek kazan i̇ncele telefon numara doğrulamak gerekmek veri güvenlik önemsemek gerekli tedbir alıyoruz kapsam artık bir cep telefon numara sade bir hesap kaydetmek doğrulamak no telefon numara email tarafından kaydetmek doğrulamak hesap kalmak hesap üzer alışveriş deva edebilmek telefon numara doğrulamak,0
starbucks şehir tema kupa seri tl başlayan fiyat hepsiburada,1
website yanıtlamak kasko yapmak website kasko yapmak karşı taraf vermek hasar yüksek olacak kazmak durum trafik sigorta karşı taraf hasar website tl kadar karşılamak bilmek gün araç fiyat servis hizmet bir hayli paha website tl yetecek mi yanıt yetmek çöz kasko kasko kendi araç karşı araç kor alt alırsın kasko poliçe teminat i̇htiyari malî mesuliyet karşı taraf araç oluşacak hasar kendi korur üstelik i̇htiyari malî mesuliyet teminat limit bile yapabilirsin,1
mesleki̇ çalişmlar okul rapor haziran dönem meslekî çalışmak kapsam okul hazırlamak olmak meslekî çalışmak kapsam yer veri konu baz karşılaşmak soru çöz öneri çizelge sunulmuştur,0
galaxy seri değişim zaman özel teklif şimdi keşfetmek taramak görüntüleyin samsung galaxy seri bir i̇lk eski telefon getiri galaxy galaxy galaxy model avantaj fiyat sahip,1
tl i̇ndirim fırsat mobil uygulamak hemen i̇ndir yeni üye özel tl yemek tl i̇ndirimi yakalamak english home email abone çıkmak,1
cumhuriyet bayram na özel indirim pierre cardin lingerie email website üzer ek cum pierre cardin lingerie aile olarak ek cumhuriyet bayram coşku kutlamak bayram coşku indirim paylaşmak mevcut indirim ek ürün ek tarih aras geçerli i̇ndirim kod,1
mobil fatura son ödemek tarihî türk telekom bilgilenmek servi sayin hüseyi̇n şi̇mşek türk telekom no hatti ödemek bilgi asagidadir türk telekom ad soyad hüseyi̇n şi̇mşek fatura i̇d son ödemek tarihî ödemek tutmak tl hemen ödemek talimat vermek faturami görüntülemek türk telekom türk telekom türk telekom türk telekom türk telekom türk telekom fatura sorgulam,0
merhaba hüseyin bey ocak tarih yapılacak final sınav cumartesi oturum saat aras cumartesi oturum saat aras pazar oturum saat aras pazar oturum saat aras yapılacaktı website herhangi bir oturum bir öğrenci fazla ders final sınav katmak sebeple ders çakışmak mümkün değil ayn gün ayn oturum almak ders soru verilecek tanımak süre içinde cevap i̇yi gün,0
suwen almak ödemek fırsat suwen sütyen almak ödemek fırsat kaçırmak alışveriş başlayın,1
eli̇te naturel organi̇k gida sanayi̇ ti̇caret genel kurulu tarihî yapılacaktır pos tarafından yatırım uygulamak göndermek karşılamak mesaj merhaba mesaj görüntüleyemiyorsanız website mesaj kontrol edi eli̇te naturel organi̇k gida sanayi̇ ti̇caret nin yapılması plan olağan genel kurul toplantı ilişki toplantı çağrı elektronik genel kurul sistem ek söz konu çağrı website adres erişebilirsiniz mesaj ilişki ek dosyalamak bulunmak hal website yatırım uygulamak iz,1
di̇kkat mail tl kazanacaksınız i̇htiyaç uzaktan eğitim,1
popüler yüzük kolye bilezik bin takı stil göz at önermek hemen satı almak beğenmek pandora ayar gümüş kalp bileklik toka takı plata ley charm fit orijina sertifika orijinal ayar gümüş top son tasar ince zincir ayar gü website âdet grup klâsik mod temel charm bilezi klâsik tasar kırmız kristal website âdet set sevim karikatür çift bilez juya diy dekorasyon as kaplan panter pu mi boy çiçek aplik düğü dans âdet takı lüks alt kraliyet kral taç tümü görmek popüler kategori mod takı zarif mücevherat mekanik saat kuvars saat şapka fulâr,1
gcm forex selda sevinç merhaba ben gcm forex i̇lgi müşteri temsil selda sevi̇nçli̇ sonra süreç forex piyasa hakk bilgilenmek adına piyasa tecrübe olmak olmak türlü soru memnuniyetle cevap yardım olacağım i̇stediğiniz zaman aşağı iletişim bilgi ben ulaşmak istemek zaman dilim mail yanıtlamak paylaşmak,0
büyük i̇ndirimler flo flo ramazan şenlik fırsat başlamak hemen alışveriş baş,1
nuretti̇n tepmek ortaokul ysöp okul yıl aras ysöp kapsam öğrenci kaymak yok,0
website teknik i̇nceleme ocak salı website ocak salı website teknik analiz ocak salı gmt itibar aşağı seçmek araç i̇lgi son piyasa faaliyet temel alınmak oluşmak teknik öngörü analiz bulabilirsiniz pos seçim değişmek enstrüman bölüm ziyaret edi belirli zaman ara geçerli bilgi önem teknik indikatör üs hareket ortalama oluşan kapsam bir özet içermek,1
sipariş alınmak merhaba website dan alışveriş yapmak teşekkür sipariş i̇lgi mağaza tarafından ilâ iş gün içeri ptt kargo teslim edilecektir sipariş i̇lgi soru sorun lütfen tıklamak yardım olmak memnuniyet duyar alışveriş detay aşağı sipariş özet bölüm bulabilirsiniz sipariş kargo teslim edildiğinde sipariş geçmiş bölüm kargo barkod sipariş geçmiş detay kargo adres kargo takip edebilirsiniz sipariş i̇lgi bilgi sipariş geçmiş sayfa öğrenebilirsiniz güzel gün kul dilemek devlet güvence kolay güven alışveriş epttavm,0
outlet ürün i̇ndirim fırsat outlet özel fırsat ürün şimdi reebok online shop,1
kahoot davet edu buluşmak bahar baskı hikâye paylaşmak öğretmen bağlantı kurumak harika güç öğreneceğiniz ücret bir sanal pd etkin bize katı dünya dört bir yan öğretmen öğrenci etkileşim giriyor kahoot kul iyi uygulamak yaş seviye kahoot tan güncellemek okul kahoot akademi tabiî bol bol kahoot oynayın mart perşembe pdt müthiş yağma kazanmak şans er kayıtmak şimdi üye olmak katılamıyor etkin kayıt ana paket servis bir özet almak kaydolun,0
eğitici eğitim başvuru hk meb duyuru değerli öğretmen okul ön sınıf öğretmen uzaktan eğitim süreç okumak yazmak matematik öğretim beceri gelişmek çalışmak millî eğitim bakan unicef i̇şbir yürütü website ilişki il öğretmek kapasite güç okul ön öğretmen eylül ek ek tarih aras eğitici eğitim yapılacaktır eğitim katılmak isteyen okul ön öğretmen http website meb veri̇ toplamak manisa i̇linde görev yapan i̇dareciler i̇çin i̇htiyaç anket manisa i̇linde görev yapan i̇dareciler i̇çin i̇htiyaç anket website adres girişmek yaparak i̇lgi alan dolmak başvuru yapmak gerekmek katılım teşekkür eder öğretmek yetişmek gelişmek genel müdür,0
ekampüs te neler yenilemek değerli ekampüs kul hüseyi̇n si̇msek ekampüs ün kul dost kişisel bir öğrenmek orta suna yeni arayüz deneyimlemek ummak değişim sonra ekampüs platform kul sağlamak yeni derlemek kısa video aşağı buton tıklamak izleyebilirsiniz,0
penti fırsat köşe penti sezon ürün kampanya i̇ncele şimdi alışveriş baş,1
doğu gü kutlu olmak i̇nternet kitap ki̇tapyurdu sosyal medya hesap merhaba hüseyin simşek doğu gü kutlu olmak doğu gü münasebet website tarihî türkiye iç teslimat adres yapacağınız alışveriş kargo masraf hediye not avantaj puan sipariş kapsamak i̇yi gün dilemek,0
duvar kâğıt adres duvar online duvar kâğıt adres güzel duvar kağıt,1
hoca merhaba ben böte sınıf öğrenci danışman hoca gözükmek öğretmek olmak bölü deva edemedim kayıt intibak yapmak yıl temel ders öğretmen uygulamak kalıyor azami süre sene son gözükmek ben deva etmek yâd sınav hakk varmı yapabilirim konu yar,0
ders yazilma merhaba hoca ben böte öğrenci̇si̇yi̇m kayitliyim bahar dönemi̇ ders kayitlarinda nesne tabanli programlamak dersi̇ni̇ seçti̇ği̇mde ders programi hatalidir uyarisi veri̇yor si̇stem konu yardimci olabi̇li̇rmi̇si̇ni̇ website no,0
merhaba hak eksik kalmak hemen eklemek teşekkür i̇yi gün,0
sayın no kart ait mart ekstre ekli pdf dosya dönem borç son ödemek tarihî aşağı belirmek,0
sipariş kargo verildi sayın sipariş kargo verilmiştir fatura düzen adres posta gerekli detay aşağı yazılı bizde alışveriş yapmak teşekkür eder,0
ön onay kredi kart hazır aidat kredi kart hesapkurdu nda karşılaştırmak avantaj bulmak,1
kasmak gelişmek i̇stasyonu home gym compact website dambıl stand barfiks squat bench press lat pulldown website kat mekik sehpa kasmak gelişmek stop disk mm smart kat ağır sehpa website şinav bari push up club fi̇tness esnemek mati mm si̇yah ağır çalışmak i̇stasyonu website barfiks bar cross training egzersiz set suspension trainer mavi kırmız dst antrenman bar ağirlik dambil seti̇ kg vücut geli̇şti̇rme masaj alet kat mekik sehpa website kapı barfiks bar bilek ağır kg tonesoftbell squat sünger kalça sıkışmak hip thrust siyah sert masaj rulo siyah foam rol el yayi el yay kg dambıl set kg siyah barfiks bar cm cm bacak direnç banmak zor kalça direnç banmak,1
merhaba proje ders yazılamak öğrenci proje konu danışman birlik belirleyip akademik takvim belirti tarih kadar enstitü bildirmek gerekmek danışman mail adres sabis rehber website konu enstitü iletmek aşağı link tıklamak proje sekmek seçip i̇lgi duyuru okuyunuz https website maile dönmek yapmak soru talep i̇şletme enstitü web sayfa bulunmak iletişim sekmek kul i̇yi gün,0
sevgi üye hafta i̇ndirime giren ürün kaçırmak i̇ndirim ürün ücret kargo avantaj kemal tan kadın vega bot bot website try yerinmek website try kemal tan erkek derı klâsik ayakkabı website try yerinmek website try kemal tan erkek derı cüzdan cuzdan kart anahtar website try yerinmek website try kemal tan kadın derı sneakers spor ayakkabı website try yerinmek website try kemal tan erkek kumas şapka şapka website try yerinmek website try kemal tan kadın derı klâsik ayakkabı website try yerinmek website try,1
kitap almak ödemek fırsat yakalayın ebebek i̇nternete özel yeni gelen fırsat ürün mobil uygulamak i̇ndirin fırsat anı haberdar ebebek mobil uygulamak an yan,1
i̇ha kayıtmak sistem pos onay kod ihashgm i̇ha kayıtmak sistem pos onay kod aşağı lütfen girişmek yaparak bilgi sayfa bulunan pos onay kod alan giriniz aşağı bulunan link tıklamak pos onay kod pos adres onay i̇ha kayit si̇stemi̇ si̇vi̇l havacilik genel müdür lütfen cevap göndermek,0
net i̇ndi̇ri̇m baby me bebek bez külot bez wee baby ürün geçerli i̇ndirimi keşfetmek i̇nternete özel yeni gelen fırsat ürün mobil uygulamak i̇ndirin fırsat anı haberdar ebebek mobil uygulamak an yan,1
pazar akşam neler olmak neler mit yıkmak sevmek sevmek iş bakış aç değişmek campus connect yayın tat hal damak henüz izlemek yakı i̇lişkiler in lider sürmek dr gizem sürenkök sevmek iş yapmak yapmak iş sevmek mi soru derinlemesine incelemek yayın bura izleyebilirsin,1
su sipariş bayi kapı gelmek il bayi kapı su teslimat başlamak,1
kadir yıldırım merhaba hüseyin bey ocak tarih yapılacak final sınav cumartesi oturum saat aras cumartesi oturum saat aras pazar oturum saat aras pazar oturum saat aras yapılacaktır herhangi bir oturum bir öğrenci fazla ders final sınav katmak sebeple ders çakışmak mümkün değil ayn gün ayn oturum almak ders soru verilecek tanımak süre içinde cevap i̇yi gün,0
müşteri değil öğrenci website merhaba oğuz öğrenci müşteri olarak görülüyor âdeta para olmak barınmak mantık eğitim barınmak hakk yok kalmak demek öğrenci inisiyatif kira denet yurt ücret düşürülmesi kampanya başlamak öğrenci talep destek olmak imzalamak ev kira denet yurt ücret düşürülsün website kişi öğrenci i̇nisiyatifi tarafından başlamak kampanya imzalamak haydi website imza hedef şimdi tek tıklamak imzalamak pandemi süreç birlik derin ekonomik kriz pay alan öğrenci olmak öğrenci henüz okur ayn zaman ucuz iş gü olarak çalışmak zor kalmak i̇nsa yaşamak düzey olmak kyk kredi almak mecburiyet olarak mezun olmak hayat borç başlamak bugün başlayarak yar sömürmek eğitim iş olarak yetişmek son süreç gelindiğinde üniversite yüzmek yüzmek eğitim geçecek olmak birlik öğrenci barınmak yer bulmak sorun âdeta kâbus dönmek öğrenci zaman ev yurt aparmak sahip tarafından müşteri muamele yapılmakta duru görmez gelinmekte öğrenci sistem tarafından müşteri olarak görülüyor âdeta para olmak barınamaz mantık eğitim barınmak hakk yok kalmak yaramak kriz aç sefalet mahkum bırakmak kriz bedel ödemek çalışanlara karşı kampüs sokak ses taşıyacak mücadele büyümek öğrenci müşteri olarak gören sistem karşı imza kampanya başlamak bütün sır arkadaş mücadele çağırmak,1
website ücret ayrıcalık üye olmak neler yapardınız website ayrıcalık üye kendi gelişmek ayrıcalık üye ücret ödemek gün boy deney deneme süre sonra ay sade dan başlayan fiyat taktik bulmaca bilgisayar analiz video ders fazla eğitim analiz aygıt sınır erişim el ederek oyun bir üst seviye taşıyın şimdi hemen tamamen ücret deney,1
gönder almak kargomsende sayın nagihan şimşek gönder teslim almak teslimat anı temas teslimat kod tckn kullanım zorunlu kargomsende olarak çalışmak sağlık gönderi güven teslimat önemsemek süreç fizik tema azalmak amaç temas teslimat kod tc kimlik numara tckn kullanım teslimat yapıyoruz temas teslimat kod gönder dağıtım çıkarmak paylaşmak cep telefon sms pos kanalıyla iletmek gönderi temas teslimat kod tckn kul teslim almak istemek https website bağlantı seçim onaylamak gerekmek iyi hizmet verebilmemiz paylaşmak üye bilgi kontrol etmek rica eder saygı,0
on yeni kripto varlık şimdi rainde i̇şleme açık merhaba değerli kul global piyasa ön ge platform rainde al satım depolamak takas işlem kapsam bir şekil gerçek yeni kripto varlık seçenek sunuyoruz rain katılım sağlayarak platform hizmet fayda lütfen hesap doğrulmak işlem tamamlayınız kripto varlık görmek,1
almak teklif bulmak merhaba oğuz i̇lkokul özel ders talep teklif gelmek ön saat içinde haber alamazsak iş yapılmadığını varsaymak yorum almak kapamak teklif sahip an teklif seçmek düğmek basmak seçim sistem kaydetmek yorum yazabilir profesyonel se memnun etmek sorum tutabilirsin,0
favori i̇lanınızın fiyatı düşmek merhaba hüseyin şimsek favori eklemek sahi̇bi̇nden kizilarikta ara kat baş ilân fiyatı düşmek,0
oxford handbook erişim değerli kul abone olmak ebook subscription super collection turkey içinde yer ala oxford handbook kitap aşağı adres https website kampüs dış kütüphane hesap vetis kampüs dış erişim oturum açma gerekmek i̇yi çalışmak dilemek,0
hepsiburada ios android huawei bi̇zi̇ taki̇p edi̇n facebook twitter i̇nstagram youtube market elektronik hizmet ticaret kuştepe mah mecidiyeköy yol cad no trump towers kule kat şiş i̇stanbul hepsiburada elektronik pos veri taban kayıt olmak ileti alıyorsunuz mersi̇s no mesaj hepsiburada tarafından iletmek hepsiburada dan promosyon duyuru mesaj içermek pos almak istemek üye bilgi sayfa kampanya posta haberdar olmak istemek seçenek yan işaret kalmak bilgi hemen güncellemek tıklamak,1
ay website km garanti vavacars website ay website km garanti vavacars sertifika el araç avantaj fiyat kapı site gidi,1
gratis online mağaza bahar özel büyük güzel kaçmak avantaj fiyat keşfetmek hemen koşmak gratis,1
merhaba ödev vize not sunu performans hazırlamak sunu içerik verilecektir final hafta işlemek makale sınav olacaktır makale sunar açıklamak destekleyici ilâve kaynak fayda ancak öncelik makale anlamak yorumlamak olmak gelecek hafta sunu mücahit tandoğan cengiz yaman gerçek website gelmek künye gündüz resul nesne i̇nternet gelişim bileşmek uygulamak alan pamukkale üniversite mühendis bilim dergi ek dosyalamak dosya,0
merhaba yöneti̇m bi̇li̇şi̇m si̇stemleri̇ tezsi̇z uzaktan eği̇ti̇m yüksek li̇sans baş website yedek gözükmek yedek li̇stede sira ben gelmemi̇şti̇ yedek aday kalmişti yedek li̇stede beni̇m siralamamdan sonraki̇ler li̇stede olmasina rağmen beni̇m i̇smi̇m li̇stede yok konu i̇le aci̇l i̇lgi̇leni̇rseni̇z sevi̇ni̇ri̇m,0
nuretti̇n tepmek ortaokul suri̇yeli̇ öğrenci̇ bi̇lgi̇ form website çar okul kayıt suriye iraklı öğrenci ait bilgi ek sunulmuştur,0
yepyeni website tanışmak hazır kasko trafik tamamlayıcı sağ dask kampanya yenilemek website sigorta dünya artık se net yenilemek yapay zekâ hayat kolay deneyim hazır taşımak sağ konut sigorta fark etmek ben doğru ürümek hangi kapsam ihtiyaç var uygun bulabilir mi fazla düşünmek yeni yapay zekâ se fazla sigorta şirket iç on teklif uygun ucuz kapsam karşılaştırmak ihtiyaç göre doğru ürün iyi fiyat garanti önermek sana özel sağ danışman sağ sigorta artık net özel sağ danışman an yan satı alırken akıl soru net cevap alabileceğin istemek kapsam göre doğru ürün sana sunarak net teminat net fiyat değerlenmek sağ sigorta konu karmaşık olmak çıkmak saniye içinde telefon uç umar zaman yol olur yine bir hasar duru söz konu mesai saat ge gündüz tatil takılmak uzma sigorta danışman üstelik saniye içinde yıllık tecrübe dijital hızlı teknolojiğiz yepyeni website te tecrübe net teminat net fiyatlamak net destek net website kafa net kazmak net,1
i̇şte çocuk gelişim destekleyecek hizmet armut pişmek ağız düşmek temiz tadilât nakliyat tamir özel ders sağ tamir montaj i̇şlerini halletmek çocuk gelişim destekleyecek hizmet yan yüzmek özel ders hi̇zmet almak piyano özel ders hi̇zmet almak gitar özel ders hi̇zmet almak resim özel ders hi̇zmet almak oy abla hi̇zmet almak tenis ders öğrenci koçu hi̇zmet almak yaş seviye uygu yabancı dil ders göz atabilirsin online i̇ngilizce özel ders hi̇zmet almak i̇spanyolca özel ders hi̇zmet almak almak özel ders hi̇zmet almak fransızca özel ders hi̇zmet almak çocuk oda dekorasyon neler ihtiyaç var boyamak badana usta hi̇zmet almak özel mobilya yapım hi̇zmet almak marangoz,1
ci̇mer başvuru cumhurbaşkan i̇letişim merkez sayın website cumhurbaşkan i̇letişim merkez ci̇mer yapmak olmak başvuru website tarihî alınmak başvuru sayı takip edebilirsiniz,0
kurtarmak hesap ta şok i̇ndirim sayın müşteri kurtarmak hesap ta şok i̇ndirim i̇şletme kart ınıza bağ kurtarmak hesap ınızda büyük faiz i̇ndi̇ri̇mi̇ temmuz itibarî kurtarmak hesap ınızın faiz ora ay website yemek düşürülmüştür kobi̇ lere hayat deniz güzel,1
şubat tl world gold hesap özet hesap özet sayın hüseyi̇n şi̇mşek numara kredi kart ait hesap özet nizi ekli dosya bulabilirsiniz son ödemek tarihî şubat hesap özet borç website tl asgari ödemek tutar tl pos iletişim yurt dış servis sağlayıcılarının kul nedeniyle finansal bilgi yurt dış çıkmak bilgi güvenlik açı risk teşkil edebilmektedir banka ürümek hizmet ilişki finansal bilgi pos almak yerinmek banka world mobil yapı kredi mobil i̇nternet şube kolay güven bir şekil ulaşmak tavsiye eder kredi kart hesap özet i̇lgi iletişim tercih yapı kredi mobil i̇nternet şube mesaj menü bulunan pos ayar adım takip ederek belirleyebilirsiniz hesap özet açıklamak görmek tıklamak adobe reader hesap özet nizi görüntüleyemiyorsanız adobe reader yüklemek tıklamak,0
sipariş kargo verildi website sipariş kargo verildi sayın numara sipariş kargo verilmiştir sipariş kargo durum aşağı kargo takip adres yardım izleyebilirsiniz http website sipariş i̇lgi soru lütfen site müşteri hizmet bölüm ziyaret edinmek website alışveriş yapmak teşekkür saygı,0
teknoloji i̇novasyon diğer linkedin düşünce paylaşmak linkedi hüseyin şimşek ağ ön çıkanlar teknoloji i̇novasyon teknoloji i̇novasyon elon musk bir süre oy konu çalışmak yapan tesla steam oyun entegrasyon fazla görmek nuri sevmek gürvardar nuri sevmek gürvardar kule akademi şirket eğitim direktör köy bir horoz var sabah bağırmak dururdu bir gün ses kesmek sahip sormak horoz ses resmi görüntülemek business network worldwide business network worldwide cambridge üniversite mühendis bölü nü tarihî derece kazanan işın beyza demir in hedef nobel ödül fazla okumak i̇ş i̇lanları i̇ş i̇lanları website followers günaydın tebessüm hatırlamak gün bir gün olmak bugün i̇şi̇lanları i̇stihdam sağlayacak yeni fazla gödaha fazla okumak i̇stihdam ofis i̇stihdam ofis website followers yıl deneyim yıl deneyim kişi verim olacağız kimse yeni mezun,0
favori i̇lanınızın fiyatı düşmek bilgilenmek posta ge kutu düşmek emin olmak email adres adres defter ekleyebilirsiniz website favori i̇lanınızın fiyatı düşmek merhaba hüseyin şimsek favori eklemek sahi̇bi̇nden kizilarikta ara kat araç takasina açiktir baş ilân fiyatı düşmek,0
hepsiexpress çiçek le sevmek sevinmek sevmek sevinmek hediye akvaryum vazo kırmız gülmek tl indirim tl indirim tl üzer alışveriş geçerli,1
pedal çevirmek vites at bisiklet ihtiyaç yemek varan indirim fırsat sürmek,1
ezber boza servis castol auto servi araç bakım ezber boza servis castrol auto servis,1
ala bedava ayakkabı giyim aksesuar ürün i̇ndirimli fiyat slazenger,1
obezite önlemek program hakk farkındalık belirlenmesi anket sayın müdür öğretmen aşağı linkde bulunan anket ilköğretim okul bulunan müdür müdür yardım sınıf öğretmen katılım düzen sınıf öğretmen okul yürümek obezite önlemek program hakk farkındalık belirlenmesi farkındalık yürümek eylem plan katkı sunulması amaç anket ortalama dk aras sürmek hiçbir kimlik bilgi istenmediği veri sade akademik amaçlamak kul anket katılım görüş teşekkür eder anket haziran tarihî kadar yay kalmak katılım olmak anket sonuç açı önem arz etmekted,0
ortaokul öğrenci araştırmak proje yarışmak numara proje başvuru sonuç sayın nuray kurum tarafından yıl in düzen ortaokul öğrenci araştırmak proje yarışmak na başvurmak teşekkür eder başvuru bulunmak numara proje i̇lgi jüri tarafından değerlenmek bölge ayn ala başvuru yapan proje sayı bölge yarışmak katmak proje sayı başvuru yapılanmak ala ayrı kontenjan göz ön alınmak yapılanmak değerlenmek sonuç yukarı belirti proje sıralamak alt kalmak bölge yarışmak na davet edilmemiş website yarışmak temel amaç sınır sayı proje ödül vermek değil bilim i̇lgi duyan genç bilimsel araştırmak yapmak teşvik etmek süreç veri emek bilim i̇lgi artacağına çalışmak öğrenci gelecek büyük kazanç sağlayacağına inanmak belge ekin değerlenmek kriter göre jüri tarafından proje veri ortalama puan görebilirsiniz bilim i̇lgi artarak deva etmek kurum tarafından düzen etkin tekrar ara görmek dilemek,0
aday öğretmen okul görev aday öğretmek zehra yalçin temel hazırlayıcı eğitim kurs sınav yer tarihî bilmek,0
nurettin tepmek ortaokul okul demirbaş bilgisayar malzeme âdet escort kasa âdet dent kasa âdet acer monitör âdet klâvye âdet fotokopi makina sharp,0
harika bir teklif var website harika bir teklif var araba harika bir fiyat satı değişmek ödemek ayn gün alınmak,1
bilgi edinmek mail meb bilgi edinmek sistem website millî eğitim bakan bilgi edinmek sistem başvuru yapan kişi ad soyadı hüseyi̇n şi̇mşek başvuru ilişki cevap eğitim kurum müdür başyardımcı müdür yardım yazılı sınav başvuru klavuzu göre değerlenmek klavuzu dış konu millî eğitim bakan i̇kgm site duyuru takip etmek gerekmek,0
görev vermek sanat delegasyon konu webinar program şubat cuma gün saat aras zoom üzer can interaktif olarak gerçek uluslararası yönetmek danışman tecrübe sn evre aksoy tarafından sunulacak program katılım bedel tl kdv başvurmak bura tıklamak mail yanıtlamak numara telefon bize i̇ş paylaşım yönetmek bir iş takı arkadaş çalışanına aktarmak iş hızlı sorun olarak bitmek sağ i̇yi bir delegasyon önem faktör program delegasyon etki yapabilme yöntem ilişki plan harita ipuç başarı örnek birlik özellikle başarı üzer durulmak bir tecrübe aktar içermek program katılım verim nedeniyle kontenjan sınır yak etkin website yargıtay karar işığında i̇şveren hak i̇ş akit fesih süreç yönetim website i̇şe al mülakat kişilik tanımak website uygulamak personel öz i̇şleri sgk bordro uzman website uzak ekip yönetim website i̇nsanı anlamak davranmak yönetim website i̇ş sosyal güvenlik hukuk uygulamak i̇şe i̇ade dava süreç website i̇kna mühendis algı yönetim website i̇şyerinde çeşit kapsamak webinar program katılmak bilgisayar zoom video conference program kurulu olmak bura tıklamak zoom ücret bir şekil üye olup program inmek melis akbulut kavak mh muhammed cinnah sk no beylikdüzü i̇stanbul,1
dagi ayyıldız kiğı armani ramsey kip koton superga hugo boss paul shark calvin klein pek cok marka varan indirim,1
bugün özel i̇novatif ürün fırsat keşfetmek decathlon decathlon merhaba hüseyin ar ge merkez sporsever ürün keyif pratik hal getirmek amaç yenilik tasarım yapıyoruz i̇novatif ürün tanışmak sade bugün özel fırsat hemen aşağı keşfetmek,1
webinar literatür taramak teknik pratik araştırmak i̇puçları değerli kul gün aşırı bilgi ortam güvenmek akademik kaynak yol literatür taramak kolay yöntem araç neler soru cevap bulabileceğiniz literatür taramak teknik pratik araştırmak i̇puçları konu webinara davet tarih ek çarşamba saat zoom bağlantı adres https website zoom toplantı i̇d seminer konu kütüphane kaynak ayn an ara tam metîn akademik hakem dergi makale kitap tezlemek vaka çalışmak fark döküman tür tek girişmek nokta üzer türk fark dil ekitap çevrimiçi çevrimdışı kullanım özel web of science scopus atıf indeks makale atıf sayı ara terim i̇lgi sonuçlamak detay daralmak tarih konu coğrafya yay vs hedef yönelik araştırmak otomatik olarak kaynak oluşmak bibliyografik yönetim program endnote procite vb entegrasyon ara dergilemek hatırlamak kişisel klâsör kullanım dergi ara,0
merhaba hüseyin bey sistem güncellemek transkript yönetim bilmek sistem ders yıl son başar not yansımak sabisten görebilirsiniz i̇yi gün,0
bilgisayar kasa oyun bilgisayar kasa dâhil model seçenek uygu fiyat avantaj kaçırmak,1
oks sistem çıkış ödemek sayın hüseyi̇n şi̇mşek otomatik katılım kapsam numara bireysel emeklilik sözleşmek ilişki ayırmak ödemek tarihî yapılmıştır saygı ürün hakk fazla bilgi almak website yi ziyaret edebilirsiniz sözleşmek i̇lgi detay bilgi işlem hızlı yapabilmek cep şube mize beklemek ek yer ala dosya açamadıysanız acrobat reader inmek tıklamak,0
yeni promosyon duyuru merhaba erhan etik hacker olmak kurs seviye ağmak i̇çi saldırı kurs eğitmek atil bir duyuru yapmak arkadaş herkes merhaba öncelikle başlamak belirmek son ay python android ios ileri seviye eğitim bol bol güncellemek yapıldı ay içeri etik hacker olmak kurs nda güncellemek planlayacağız dış güncellemek eklem istek ben mesaj discord sunu website yazılı siber güvenlik alan hızlı şekil ilerlemek gün boy aşağı link kul indirim olarak eğitim edinmek,1
öğretmen meslekî çalışmak rapor aci̇l değerli öğretmek arkadaş eren i̇lçe millî eğitim müdür istemek olmak eğitim öğretim yıl meslekî çalışmak kapsam yer veri konu baz karşılaşmak soru çöz öneri yönelik hazır rapor yukarı boş bırakmak karşılaşmak soru çöz öneri sütun boş bırakmak dolmak hazırlamak olacaksınızdır ayrıç öğretmek yukarı belirti bir konu seçmek konu i̇lgi bir dosya hazırlayıp haziran salı gün kadar pos bellek idare teslim etmek gerekmekted,0
şubat maaş bordro duygu han merhaba ek önce iş yer ait şubat maaş bordro var bilgi,0
defacto online defacto sipariş hemen vermek trend ürün ayrıcalık fiyat sahip olmak,1
merhaba konu i̇lgi birim öğrenci iş irtibat kur öğrenci bilgi sistem ders silmek ders eklem ders bir danışman onay ders yapılacağı yöntem yüzmek yüzmek uzaktan obsye iş işlem birim öğrenci iş tarafından yapılmaktadır uzaktan eğitim merkez sade öğrenci bilgi sistem bilgi obs göre işlem yapmak ön öğrenci iş birim düzeltmek yapmak gerekmek öğrenci iş birim düzeltmek uygulamak pazar gün ge saat sonra yapılanmak düzeltmek uzem görülecektir i̇yi çalışmak,0
sipariş onay bkm kitap kitap kolay yol ödemek okumak sayın nagihan alışveriş site yapmak olmak sipariş kaydetmek sipariş numara online ödemek satı almak ürün toplam fiyatı tl dir önem uyarı aşağı bilgilenmek sade havale eft işlem geçerli kredi kart ödemek yapan müşteri dikkat almak gerekmek yok korumali havale eft i̇şlemleri̇ i̇çi̇n i̇yzico korumak havale eft işlem esna açıklamak bölüm sade i̇yzico dan ge hane referans kod yazmak rica eder i̇yzico nun hane referans kod yazmak eksik yazar ilâve rakam kelim yazar ödemek iptal edilecektir havale eft gönderim yaparken sipariş tutar net tutar olarak göndermek gerekmek eksik fazla yapılanmak gönder muhasebe olarak kayıtmak edilemeyecek iade edilecektir satı almak olmak ürün stok mevcut geç işgünü içeri gönderilmekte değil tedarik edilmektedir ortalama tedarik süreç tedarik firma yayınevi göre değişmek beraber iş gün ürün taraf kargo firma teslim edildikten sonra ürümek kargo tarafından teslim süre değişken göstermek birlik işgünü aras ancak güncel duru şehir salgın artışına bağ olarak kargo teslimat gecikmek yaşamak sipariş mümkün olabilecek kısa süre içeri el çalışacağı website dış bütün sipariş durum üye bölüm sipariş baş alt izleyebilirsiniz sipariş kargo verildiğinde kargo takip bilgi kayıt pos adres gönderilir i̇lgili kargo firma sms olarak cep telefon kargo takip bilgi website dış bütün sipariş durum üye bölüm sipariş baş altındaizleyebilirsiniz,0
indirim premium un neler yapabildiğine bayılacaksın busuu indirim sade se merhaba msl dil öğrenim yapmak zevk almak ancak bize pek fayda olmak iyi hissetmek premium kelim çalışmak özel erişim sağlayabileceksin sayed öğrenirken zorlamak kelime pratik yaparken akıl teknoloji kul bir yardım olacak verim biraz arttırmak mod hemen yükselmek yüzde beklemek premium üye indirim bugün fayda kendi üretken hissetmek kolay araç bura almak şimdi premium üye geç,1
sevgi paylaşmak unutmak kripto binance aşk beklemek arkadaş seven hayran binance davet edinmek varan değer gizem kutu kilit aç teklif şubat am utc itibar son erecek unutmak yıl tek bir sevgi gün var,1
tepmek home tepmek home website tepmek home bahçe sezon tepmek home açıl,1
çanta fiyat model çanta mode fiyatı öğrenebilir mi,0
paket kargo verildi sipariş hepsipay cüzdan kul hızlı ödemek kazan i̇ncele paket kargo verildi ara pazartesi gün belirtmek adres teslim edilecektir,0
rabia buluşmak rabi̇a platform sözcü abdurrahman di̇li̇pak rabi̇a platform koordinatör cihangir i̇şbi̇li̇r in konuşmak olarak katılacağı rabi̇a buluşmak ek perşembe gün website akm katılım beklemek,0
devre almak merhaba cleanroom üretim alan yeni kurulacak maki devre almak işlem neler konu hakk prosedür işlem basamak neler,0
bddk şikâyet in kuruluş yönlenmek bddk şikâyet sistem üzer yapmak olmak website tarih takip kod şikâyet hakk kurum tarafından yapılanmak değerlenmek sonuçlanmak başvuru tbb yönlenmek olup şikâyet ilişki süreç takip http website adres yapmak,0
meb hizmetiçi eğitim faaliyet katılım bilgilenmek sn oğuz tümer website website tarih aras namık kemal i̇mam hatip ortaokul karasu sakarya adres yapılacak website özel motor taşımak sürü kurs sınav sorum tamamlamak kurs isim hizmetiçi eğitim faaliyet kursiyer olarak alınmak faaliyet katılım husus gerek bilgi rica eder i̇l millî eğitim müdür not eğitim başlangıç saat website,0
bilgilenmek smart güneş teknoloji halka arz ediliyor smart güneş teknoloji halka arz ediliyor değerli müşteri smart güneş teknoloji halka arz talep yapı kredi mobil i̇nternet şube yatırım dünya dan müşteri i̇letişim merkez arayarak yapı kredi şube iletmek hisse senet hesap yoksamak yapı kredi mobil i̇nternet şube şube hemen hesap açabilir halka arz katmak yapı kredi mobil üzer halka arz katmak izlemek bura tıklamak smart güneş teknoloji halka arz tarih mart halka arz fiyat ara tl,1
bilgilenmek smart güneş teknoloji halka arz oluyor gönder olmak mail ge kut düşmek istemek lütfen email adres adres defter ekleyiniz mersis no değerli yatırım smart güneş enerji teknoloji arge üretim sanmak tic mart tarih tl fiyat qnb finansinvest tskb eşmek lider halka arz website arz talep qnb finansinvest i̇nternet şube mobil uygulamak üzer hesap girişmek yaparak al satım halka arz menü iletmek temsil ara gerçek halka arz edi pay ilişki yatırım karar izahname ince suret verilmesi gerekmek söz konu izahname kamu aydınlatmak platform website website website website web site ilân edilmiştir pay halka arz fiyatı belirlenmesinde sermaye piyasa kurulu borsa i̇stanbul herhangi bir takdir yetki onay bulunmak qnb finansinvest mail liste çıkmak lütfen tıklamak,1
osym website kaymakamliği nurettintepe ortaokul müdür okul ad nurettin tepmek i̇lk ortaokul kurum kod i̇lkokul ortaokul kurum müdür süfyan bi̇lgi̇ç kurum müdür website kimlik nosu kurum müdür cep okul tel okul adres küp mah sokak eren sakarya mail email kurum mail email email okul öğretmen ösym sınav görev almak gerekli sistem kayıt talep etmek gerek yapılmasını arz eder,0
i̇ndirimi kaçırmak hangi collagen i̇ndirimi kaçırmak su collagen in tablet tozmak sıvı form ekonomik fiyat satı almak,1
maxextra ürümek çeşit website maxextra ürümek çeşit maxextra ürün uygu fiyat website,1
veri̇mli̇li̇k rapor can bey ön sistem rapor almak i̇lgi olarak göndermek maile bir ilâve yapmak istemek kiosk revizyon ön almak istemek rapor i̇lgi olarak program arkadaş detay bir görüşmek yapabilsek iyi olur yapılacak revizyon rapor i̇lgi istek değerlenmek olur rapor vardiya sorum giriş olmak sonra yapılacak performans değerlenmek isim göre sort ederek verim görmek açı fayda olacaktır i̇malat baz verim hesap ek rapor yolmak izleyebileceğimizi söylemek özellikle yolmak karışık bir hesap gerekmek karışık yüklemek yapılanmak tur bir kalıp alacak imalât süre pa duruş süre pa yüklemek süre pa süre i̇lgi imalât karışık yüklemek çarpmak toplam süre çarpılmak yaklaşık olarak bulunabilir duruşla i̇lgi net süre almak istemek duruş rapor bilgi fayda ayrıç aşağı mail belirtmek tur baz maki rapor tur bir kod atamak proses süre bir sonra proses süre başlangıç kadar olarak belirlenmesi makina proses ara kalmak zaman kontrol edilmeyen bir zaman olarak kalmak önem arz ediyor makina iki proses aras yüklemek zaman makinist performans kontrol edeceğimiz önem nokta saygı,0
çağ ediz merhaba sütun baş olarak kelim yaz istemek devriği website txt dosya kelime kullanım âdet bularak kelim vektör bulmak olacaksın sonra hipotenüs kelim uzak kullanım sayı fark kare toplam karekök uzak bulacaksın kolay gelmek,0
yeni i̇şini tebrik etmek yakın i̇ş yıl dönüm yak çiçeksepeti sevgi nagihan geçen yıl yeni iş tebrik etmek yak başar do bir yıl geri bırakmak hazır yıl dönüm on güzel bir hediye vermek ders çiçek ofis ürün gömlek cüzdan güzel hediye hemen çiçeksepeti göz atabilirsin,1
kadın gü kutlu olmak özel kampanya hemen tıklamak son gün website sağ güzel ürün email özel kampanya kaçırmak bioderma kampanya bioderma ürün sepet ekstra i̇ndi̇ri̇m son gün mart alışveriş baş svr kampanya svr ürün sepet ekstra i̇ndi̇ri̇m stok sınır son gün mart alışveriş baş purobio kampanya purobio ürün fondöten olmak üzer ürümek alım luxliss love me mad duru saç şekillenmek hedi̇ye stok sınır son gün mart alışveriş baş marc anthony kampanya marc anthony ürün i̇ndi̇ri̇m stok sınır son gün mart alışveriş baş herbatint kampanya herbatint ürün âdet alım application saç boyamak kit hedi̇ye stok sınır son gün mart alışveriş baş kampanya indirim oran stok sınır dermogrup konu i̇lgi değişik yapmak hakk sahip kampanya bi̇lgi̇lendi̇rmesi̇ site yay indirim kampanya görsel duyuru yay olmak süreç belirti tarih ara geçerli stok miktar sınır satmak şart i̇lgi duru duyuru yâd görsel bilmek bir indirim yâd kampanya stokiar sınır tükenmek ürün stok durum ürümek sayfa belirmek bir promosyon ürümek kampanya hediye satmak ürün stok olmak belirmek duru söz konu ürümek âdet mevcut olmak anlam gelir stok miktar tükenmek ürümek yeni tedarik edilmesinin mümkün olmak durum stok duru yol gün içeri kargo verilir şek güncel stok tükenmek ürümek yeni tedarik edilmesi mümkün değil duru ürümek sayfa stok duru açıklamak tükenmek şek belirmek bir marka kategori indirim uygulamak tarih ara stok sınır belirmek duru mücbir sebep dış söz konu indirim oran sürekli olarak uygulamak anlam gelir kozmetik dermokozmetik ürün tanıtı sağ beyan i̇lei̇lgili önem uyarı hakk bilgi almak tiklayin,1
byart teklif website bey selam seo konu yardım olabiliriz ben acil olarak site girişmek panel ftp bilgi website medya alaka yar musaıt zaman telefon bir görüşmek yapmak gerekmek katalog tanıtı film hakk bilgi gün içinde dönmek,0
vichy dercos kurumak saç deri özel kepek karşıt şampuan vichy dercos aminexil clinical kadın saç serum vichy dercos aminexil clinical erkek saç serum vichy dercos energisant saç dökmek karşı şampuan ml âdet vichy dercos energisant dökmek karşıt şampuan vichy dercos densi solution şampuan vichy dercos kurumak saç kepek karşı etki bakım şampuan ml âdet vichy dercos anti dandruff normal yağ saç kepek karşıt şampuan ml âdet,1
hepsiburada dan elektronik dış yapacağınız tl üzer alışveriş geçerli tl indirim şifre opet email hepsiburada dan elektronik dış yapacağınız tl üzer alışveriş geçerli tl indirim şifre opet müşteri özel mart çarşamba gün aras hepsiburada elektronik ürün hariç kampanya dâhil ürün yapılacak tl üzer alışveriş geçerli tl indirim verilecektir kampanya indirim şifre i̇ndirim kod website kişi sınır kul bir indirim kod tek alışveriş bir kul müşteri kampanya yalnızca bir yarar kampanya başka bir kampanya bir kampanya i̇lgi detay https website adres opet hepsiburada kampanya durdurmak son ermek kampanya kapsam değişik yapmak hakk saklı tutmak,1
besin takviye kişisel bakım saç bakım cilt bakım pek sevi ürün indirim fırsat beklemek güneş ürün güneş sonra yetişkin kor çocuk kor ni̇san ayi kampanyalari iyiyizbiz başlamak,1
eğitim öğretim yenilik ödüllerideğerli öğretmek arkadaş bakan sünü düzenlemek eğitim öğretim yenilik ödül başvuru bugün itibarî başlamak tür kademe öğretmek yönetmek lise öğrenci başvurabildiği yenilik başvuru kategori bulunmak son tarihî mayis dır başvuru http website adres yapılacaktır başvuru detay rapor format i̇lgi genelge ek doküman http website adres değerli öğretmen örnek teşkil edecek çalışmak platform yer almak başvuru kıymet olmak belirtmek ister emek gayret teşekkür eder saygı sunar,0
i̇ndirim şimdi başlamak bura tıklamak website premium geç kısa sürel fırsat i̇ndi̇ri̇m seçil wix premium paket wix sale wix sale fırsat kaçırmak site bugün bir premium paket geçiri ödemek yıllık özel bir domain ücretsi̇z alınmak site google analytics ekleyin site wix reklâm kalmak gb depolamak ala sınır bandwidth edinmek premium destek tat çıkar acele edinmek teklif yakında bitmek,1
nghn nastya eş dil öğrenmek yar et türk konu bilgi ihtiyaç var nastya alıştırmak yapmak konuşmak dil i̇ngilizce öğrenmek dil türk merhaba ben nastya beslemek madde vejetaryen diyet kolay alınmak sade yiyecek anlamak hoş kalmak mükemmel düzeltmek ek düzeltmek yapılır i̇ngilizce öğrenim kişisel ihtiyaç göre oluşmak kelim çalışmak çevrimdışı mod busuu sertifika öğrenmek dil ana dil olarak konuşmak kişi konuşmak fırsat yakalayabileceğin sohbet özel güç,1
bluecat kumanda lü güneş enerji hareket sensör led lamba seçenek kendinden yapışkan dekoratif panel kendinden yapışkan tuğlamak desen esnek duvar panel kâğıt âdet beyaz kendinden yapişkanli esnek sünger duvar panel araç i̇çi çelik su isıtıcı termos bardak tfa dostmann bingo termometre alarm dijital saat renk seçenek i̇le kendinden yapışkan dekoratif panel technosmart hareket sensör güneş enerji şarj olabilen ledl kendinden yapışkan esnek silmek duvar kâğıt renk kendinden yapışkan esnek sünger silmek duvar panel panel çim çit kare taban sekizgen direk üst bahçe armatür siyah vegans nostalji tavuk kurmak çalar masa saat pil renk peri led işık saçak metre dekoratif aydınlatmak ahşap dekoratif lü halat halat klemensli raf ahşap duvar raf appa taşinabilir led büyük flash usb led işik ge lambasi sr âdet güneş enerji so bahçe duvar lamba aydınlatmak led güneş gol latin bronze alt bronz cm ayna duvar saat website nevka smc modüler duvar panel pas sac kâp website website drago blood jasper gram tambur parçalamak dekoratif el yapım metal vosvos çakra taş çeşit doğal taşmak rengârenk bileklik yapmak set loow bands lambadar selçuklu motif ferforje model retro rustik sarkıtmak avize siyah ct cata pelikan led duvar ayna aplik beyaz işık diğer ürün göz at,1
dyson kablo süpürge website website dyson kablo süpürge kablo zahmet temiz hijyenik hazne boşalmak sistem hepa filtre,1
fatih bey merhaba mail adres necati bey almak kurum emlak paket konu şirket gelerek sunu yapmak mümkün konu dair olumlu olumsuz bilgi vermek rica eder ömer kılıç atak gayrimenkul,0
i̇ndirimden fayda i̇çin son saat website premium geç son saat i̇ndi̇ri̇m seçil wix premium paket wix sale wix sale indirim bitmek kalmak site bugün bir premium paket geçiri ödemek yıllık özel bir domain ücretsi̇z alınmak site google analytics ekleyin site wix reklâm kalmak gb depolamak ala sınır bandwidth edinmek premium destek tat çıkarmak acele edinmek teklif saat içinde son erimek,1
firma müşteri numara text dosya başar aktarmak bağ olmak şube tarafından onay verilmesi şart uygu olmak durum ödemek tarihî işlem gerçek,0
değerli blatform üye blatform hakk son gelişmek i̇lgi olarak ek mektup paylaşmak istemek soru yorum bize email adres zaman saygılarımızlablatform ekip,0
website şifre talep sayın oğuz tümer website şifre unutmak servi talep et olmak şifre aşağıdadı website adres şifre kul giriş yaparak ilân oluşmak hemen başlayabilirsiniz mail email şifre şifre girerken küçük harf sıfır karakter karışmak yazmak dikkat edi,0
süper loto milyon tl yi aşmak büyük i̇kramiyesiyle akşam çekilmek süper loto kazanmak deva ediyor merhaba oguz milyon tl yi aşmak büyük ikramiye süper loto akşam çekilmek hayal ertelemek hemen şimdi oynayın şans bol olmak,1
randevu bilgilenmek mesaj sayın çağri şi̇mşek randevu bilgi aşağı yer almak hastane antalya kaş devlet hastanesi̇ poliklinik üroloji hekim ad gökalp bi̇li̇ci̇ muayene yer üroloji polikiliniği randevu zaman website website randevu tür muayene adres adres gökseki̇ mahallesi̇ antalya kalkmak yol üzeri̇ kaş antalya lütfen belirti zaman muayene hazır,0
ram ölçü kontrol sistem lasair pro aerosol partikül sayı lasair pro aerosol partikül sayı yıllık partikül saymak deneyim bir lasair pro aerosol partikül sayaç veri bütün küre gereksinim karşılamak üzer son teknoloji tasarlamak dokunmatik ekranmak basit menü seçenek menü aras gezinmek kolay cihaz duru renk ekranmak aracılığıyla hızla iletmek,1
yaz çizmek eğlenmek gün öte yan yeni galaxy ultra kural se yaz samsung galaxy seri bir profesyonel gün öte kul deva et sevmek yaparken şarj dert etmek gün öte yeten pil gü sevmek ara vermek deva et dâhil pe not muhteşem metîn dönmek yaramak sınır kalmak üstelik galaxynin şimdi kadarki güç işlem yapmak iyi performans deneyimlemek,1
data aktarimi hk merhaba zeynep han fatura üzer geçmek işlem başlamak i̇şlem bitmek aktarım yapılacaktır bilgi i̇yi çalışmak dilemek,0
sosyal güvenlik kurum sms bilgilenmek sistem devlet kapı sosyal güvenlik kurum sms bilgilenmek sistem sn hüseyi̇n şi̇mşek sigorta sağ medula i̇şlemlerinize ait bilgi cep telefon mesaj gelmek sgk sms bilgilenmek sistem cep telefon numara kayıtmak website güvenlik kurum sms bilgilenmek sistem cep telefon kaymak vatandaş sigorta sigorta i̇şveren emek hak sahip kapsam sms ücret bilgilenmek yapılmaktadı website güvenlik kurum sms bilgilenmek sistem hekim tarafından yazılamak reçete numara hekim tarafından yazılamak i̇laç bilgi i̇laçlara i̇lişkin katılım pa ücret bilgi sağ hizmet kuruluş görmek olmak tedavi i̇lişkin kurum tarafından ödemek tutmak kurum teslim et olmak evrak takip yapabilmeniz evrak takip numara talep ödemek şahıs ödemek i̇ş göremezlik rapor ücret süt i̇zni emzirmek ödenek ücret yolmak yard cenaze yar ücret top ödemek günlük ödemek sigorta i̇şe girişmek bildirim sigorta i̇şten çıkış bildirim vb konu bilgilenmek yapılmaktadır,0
merhaba kâmil bey öncelikle website ziyaret teşekkür ediyoruz dijital bir medya mecra olarak temizoda endüstri duyuru kanmak misyon sektör bir bir görev yerinmek getiriyoruz soru yanıtlamak uzman alan fark ancak temizoda teknoloji dernek yönlenmek kendi aşağı mail adres email i̇lginize tekrar teşekkür i̇yi çalışmak,0
ölçüm sürekli ilerlemek google ads website ölçüm sürekli ilerlemek müşteri kul anahtar kelime ara on ulaşacağınızı öğrenin,1
proforma hk gökhan bey proforma bir kaç değişik yapmak veri biraz düzen gelmek aşağı notification lar bulunmak şimdi konuşmak oldugumuz ödemek peşin kriter iletebilirmisiniz olmak gerekmek diğer yazı önemlli husus güncelliyelim,0
üretim vardiya şef iş al süreç alıcı i̇k onur bey selam website tarihî üretim vardiya şef pozisyon yüzyüze yapmak görüşmek taraf olumlu karşı temenni eder süreç işlemek değerlenmek geri dönmek rica eder i̇yi çalışmak,0
meb hizmetiçi eğitim faaliyet katılım bilgilenmek website website tarih aras hizmet i̇çi eğitim enstitü yeni̇şehi̇r mersi̇n adres yapılacak website bilimsel araştırmak yöntem teknik kurs isim hizmetiçi eğitim faaliyet kursiyer olarak alınmak faaliyet katılım husus gerek bilgi rica eder öğretmek yetişmek gelişmek genel müdür,0
deneme zaman türkiye nin büyük yayınev bura deneme zaman değerli üye türkiye nin büyük yayınev platform ücret online deneme sınav başarınınızı ölçmek şehir türkiye dek sıralamak görmek hemen katı,1
sakarya sabiha gökç website kalkmak bilet hakk tanrıver sakarya sabiha gökç website kalkmak bilet pnr numara koltuk numara araç kalkiş saati̇nden dk ön araç hazir bulunmaniz gerekmektedi̇r,0
sigorta güve adres website sigorta güve adres dakika fazla sigorta şirket teklif karşılaştırmak anı satı alınmak,1
güven ödemek kargo hizmet i̇lgi bilgilenmek ödemek kargo hizmet artık kullanım dış letgo merhaba güven ödemek kargo hizmet hakk se bilgilenmek istemek üzmek söylemek mart tarihî itibaren hizmet sunmak merak etmek letgodaki al satım deneyim iyi yönelik yeni gelişmek üzer çalışmak deva ediyoruz süreç yol gitmek sağlamak el gelen yapıyoruz deva etmek bir işlem mevcut güven ödemek yöntem tamam ancak sonra al satım özel kul mümkün olmak aşağı durum kapsamak ilân süreç etkilemek sonuçlanmak kadar deva edecektir bir teklif almak ödemek aşama ürümek taş hal i̇ade süreç deva ediyorsa anlayış teşekkür eder letgoda mut alışveriş dilemek yardım olabileceğimiz başka bir konu var zaman bize bilmek saygı letgo müşteri hizmet çek yüklemek mesaj at letgo kolay satmak,1
otomobil motosiklet ürün ge kutu aliexpress hafta seçim aliexpress özel fırsat beğenmek tümü görmek popüler kategori otomobil yedek parça otomobil elektronik ürün aksesuar dış aksesuar arap tamir alet,0
yeni sezon yelek yaş tarz uygu model dolap yenilemek tam zaman,1
acıkmak hemen sipariş vermek sipariş et gelmek yer dilemek ödemek semt sevi pizza yemeksepeti bilir,1
kırmız gün kırmız gün özel seçil ürün sürpriz fiyatlamak rossmann türkiye online mağaza,1
fenomen olmak bein connect bein connect website fenomen olmak bein connect fenomen ala eğlence do hikâye fenomen olmak sade bein connect,1
sipariş iptal nagihan şimşek no sipariş iptal istemek,0
son gün kupon hesap se beklemek ücret kargo hızlı gönder website yeni başörtü elbise tunik abiye ferace pardesü etek büyük beden özel tasar outlet sana özel kupon kod indirim alışveriş keyf varmak son gün hemen alışveriş baş muhteşem fırsat moda bir ad ön takip et kupon kod,1
oxxo alışveriş baş şık rahat kalite trend parça stil oxxo tamamlayın,1
nghn dünya kadın gün özel promosyon akşam son erimek busuu email adres kişi liste website display images to show real tim content indirim güç hissetmek merhaba nghn zaman azalmak süre uzamak dünya kadın gün kampanya kaçırmak ay üye indirim fırsat yakalamak sakın kaçırmak,1
tübi̇tak bi̇li̇m top yeni̇li̇kçi̇ eği̇ti̇m uygulamalari projeleri̇ sakarya ar ge proje değerli arkadaş tübitak tarafından destek bilim top yenilik eğitim uygulamak proje i̇lgi yıl etkin bilgi form birim oluşmak katılmak isteyen öğretmen ek belge inceleyebilirler ayrıç metin bir nüsha öğretmen oda asılmak duyurulması açı önem arz etmek tübitak bilim top yenilik eğitim uygulamak proje öğretmen öğrenci top bilim bilimsel konu ilişki olumlu tutu gelişmek amaç kendi branş genel olarak öğretmen meslek özgü yenilik yaklaşım strateji yöntem teknik etkileşim olarak kazanmak amaçlamak i̇yi çalışmak dilemek,0
yeni gelmek uçucu yağ kontakt lens jilet ustura yeni güzel rutin oluşmak aliexpress görmek değer fırsat try website try website try website try website try website beklemek özel fırsat try website try website try website try website try website try website try website try website try website try website try website try website try website try website try website try website hemen satı almak beğenmek,1
pazartesi sendrom iyi gelecek indirim merhaba mobil uygulamak i̇ndirin mut pazartesi fırsat samsung quot ekranmak uydu alıcı smart ultra hd website tl website tl i̇ndirim kazmak tlücretsi̇z kargo hemen almak ki̇neti̇x norde erkek treki̇ng outdoor ayakkabi tl tl i̇ndirim kazmak tl ücretsi̇z kargo hemen almak,1
yeni eğitim duyurusumerhaba erhan sql server veritabanı programlamak temel orta i̇leri seviye kurs eğitmek cihan bir duyuru yapmak merhaba yapay zekâ otonom sistem asker teknoloji yapay zekâ yapay zekâ insan otomobil hacklenmesi üzerine workshop verdi kayıt aşağı i̇nsansız teknoloji yapay zekâ sistem siber güvenlik https website yapay zekâ güvenlik https website başar cihan özhan,1
steam ay takvim yeni yıl i̇ndirimi başlamak i̇şte tavsiye etmek fırsat steam merhaba mhmtctntp steam ay takvi̇mi̇ yeni̇ yi i̇ndi̇ri̇mi̇ başladi steam ay takvim yeni yıl i̇ndirimi göz at bin oy tasarruf edinmek şub tarihî kadar sürecek indirim seçmek oy var i̇ndirime göz at si̇zi̇n i̇çi̇n tavsi̇ye edi̇len ürün tasarruf edi̇n among us tl tl özel promosyon teklif geçerli süre şub forza horizon tl tl fifa tl tl insurgency sandstorm tl tl battlefield battlefield tl tl şimdi satı alınmak özel fiyat indirim değişik gösterebilir lütfen detay steam mağaza sayfa kontrol edinmek,1
i̇ndirimin son gün ege arkadaş merhaba arkadaş hafta son itibaren plan tl olacaktır plan tl yemek almak bugün son gün plan satı almak https website https website adres satı alabilirsiniz,1
ders yazilma merhaba bahar dönemi̇ ders yazilma i̇şlemleri̇ni̇ yaparken nesne tabanli programlamak dersi̇ni̇ seçemi̇yorum ders programi hatasi veri̇yor si̇stem konu yardimci olabi̇li̇rmi̇si̇ni̇z okul numara,0
pttavm sipariş alınmak pttavm si̇pari̇şi̇ni̇z alinmiştir merhaba website dan alışveriş yapmak teşekkür sipariş i̇lgi mağaza tarafından ilâ iş gün içeri ptt kargo teslim edilecektir sipariş i̇lgi soru sorun lütfen tıklamak yardım olmak memnuniyet duyar alışveriş detay aşağı sipariş özet bölüm bulabilirsiniz sipariş kargo teslim edildiğinde sipariş geçmiş bölüm kargo barkod sipariş geçmiş detay kargo adres kargo takip edebilirsiniz sipariş i̇lgi bilgi sipariş geçmiş sayfa öğrenebilirsiniz güzel gün kul dilemek devlet güvence kolay güven alışveriş pttavm si̇pari̇ş numarasi,0
bahar coşku artıracak hediye qnb mobil mart tarih aras qnb mobil uygulamak girişmek yapınmak çekilmek iphone ipad te kazanmak şans yakalayın qnb finansbank müşteri değil telefon uygulamak market qnb mobil ücret inmek kolay müşteri olmak sonra qnb mobil girişmek yaparak çekilmek katılabilirsiniz qnb mobil üzer müşteri olmak adım incelemek tıklamak,1
ek kutlamak akmeşe i̇lkokulunda ek cuma gün okul düzen cumhuriyet bayram program katılım bek,0
öğretmek yeter arttırmak proje sakarya i̇l website ar ge proje ekip değerli öğretmen kıymet okul yönetmek sakarya üniversite sakarya i̇l millî eğitim müdür nü eğitim i̇ş bir protokol çerçeve tasar öğretmek yeter arttırmak proje sertifika program i̇lgi olarak ek bir tanıtı mektup gönderilmiştir sertifika program eğitim tarih aras gerçek program içerik süreç hakk detay ek mektup zikretmek i̇yi çalışmak dilemek mehmet salih güvendi̇ sakarya i̇l mem şube müdür,0
yeni reebok nano reebok yeni reebok nano nano nin dayanıklı stil spor salon dilemek hareket et,1
i̇yi gün yasin bey olur getirebilirsin burmak değil sade sertifika gelmek gerekmek yok sertifika taramak ön arka mail adres gönderebilirsin,0
hoca merhaba ben böte son sınıf kayıt çalışmak okul deva edememiştim geçen yıl intibak yapmak website yıl almak ders geri ders kalmak azami süre işlem son yıl gözükmek kalmak ders bitrmek yapabilirim bilgi verebilirseniz sevinmek i̇yi çalışmak okul no,0
nuretti̇n tepmek website spor fi̇zi̇ki̇ etki̇li̇kler eği̇ti̇m öğreti̇m yilinda spor fi̇zi̇ki̇ etkli̇nli̇kler dersi̇ni̇ seçen öğrenci̇ sayilari ek sunulmuştur arz eder,0
fatura ulaşim gi̇di̇ş dönmek uçak bi̇leti̇,0
sezon bitirmek derimod sezon bitirmek derimod deri çanta ayakkabı sezon özel fiyat hemen keşfetmek satı alınmak,1
an list fiyatı başka teklif mevcut tommy lif website petrol i̇ki renk fermuar dik yak standart kalıp erkek sweatshirt po gri melanj i̇ki renk fermuar dik yak standart kalıp erkek sweatshirt po koyu bej i̇ki renk fermuar dik yak standart kalıp erkek sweatshirt po i̇ndigo fermuar üç cep standart kalıp dik yak erkek sweatshirt po siyah yazı nakış dik yak fermuar standart kalıp erkek sweatshirt po lacivert i̇ki renk fermuar dik yak standart kalıp erkek sweatshirt po i̇ndigo dik yak fermuar standart kalıp erkek po siyah fermuar üç cep standart kalıp dik yak erkek sweatshirt po çağ nakış yar fermuar kapüşon standart kalıp erkek po sweatshirt gri melanj yazı nakış dik yak fermuar standart kalıp erkek sweatshirt po petrol dik yak fermuar standart kalıp erkek po camel fermuar üç cep standart kalıp dik yak erkek sweatshirt po petrol fermuar kapüşon standart kalıp dik yak erkek sweatshirt po siyah fermuar dik yak su rüzgâr geçirmek softshell erkek mont mint yeşil yazı nakış dik yak fermuar standart kalıp erkek sweatshirt po i̇ndigo kanguru cep standart kalıp kapüşon erkek sweatshirt siyah i̇ki renk fermuar dik yak standart kalıp erkek sweatshirt po mint yeşil i̇ki renk fermuar dik yak standart kalıp erkek sweatshirt po siyah nakış detay yar fermuar kapüşon erkek sweatshirt camel fermuar kapüşon standart kalıp dik yak erkek sweatshirt po gri melanj kanguru cep standart kalıp kapüşon erkek sweatshirt gri melanj fermuar üç cep standart kalıp dik yak erkek sweatshirt po camel dik yak fermuar standart kalıp erkek po hardal kol baskı kapüşon rahat form erkek sweatshirt,1
ybs ue tez program final hk saygıdeğer hocalar merhaba sakarya üniversite yönetim bilmek sistem uzaktan eğitim tez yüksek lisans öğrenci olarak vaka hızla artmak deva etmek risk üst düzey çıkmak başlamak bugün şehir dış gelecek olmak yol yolcu yüksek risk taşımak gerekse çocuk sahip olmak kronik rahat büyük bulunmak dolayı risk azmak düşürmek istemek uzaktan eğitim olarak almak eğitim final sınav azı dönem uzaktan gerçek istemek kesinlikle keyf bir istek olmak korku istek doğurmak konu i̇lgi düşünce paylaşmak website sınav online yapılması konu tekrar değerlenmek nokta gerek yapılmasını tensip arz website nin güzel sağ bir yıl olmak dilek saygı,0
fantezi ertelemek caddeshop medikal kozmetik cinsel sağ ürün yılbaş kendi partner uz soluk sıcak dakika geçirmek isteyenlerin tercih etmek dünya kalite kanıtlamak ürün pillspenis büyümek sade tlhemen satınalmaksimumgeciktirici sprey sade tlhemen satınalpotioonbayan uyarmak dam sade tlhemen satınalmak,1
website bilgilenmek doğu teminat sağ sigorta fayda neler doğu teminat sağ sigorta hamile süreç keyifle yaşamak hamile ön hamile sıra alacak doğu teminat sağ sigorta baş doğu kadar ihtiyaç sağ sigorta tarafından karşılamak se hamile plan var zaten hamil hemen website ara ihtiyaç doğru doğu teminat sağ sigorta geri düşünmek,1
ay exxen üye kazan yapacağın alışveriş ay exxen kullanım hediye mart sonra trendyol cüzdan yapacağın tl üzer alışveriş bir ay exxen kullanım kod kazan exxen abone oluşmak kod girmek süper içerik hemen iz,1
sur yapı tatil ev antalya sur yapı sur yapı tatil ev antalya sur yapı tatil ev antalya ay vade fark ödemek fırsat devre mülk alınmak,1
çağrı merkez talep değerli müşteri no sipariş bulunan emsan hasır çay tabak ürün beyan etmek süre içinde tem edemediğimiz özür dilemek ürümek tedarik tarihî hakk yazık net bir zaman veremiyor olmak dolayı üzgün aşama dilemek aşağı şekil süreç tamamlayabilirsiniz tedarik süreç gecikmek ürün tem tarihî ke olmak birlik araştırmak deva etmek doğrultu ürümek tem edilmesini bir süre beklemek tedarik bulunan ürün site seçeceğiniz ayn fiyat başka bir ürümek değişmek talep edebilirsiniz değişim işlem maile geri dönmek rica eder tedarik tarihî bel olmak ürün sipariş takip sayfa iptal edebilirsiniz doğrultu ödemek tutar kredi kart banka hesap ayn gün geri ödemek sonra hesap tanımlamak hediye çek kul site seçeceğiniz başka bir ürün sipariş verebilirsiniz sipariş iptal sipariş tamam tedarik süreç iken gerçek sipariş kısmî teslimat var ürümek ürün fatura kesmek sipariş ürün bir kaç tedarik firma tarafından direkt taraf gönderi ürün iptal işlem gerçek sipariş benzemek bir duru söz konu sipariş iptal bize mail yoluyla ulaşmak rica eder önemli̇ not sipariş doğrultu site herhangi bir kredi kart puan hediye çek kampanya dâhil kampanya katılım hakk var sipariş iptal etmek durum kampanya harcamak limit şart sağlamak kampanya dış kalmak ürümek iptal işlem doğrultu değerlenmek önem rica eder yaşamak olumsuz deneyim tekrar özür dilemek saygı,0
kazanmak çekmek süper ürün bi bilet uzak kazanmak çekmek hayal bir bilet uzak büyük ödül birçok süper inanmak fiyatlamak bura hemen gelmek bilet almak se kazanmak şans yakalamak acele et kaçırmak,1
yolcu sen başlayan bir spor sütyen koleksiyon erkek kadin çocuk spor sütyen vücut aras ilişki benzer tam yüzde antrenman yolcu se desteklemek koleksiyon yeni tasarlamak destek güç kazanmak destek öz güve büyük kaynak hayat spor fitness alan hedef ulaşmak sana güç verir kendi gerçek ben ifade eder başarmak destek koleksi̇yon ürünleri̇ni̇ sati almak yanlış spor sütyen adım kısalmak hareket kısıtlamak potansiyel sınır anlam gelir vücut spor dal doğru sütyen bulmak yoga pilates barre spor akmak konsantre olabilmen doğru destek konfor denge ihtiyaç var rehberi̇ i̇ncele ağır çalışmak daire antrenman hiit takı spor vücut antrenman yoğun doğru destek seviye seçmek rehberi̇ i̇ncele koşu aşırı göğüs hareket nedeniyle oluşan ağrı sürtünmek mücadele etmek yüksek etki destek ihtiyaç var,1
nuretti̇n tepmek ortaokul mülteci̇ öğrenci̇ bi̇lgi̇si̇ website salmak hazi̇ran itibarî okul kayıt mülteci öğrenci liste ek verilmiştir,0
aile birey tanımak egemen avkan naz avkan anne ad ayşe aka bap ad naz avkan kardeşlerimşn ad meyra avkan yâren avkan eymen asaf avkan amca ad erol avkan hal ad i̇slamıye şennur nuran gülcan fatma hülya nuray teyze ad züleyha çiğde dilek day ad murat,0
ders duyuru sayın hüseyi̇n şi̇mşek ders saat veri set sevgi arkadaş ders saat başlayacağız lütfen ders gelmek doküman içeri ahp veri ad dosya inmek i̇yi gün hali̇l i̇brahi̇m cebeci̇,0
son gün marka gün özel ekstra indirim kaçırmayınsevdiğiniz marka aramak indirim seçil markalamak büyük fırsat eylül marka gün,1
şifre yenmek talep hepsiburada merhaba şifre unutmak üzmek aşağı buton basmak yeni şifre oluşmak yeni şifre oluşmak önem hatırlamak şifre yenmek talep ait olmak düşünmek lütfen posta dikkat almak mevcut şifre girişmek yapmak deva edebilirsiniz,0
sayı hk rıfat bey merhaba kut koli sayı ek merhaba bahis geçen kod portal üzer çekmek doğru olanları aşağı tablo belirmek no ürümek hariç ben bulamak ben bir kayıtmak değil kod ilerlemek kayıt revize edebilir mis excel üzer website kod stok ad grup ad cam bard kapali kut sade delmek nescafe tabak sade cam vazo cm sade kaktüs rölyefli̇ kahve fi̇ncan kaktüs sade golf rölyefli̇ kahve tabak golf sade ars buhardanlik sade kaymak rölyefli̇ kahve fi̇ncan kaymak sade pamuklukkapak website pamuk sade porselen demlik prsdmlk porselen demlik sade çubuk rölyefli̇ kahve fi̇ncani çubuk sade bi̇stro su bard sade no bi̇li̇nmi̇yor dam şi̇şe kapakli cc sade,0
kendi yaşam alan yenilemek şimdi kendi evin ekstra indirim yenilemek zaman,1
dakika araban değer hesaplamak vavacars araç ücret ekspertiz sokmak gerçek fiyatı anı satı alır suv araç iyi fiyat vavacars ta,1
sistem bağım yapıyor kazanmak şua kadar başlayan müşteri tekrar tekrar ürümek göndermek deva et birinci sebep par kazanmak olmak ikinci sebep bir zaman harcayarak iş yapabilmeleri müsait zaman ürümek araştırmak yeni bulduk hemen i̇nternet sipariş edip bize göndermek sonra sade panel girerek satmak takip ediyorlar amazon i̇ngiltere dek türk başarı ürümek satmak hikâye anlatmak kitap link webinarımızın son paylaşmak türk amazon i̇ngiltere satmak ürün liste bonus kitap webinarımıza kayıtmak olmak i̇çin tıklamak i̇hracat yapmak kadar kolay karl olmak inanmak portigate,1
wee baby alıştırmak bardak net i̇ndirim fırsat yakalayın,1
bilimsel arastirma yontem teknikleri_ album yeşi̇m mertki̇l değerli öğretmen öğretmen gün kut website kasım tarih gerçek bilimsel araştırmak yöntem teknik kurs albüm ek erişebilirsiniz sevgi saygı yeşim mertki̇l,0
yeni favori iphoneunuz şimdi yeni iphone se gü güç değil iphone çip aynı bionic yıldız layık bir kamera fark konuşmak bir pil ömür cep website inç bir iphoneda başlangıç fiyatı website tl satı alınmak iphone pro şimdi köknar yeşil renk var pro kamera sistem dünya hızlı akıl telefon çip bionic ceramic shield çığırmak açan pil ömür tba kadar depolamak ala başlangıç fiyatı website tl satı alınmak fazla bilgi iphone şimdi yeşil renk var gelişmek çift kamera sistem süper güç bionic çip ceramic shield muhteşem bir pil ömür gb depolamak ala başlangıç fiyatı website tl satı alınmak fazla bilgi uygu iphone hangi iphone model karşılaştırmak iphone satı alınmak yeni iphoneunuzu appledan satı almak adım yan i̇ster online alışveriş yapınmak ister bir apple storea ge uzman doğru iphoneu seçmek yardım olmak soru yanıtlamak beklemek satı almak yar alınmak ücret teslimat mağaza kurulu yard aygıt donamak aksesuar iphone iphone pro magsafe aksesuar yan sır mükemmel kılıf kablo şarj aygıt fazla bul iphone aksesuar satı alınmak airpods tek dokunmak kurulu sayesinde kolay eş hareket hal zahmet uz ömür bir dinlemek deneyim tat çıkar satı alınmak airtag anahtar takı diğer çanta at kaybolmak bulmak uygulamak kul satı alınmak,1
favori satı sonuçlarm erhaba hüseyin şimsek halil i̇brahim sarıaslan ad favori satı kaymak sonuçlamak çarşi merkez dai̇re fiyatı website tl ara kriter uygu son saat içinde yayın ilân tıklamak,0
kaçırmak fırsat bugün özel kargo bedava website bugün özel sipariş kargo bedava,1
sevgi üye güzel bir haber var i̇likli dana kemik suyularımız tekrar satmak taze olarak sınır sayı i̇nternet site yer almak beklemek bilmek kısa süre tükenmek bilmek ilk fırsat tekrar yapacağız yapmak i̇likli dana kemik ön su beklemek su değişmek sonra iç çeşit sebze soğan sarımsak kereviz sap taze zencefil yeşil baharat kendi yapmak elma sirke katmak yaklaşık saat odun ateşin kaynatmak i̇likler erimek ilik yağ kemik su karmak kaynamak kemik su süzmek sıcak sıcak kavanoz doldurmak konserve usul kapatmak üst tabak kemik ilik yağ yağ birlik kul tavsiye ediyoruz kapak açma serin güneş almak bir yer saklamak açıldıktan sonra buzdolabı konmak gün içeri tü website ambalaj şekil cc lik kavanoz tl âdet kargo çorba pilâv yakışmak emin olabilirsiniz sipariş website i̇nternet site telefon whatsapp üzer website saygı sağlıklai̇znik zeytin ev zeytin zeytinyağı www website pos email gsm whatsapp bektaş özgür i̇lyün vergi no çamdibi köy no i̇znik burmak,1
merhaba masal eğlence bir deneyim trt hesap aktif ister mis trt hesap trt i̇zle trt din trt bilmek bakal trt çocuk kitap yakında yep yeni trt uygulamak kolay girişmek yapmak kalmak yer deva et sevmek program liste ek fark cihaz aras geçişmek yapmak fazla hazır olmak başlamak aşağı buton tıklamak yeter hesap aktif,0
örav webinarına davet öğretmek akademi vâkıf tarafından aras gerçek antalya demre i̇lçe millî eğitim müdür i̇yi olmak hal psikolojik dayanıklı yılmaz webinarı isim oturum davet edildiniz oturum bilgi oturum i̇smi antalya demre i̇lçe millî eğitim müdür i̇yi olmak hal psikolojik dayanıklı yılmaz webinarı açıklamak antalya demre i̇lçe millî eğitim müdür i̇şbir gerçek i̇yi olmak hal psikolojik dayanıklı yılmaz webinarına beklemek webinar örav kısmî zaman eğitim ömüray akdemir anlatı gerçek başlamak tarihî bitmek tarihî,0
yorum diğer kul yardım oluyor tebrik yay kısa süre ön yeni bir aşmak fazla görüntü yay sayı kul ihtiyaç duymak bilgi edinmek yardım oluyor,0
hepsiemlak ücret i̇lan vermek milyonlarca kişi ücret hepsiemlak ta ilân yayın,1
tommy hilfiger cologne spray ml erkek parfüm standart boyner calvin klein eternity edp ml kadın parfüm standart website calvin klein one ml erkek deodorant standart calvin klein obsession edt ml erkekparfüm standart website burberry weekend for men edt ml spray standart calvin klein eternity edt ml erkek parfüm standart website calvin klein edp ml kadın parfüm standart website calvin klein him men deo stick gr deodorant standart burberry touch for women edp spray ml standart burberry weekend for men edt ml spray standart burberry touch for men edt spray ml standart burberry touch for women edp spray ml standart website clinique quıcklıner for eyes göz kalemı blue grey göz kale standart clinique quıcklıner for eyes göz kalemı smoky brown göz kale standart lancome bi facil ml göz makyaj temizlemek standart lancome galatéis douceur kadın yüzmek temizlemek makyaj süt ml standart lancome tonique douceur kadın yüzmek tonik ml standart clinique clarıfyıng lotıon arınmak losyon tonik standart clinique rınse off göz makyaj temızleyıcısı göz makyaj temizlemek standart clinique clarıfyıng lotıon arınmak losyon tonik standart clinique ml clarifying losyon kurumak karma cilt standart clinique clarıfyıng lotıon arınmak losyon tonik standart lancome tonik standart estee lauder gent makeup remover ml göz makyaj temizlemek standart estee lauder gent makeup remover ml göz makyaj temizlemek standart,1
erasmus eğitim sakarya ar ge proje değerli arkadaş doğu marmara kalkınmak ajans sürekli eğitim merkez tarafından koordine edi erasmus proje yazmak eğitim ara tarihî satso bina gerçek söz konu eğitim http website adres başvuru yapabilirsiniz kontenjan sınır i̇yi çalışmak,0
özlemek yeni ürün göz atmak kadın giyim erkek giyim elektronik ev,1
kağıt koli tl yemek avansas daily fotokopi kâğıt gr koli yaprak i̇lk sipariş tl ilk sparişinize özel avansas daily fotokopi kâğıt gr yaprak kampanya kod tl,1
vodafone red geçmek tam zaman vodafone website vodafone red geçmek tam zaman online başvuru yapınmak si kart kapı kadar ücret website başvuru,1
ikea i̇nternet mağaza üye aktivasyon onay ikea türkiye sayın ikea üye başar oluşmak güzel tasarım kalite kul bin mobilya ev aksesuar iyi fiyat bulabileceğiniz website yemek hoş gelmek beğenmek ürün alışveriş sepet nize ekleyerek alışveriş tamamlayabilir beğenmek ürün favori liste oluşmak favori liste çıktı alabilir pos olarak göndermek liste ürün alışveriş sepet ekleyerek hemen satı alabilirsiniz üye giriş tıklamak i̇nternetten alışveriş hakk detay bilgi tıklamak,0
tam göre bir iphone var sana özel sana özel kaçırmak fırsat iphone mi sepet tl indirim acele et kaçırmak,1
aramak sürpriz uygu hediye çiçeksepeti var var ciceksepeti website üzer may çar ciceksepeti doğu gün çiçek butik çiçekciler hediye yenmek çiçek hediye,1
can yay alışveriş etkin son saat samsung electronics can yay özel hediye fırsat bura samsung galaxylive davet merv özkaynak hakk alkan galaxy özel fırsat galaxyliveda se beklemek can yay özel galaxy galaxy alışveriş galaxy galaxy ultra alışveriş galaxy hediye ayrıç klâvye mouse birlik sade tl canli yayina katil merv özkaynak hakk alkan in sunum galaxylive,1
ders duyuru kısa sınav mazeret hakk arkadaş merhaba salı gün yapılanmak kısa sınav duyuru atmak yapmak itiraz olmak normal ders söylemek olmak rağmen ders katılmak sonra dinlemek olmak haber olmak olmak olabilir normal ders aktif olarak girilmese bile tekrar iz öğrenci yüküm ancak ben duyuru atmak kısa sınav yüzde fazla olmak kimse mağdur olmak istemek sınav katılamayanlar ben mail yol on bir ödev verip not on göre yapacağım anlayış teşekkür iyi gün,0
website fatura bilgilenmek değerli müşteri uzayspor ad satı aracılığıyla tem edi sipariş ait arşiv fatura ek görüntü website tercih etmek teşekkür website i̇çin tıklamak,0
siparisiniz basari bir sekil tamamlanmistir merhaba nagihan şimşek sipariş teşekkür eder umar alışveriş deneyim mut kalmak müşteri memnuniyet gün iyi çalışmak zaman ayırmak dere arkadaş önermek puanlamak kendi gelişmek bize destek olacaksın,0
sepet hatırlamak sepet ürün hatırlamak i̇steriz değerli müşteri sepet unutmak ürün satı almak beklemek aşağı bulunmak sipariş tamamlamak buton hemen sepet geri dönmek alışveriş tamamlayabilirsiniz keyif alışveriş dilemek,0
webinar rosetta stone dil eğitim destekleyin değerli kul rosetta stonea bilgisayar mobil uygulamak üzer erişim önem özel dair bilgi almak webinara davet tarih ek çarşamba saat zoom bağlantı adres https website zoom toplantı i̇d rosetta stone etkileşim yaklaşım sayesinde dünya milyonlarca kul tarafından tercih edilmektedir artık yer zaman erişim imkân sunmak ayrıç mobil uygulamak kul konuşmak yazmak okumak anlam yetenek doğal bir şekil öğretmek rosetta stone ezber çeviri zorunluluk orta kalkmak rosetta stone i̇ngilizce fransızca almak i̇spanyolca rus türk dâhil olmak üzer dil öğrenebilirsiniz toplantı takvim ekleyin outlook takvim https website google takvim https website,0
yeni yapay zekâ sigorta konu se net yenilemek yapay zekâ fazla sigorta şirket on teklif uygun ucuz kapsam se karşılaştırmak ihtiyaç göre doğru ürün iyi fiyatlamak sana önermek hemen yepyeni website ziyaret et taşımak sağ konut sigorta ben doğru ürümek düşünmek kafa net olmak,1
aile tanımak ad emin ali gedik anne ad selma gedik bap ad hakan gedik abi ad furkan gedik kardeş ad yusuf gedik hal ad sema mercan day ad zeynel özkurt enes özkurt,0
badoo yakın kız sohbet etmek beklemek badoo yeni kız sohbet başlayın kız mesaj gönderen ilk sohbet başlayın,1
harika bir haber var online kurs özel yay merhaba harika bir haber var öğretmek tercih online kurs özel yay bin öğrenci gün yüzlerce özel ders gerçek öğretmek tercih online kurs eğitim vermek artık kolay türkiye büyük eğitim platform bilgi birikim deneyim türkiye yerinde öğrenci paylaşı website kurs özel keşfetmek zaman mekân sınır olmak i̇nternet erişim bulunmak yer eğitim vermek fırsat yakalayın dilemek branş konu eğitim içerik oluşmak eğitim i̇çeriğiniz video ders oluşmak başlayın akıl telefon kamera webcam video içerik oluşmak ders anlatmak başlayın kayıtmak ders satmak sunu kaydetmek online kurs içerik öğretmek tercih satmak sunu türkiye yerinde öğrenci branş online eğitim arayışında milyonlarca öğrenci ilham veri bilgi paylaşmak öğrenci yeni yetkin edinmek pay sahip website kazanç el edinmek hazırlamak online kurs içerik öğrenci kullanım hazır hal getiri kurs satı ala öğrenci ek gelir el edinmek öğretmek tercih ziyaret ederek online kurs özel hakk detay bilgi sahip,1
contact form message i̇yi gün kul hesap kayıtmak işlem tamam sonra yaklaşık bir hafta içinde ilmek koordinatör tarafından kontrol edilir öğretmek olmak teyit edildikten sonra onay hesap website tarihî onay saygı,0
nalan öğretmek planlari merhaba sevgi̇li̇ öğretmek arkadaşlarim yine emek vererek harika bir plan hazırlamak severek kul emin sınıf eş edebilmek ben büyük bir mut sınıf ben yer vermek ayrıç teşekkür eder i̇nşallah güzel bir eğitim öğretim yıl birlik tamamlayacağız link baş neler olmak belirtmek link tek tek inmek tavsiye eder wifi yemek yakı dosya winrar dosya olarak göndermek büyük dosyalamak olmak sıkışmak göndermek dosya inmek sonra dosya üzerine gelip sağ tiklayin bura çikart seçeneği̇ne basin şekil dosyalamak winrar çıkarmak kolay kul hepi̇mi̇ze güzel bi̇r yil di̇li̇yorum sevgi̇ler nalan öğretmek,0
kaçırmak bahar fırsat i̇lkbaharın keyf anadolujet çıkar özlemek seyahat şimdi kavuşmak zaman mart tarih aras website dan mobil uygulamak satı alacak mart mayıs tarih yurt iç kuzey kıbrıs uçmak indirim fırsat beklemek keşfetmek beklemek rota uygu fiyat uçmak hemen plan yapınmak ilkbahar keyf anadolujet çıkar,1
mavi kapak hüseyin şimşek merhaba ben şırnak uludere cumhuriyet ortaokul müdür yardım el epeyce mavi kapak website fazla bulacakları yardım olur sevinmek i̇yi çalışmak,0
mail almak deva etmek i̇çin merhaba arkadaş önceden mail liste kayıt değil aşağı bağlantı mail liste kaydolmak yeni mail adres yeni sistem ge mail mail birincil klâsör taşıyacağınızı anlatmak,0
araban talib araban hızla değer güve trink satmak website teklif kaçırmak araban trink satmak değer satmak hemen başvuru,1
se yıldız gü var busuu pırıl pırıl parlamak hazır merhaba msl bilmek yıldız oturmak yer kazanmak toplamak bir yıldız i̇ngilizce beceri gelişmek olmak anlam geliyor hafta yeni bir lig transfer olabilmek yeterince yıldız toplamak mis haydi başlayalım premium üye sunmak avantaj yar fiyatı erişim sağlamak uzma tarafından hedef gerçek yardım olmak üzer tasarlamak özel dil öğrenim verim almak indirim busuu top yer alan i̇yi düzeltmek ödül aday göstererek mut etmek ders bakal kazanmak olacak şimdi oy vermek dil eğitim masraf çalışmak şirket karşılamak se busuu ödemek yapasın,1
erasmus koordi̇natörlüğü üni̇versi̇te yaşamina programi sayın hüseyi̇n şi̇mşek üniversite yaşam program yeni kazanan öğrenci üniversite hayat sakarya üniversite iyi tanımak düzen öğrenci erasmus koordinatör yak tanımak değişim program erasmus program tanıtı website çarşamba gün saat website te kongre merkez nevzat kor salon yapılacaktır program hibrit şek yapılacaktır sade koordinatör daire başkan yönelik program i̇letişim koordinatör tarafından can olarak yayın,0
aile eğlenmek sade website tl netflix şimdi netflix te netflix bugün deney keyf çıkarmak bin dizi film var hafta fazla eklemek yalnızca netflix te bulabileceğiniz özel dizi dâhil olmak üzer bugün yeni bir keşfetmek şi̇mdi̇ kaydolmak,1
ödev bap ad yasin aktürk anne ad selma aktürk website ad yiğitcan aktürk website adi yusuf ensar aktürk website adi esmanur aktürk amca ad salih aktürk hal ad hava özmen hal ad güncan hal ad fatma bekil day ad i̇nan tirekcan day ad vahyit tirekcan day ad vedat tirekcan day ad uğur tirekcan day ad özcan tirekcan,0
kütahya porselen porland ürün marka gün fırsat süper fiyat mutfak ihtiyaç şimdi tamamlamak,1
karabucak i̇lkokulu demre ekler ek cum alıcı kumlucarampdr rehberli̇k psi̇koloji̇k danişmanlik çerçeve planimiz ek sunulmuştur,0
ders duyuru yedinci hafta makale merhaba yedinci hafta makale künye dosya ek sunu mehmet orhan mert yılmaz gerçek kolay gelmek,0
ders hk merhaba arkadaslar ders yâr sonra hafta bir aksilik olmadigi takdirde website baslatmayi planliyorum boyle ben sonra ders yetismenizle i̇lgi problem olmayacagini umit website görüşmek üzer,0
dai̇hl duyuru demre ai̇hl yarışmak duyuru bi̇lgilerinize,0
website yapılacak i̇yi göz at website website yapılacak i̇yi phone with top can satranç oynamak bin oyun an fark şekil can satranç oynamak can bir oy başlayın bulmaca çözmek iyi hamle bulabilir mis website fazla taktik bulmaca çözmek bir bulmaca çözmek puzzle piece günlük satranç oynayın hamle kendi istemek hız yapınmak bir oturmak oy bitirmek gün bir hamle yapınmak günlük bir oy başlayın the sunmak bir ders alınmak büyük usta tarafından oluşmak kısa video izleyin etkileşim meydan okumak dâhil bir ders alınmak graduation cap bir video i̇zleyin büyük usta üst düzey oyun antrenör video satranç oyun gelişmek bir video i̇zleyin özel tümü görmek denemek geri ge özel bir deney,1
kampanya se hemen i̇ncele website kampanya kaçırmak migros kampanya katmak kasko tl sağ sigorta tl trafik sigorta tl migros alışveriş kod kazan hemen teklif almak bp kampanya katmak bp ay boy yapacağın akaryakıt otogaz harcamak bp club puan kazan hemen teklif almak bein connect kampanya katmak kasko sağ sigorta ay bein connect taraftar paket trafik sigorta ay bein connect eğlence paket kazan hemen teklif almak,1
sayın oğuz tümer talep et olmak kkb risk rapor ek bilgi sunar saygı,0
hüseyi̇n şi̇mşek fi̇nal ödevi̇ hüseyin şimşek ekler alıcı selçuk merhaba hoca final ödev ek emek teşekkür eder,0
stajyer araştırmak burs program star stajyer araştırmak burs program star lisans öğrenci ar ge kültür kazanmak araştırmak ekosistem ilk ad atmak araştırmak yapmak teşvik edilmeleri amaç stajyer araştırmak burs program na başvuru başlamak olup detay bilgi ek son başvuru tarihî ek saat,0
katkı pa tahsilât makbuz sn hüseyi̇n şi̇mşek numara otomatik katılım sözleşmek ait tarih tahsilât makbuz ek bilgi sunulmuştur saygı ürün hakk fazla bilgi almak website yi ziyaret edebilirsiniz sözleşmek i̇lgi detay bilgi işlem hızlı yapabilmek cep şube mize beklemek ek yer ala dosya açamadıysanız acrobat reader inmek tıklamak,0
proje mır kemmel parça bul taze çıkmak dayanılmaz şirin içerik shutterstock görsel vi̇deo müzi̇k bakış hayır demek sevim kedi shutterstockta ton yepyeni içerik olmak bilmek istemek aşırı sevim kalmak bir göz at,1
yüzmek yüzmek eğitici eğitim başvuru meb duyuru değerli öğretmen öğretmek yetişmek gelişmek genel müdür unicef i̇şbir okul ön öğretmen harmanlamak ortam öğretim fark yönelik çalışmak yürümek kapsam iki fark tarih ek kasım yalova esenköy hizmetiçi eğitim enstitü yüzmek yüzmek eğitici eğitim plan eğitim başvurmak isteyen öğretmen ek tarih aras website adres https website formagit aspx uzantı link girişmek yaparak başvuru gerçek öğretmek yetişmek gelişmek genel müdür,0
merhaba zaman sadakat tutkun an ödüllendirmek gerekmek inanmak ek taraftar ödül beta başlamak aktif fan token sahip ödül deneyim kul zor kazanmak ssu sadakat tokenlarını kul bir yol verdi şimdi kadar neler ek taraftar ödül lansman yana fazla bilet deneyim fazla kul sunuldu taraftar ödül futbol maç tribün vip bilet başlamak ancak bura bitmek taraftar ara seçim yapabileceği deneyim ödül yelpaze genişlemek deva ediyoruz nftler koleksiyon açık antrenman kulüp müze tur sezon ön test kupon kod mma maç sıra var yeni ödül yeni sezon forma takım destek vererek şehir dolaşmak istemek diğer sıkı website taraftar olarak harika ürün toplamak severek hangi olur tarz uygu bir ödül seçmek emin olmak istemek sadakat ödül seçim kadar basit taraftar ödül yakında yeni ödül geliyor takı ürün socios ürün socios koleksiyon fan token paket dinamik fiyatlamak taraftar ödül lansman cazip ssu token fiyat bir promosyon teklif başlamak tekif son dere popüler olmak ödül saniye içinde kul fazla ödül eklemek deva etmek ödül deneyim değer yansımak dinamik fiyat uygulamak taraftar ödül beta versiyon yükselmek fan token sahip ödül kul harika bir deneyim sunmak gelişmek genişlemek çalışmak,1
hemen alışveriş baş bin marka milyonlarca ürün i̇ndirim fırsat kaçırmak kaçırmak fırsat hayat sana gelir,1
an list fiyatı başka teklif mevcut playsports website nike legend academy tf beyaz çocuk hal saha ayakkabı new balance beyaz mavi çocuk günlük ayakkabı nike phantom academy ag unisex krampon adidas terrex gtx siyah çocuk yürümek ayakkabı tl,1
seçil tekstil ürün ürümek net i̇ndi̇ri̇m tıklamak i̇nternete özel yeni gelen fırsat ürün mobil uygulamak i̇ndirin fırsat anı haberdar ebebek mobil uygulamak an yan,1
yönetim bilmek sistem yüksek lisans sınav tarih alıcı kadiry kadir bey merhaba sınav takvim ayn tarih saat iki fark ders sınav olmak gözükmek python i̇le veri bilim girişmek kurum veri veri taban girişmek website saat website i̇ş zekâ yönetim bilmek sistem website saat website takvim geçerli mi yoksamak bir hata var bilgi verebilirseniz sevinmek,0
i̇ş yatırım haber temettü açıklamak şirket içinde temettü verim yüksek website gönder liste çıkmak tıklamak i̇nternet sayfa üye müşteri giriş yaparak ekranmak sağ üst kısım yer ala bilgi güncellemek seçenek diğer rapor i̇lgi talep iletmek ürümek hizmet hakk detay bilgi almak bize numara telefon uyarı not bura yer ala bilgi i̇ş yatırım menkul değer tarafından genel bilgilenmek amaç hazır yatırım bilgi yorum tavsiye yatırım danışman kapsam değil sermaye piyasa al satım karar destekleyecek yeter bilgi içermek yatırım danışman hizmet araç kurum portföy yönetim şirket mevduat kabul etmek banka müşteri aras imzalamak yatırım danışman sözleşmek çerçeve sunulmaktadır bura yer ala yorum tavsiye yorum tavsiye bulunmak kişisel görüş dayanmak herhangi bir yatırım araç al satım öneri getiri vaat olarak yorum görüş malî duru risk getiri tercih uygu olmak sade bura yer ala bilgi dayanmak yatırım karar verilmesi beklenti uygu sonuçlamak doğmak website yer ala fiyatlamak veri bilgi tam doğru olmak garanti edilemez içerik haber verilmeksizin değistirilebilir veri i̇ş yatırım menkul değer tarafından güvenmek olmak inanmak kaynak alınmak kaynak kul orta çıkabilecek hata i̇ş yatırım menkul değer sorum değil,1
çağrı merkez talep tamer değerli müşteri sipariş yurtiçi kargo gönder kod website tarihî adres teslim edilmiştir ürün iyi gün kul dilemek saygı,0
kredi kart aidat kredi kart yapılanmak aidat kesinti taraf iade talep ediyorum maaş müşteri website,0
indirim kampanya fayda sade saat kalmak busuu indirim son kadar sürmek merhaba msl premium un kelim çalıştırcı özel verim varsaymak olmak dil öğrenmek tv baş geçiri bir fazla saat telefon ekran kaymak iyi hissetmek busuu premium üye fırsat kul kendi ödüllendirmek karamak vermek fazla beklemek kampanya yakında son erecek i̇ndirimi almak,1
by artmak talep merhaba fatura taslak oluşmak görüntülemek ister hata alıyorum konu hakk talep oluşmak i̇lgilenir mis bugün fatura göndermek gerekmek i̇yi çalışmak,0
gelenek kitap fuar fırsat online mağaza gelenek kitap fuar fırsat gelenek kitap fuar özel avantaj online hemen alışveriş baş site gidi,1
başvuru kayıtmak genç spor bakan online başvuru sistem genç spor bakan bakan proje bakan i̇letişim genç spor bakan merhaba sayın sevmek genç spor bakan online başvuru sistem yapmak olmak kayıtmak işlem tamamlamak lütfen aşağı link ziyaret edi bir ker tıklamak kayıtmak onay bura tıklamak,0
valorant vp satı almak website website valorant vp satı almak valorant vp fiyat indirim uygu fiyat beklemek satı alınmak,1
heyecan özet değil can hissetmek bein connect heyecan özet değil can hissetmek spor toto süper lig sezon son heyecan kritik maç tl yemek bein connect te,1
nuretti̇n tepmek ortaokul devamsiz öğrenci̇ bi̇lgi̇ talebi̇ website çar website tari̇h sayili yazinida adi geçen mryam khalid muzahem alkhaleel i̇si̇mli̇ öğrenci̇ okul kayitlarinda yok,0
fon bir ait bilgilenmek türkiye hayat emeklilik sayın hüseyi̇n şi̇mşek türkiye hayat emeklilik zem başlangıç emeklilik yatırım fon türkiye hayat emeklilik başlangıç emeklilik yatırım fon bünye bir değişik sermaye piyasa kurulu nun tarih website sayılı izin doğrultu tarihî itibar hak kayıp olmak gerçek,0
mod tutkun almak hariç dolap yenmek hazır aliexpress şimdi popüler try website try website hemen satı almak beğenmek tümü görmek popüler kategori ev gereç anne çocuk alet güvenlik kor güzel sağ ayakkabı aliexpress te sevgi bi̇zi̇mle i̇rti̇bata geçi̇n,1
bireysel füs deaktivasyon mevcut değerli müşteri hesap no faturanizi kontrol altinda tutmak icin faturaniz tl yemek ulastiginda sms website i̇nternet faturanizin done ait ucretlerinizin toplami belirlenen bilgilenmek limit uzer oldugu icin yuksek bir fatura ust sinir limit secerek bilgi almak deva edebilirsiniz bilgilenmek almak istemek tıklamak saygilarimizla,1
meb bilgilenmek millî eğitim bakan doküman yönetim sistem akmeşe i̇lkokulu müdür birim kurum vermek dilekçe tarih sayı kaydetmek dilekçe https website takip website pos bilgilenmek amaç,0
tamam hoca teşekkür ediyorum gelmek çalışmak öğle sonra toplantı var,0
kredi başlayın google ads website kredi başlayın müşteri kul anahtar kelime ara on ulaşacağınızı öğrenin,1
zeytin korumak acil destek gerekmek merhaba yasin resmi gazete yayın zeytin maden saha yapılabilecek yıl ön ayn yönetmelik gündem gelmek bin kişi imza durdurmak tekrar başarmak demek şensal zeytin maden açılmaması kampanya sürmek zeytinhayattır demek imzalamak paylaşmak türkiye zeytin ölü ferman hayır zeytinimedokunma website kişi şensal tarafından başlamak kampanya imzalamak haydi website imza hedef şimdi tek tıklamak imzalamak zeytin kültür yemek ege olmaz olmaz şimdi toprak göçmek gitmek üzer bölge büyük zeytin üremek türkiye kendi el zeytin ölmek kalkmak yıl beri denemek bir zeytin doğa katletmek isteniyor yıl ön bin kişi birlik meclis ge tasarı durdurmak fakat mart itibarî zeytin kanun aykırı bir yönetmelik değişik zeytin maden açılamak şimdi kampanya imzalamak yetki zeytin el çekmek zeytin ölü ferma anlam ge yönetmelik iptal etmek istemek zaman yönetmelik iptal olmaz zeytin maden arka bahçe hal gelecek bugün beslemek yüzlerce aile doyurmak toprak birer zehir depolamak saha olacak beraber hareket geçerek zeytin kurtarabilir türkiye konu haberdar olup kenetlemek sağlayabiliriz lütfen kampanya imzalamak paylaşmak duymak kalmak zeytinhayattır,1
sayın i̇lgili yıl fil okul proje kapsam boyamak yardım millî eğitim bakan gerçek protokol doğrultu bakan adres göstermek il millî eğitim müdür teslim edilerek deva edecektir bilgi sunar,0
sevgi gün yak findeks sevmek birlik seyehât plan yapmak ders findeks te risk rapor alarak yolcu tan yapacağınız araç kiralamak sevgi gün özel indirim fırsat kaçırmak,1
lexpera yeni nesil hukuk bilgi sistem çevrimiçi kul eğitim website sakarya üniversite kütüphane email değerli kul lexpera yeni nesil hukuk bilgi sistem modern kul arayüz mevzuat içtihat literatür hukuk bilgi kaynak erişim kolay gelişmek ara motor diğer özel kul sayı avantaj suna bir hukuk bilgi sistem mart website website https website uygulamak kul eğitim takvim https website sağ iyi gün dilemek,0
ci̇mer başvuru sayın oğuz website cumhurbaşkan i̇letişim merkez ci̇mer yapmak olmak başvuru website tarihî alınmak başvuru sayı takip edebilirsiniz,0
meb pos adres doğrulmak posta rnhpque referans üremek pos adres doğrulmak kod,0
gcm yatırım menkul değer hafta viop analiz mart makro ekonomik gelişmek geri̇de kalmak ukrayna rusya ab nato görüşmek uyarı çıkmak avrupa bir nato görüşmek hafta boy beklenti birlik piyasa üzer etki olmak özellikle devam okumak nisa vade sözleşme fiyatı değerlenmek yükselmek tren alt nokta seviye önem olmak birlik endeks i̇lgi bölge üzer pozitif trend beklenti deva etmek isteyebilir düş devam okumak usdtry mart vade sözleşme fiyatı değerlenmek periyot üstel hareket ortalama bölge önem olmak birlik kur i̇lgi bölge üzer pozitif trend beklenti deva et devam okumak gram alt yakı vade sözleşmek teknik olarak değerlenmek periyot üstel hareket ortalama desteklemek bölge takip etmek sözleşme fiyatı bölmek devam okumak ons alt nisa vade sözleşme fiyatı değerlenmek trend bölge seviye önem olmak birlik kıymet maden i̇lgi bölge üzer pozitif görünüm deva etmek isteyebilir devam okumak eurtry yakı vade sözleşmek periyot envelopesun desteklemek bölge takip etmek sözleşme fiyatı bölge içeri hareket etmek süreç karamak devam okumak,1
güncel i̇ndirim kod gün geçerli yeni promosyon duyuru merhaba erhan etik hacker olmak kurs seviye ağmak i̇çi saldırı kurs eğitmek atil bir duyuru yapmak arkadaş herkes merhaba öncelikle başlamak belirmek son ay python android ios ileri seviye eğitim bol bol güncellemek yapıldı ay içeri etik hacker olmak kurs nda güncellemek planlayacağız dış güncellemek eklem istek ben mesaj discord sunu iletmek yazılı siber güvenlik alan hızlı şekil ilerlemek gün boy aşağı link kul indirim olarak eğitim edinmek quantum programalama sıfır i̇leri seviye quantum bilgisayar muhteşem hesaplamak kapasite ana kadar çözmek bir problem kolaylıkla çözmek hayat değişmek teknoloji ev kadar getiriyor sıfır başlayıp matematik programlamak quantum temel quantum bilgisayar öğreneceğimiz algoritma mantık kavramak eğitim alarak gelecek yakalayabilirsiniz https website etik hacker olmak kurs hacker lar saldırı yapıyor kendi saldırı karşı öğreniriz dan başlayarak öğrenmek istemek kurs tam göre kurs içeri ağmak iç saldırı web site yapılanmak saldırı trojan saldırı vb konu bulacaksınız https website etik hacker olmak web pentesting bug bounty web site web uygulamak açık bularak yasal bir şekil par kazanmak ister mis zaman eğitim tam göre tamamen sıfır başlayıp karşılaşmak web açık öğrenmek eğitim hemen yolmak koyu https website python sıfır i̇leri seviye etik hacker örnek python programlamak sıfır öğrenmek ihtiyaç var etik hacker araç yazmak merak ediyorsanız kurs tam göre eğitim içeri örnek sınav program yep yeni bir dünya beklemek bura indirim alabilirsiniz https website android mobil uygulamak kurs java kotlineğer android yeni başlamak dermek kurs tam göre baştan ileri seviye kadar android java kotlin öğrenmek kurs tercih edebilirsiniz kurs içeri i̇nstagram clone foursquare clone survivor bird game fruit ninja clone öğretmek app leri yazmak hal gelecek https website android i̇leri seviye mobil uygulamak kurs kurs android bilgi bir seviye ileri çıkarmak mvvm data binding livedata fragment navigation hilt jetpack testing vb merak edi bir konsept uygulamak öğreneceksiniz i̇ndirimli kaydolmak https website ios mobil uygulamak kurs swift iphone ipad uygulamak yazmak merak ediyorsanız kurs tam göre sıfır başlamak kurs on örnek uygulamak yazmak swift ios app leri yazmak öğreniyoruz https website etik hacker olmak mobil uygulamak cihaz siber güvenlik mobil uygulamak mobil gelişmek alan eğitim ala uzma herkes almak gerekmek hacker ların mobil uygulamak cihaz hack lediğini tabiî kendi korumak gerekmek öğrenmek eğitim indirim almak link kul https website etik hacker i̇leri seviye sızmak test yetki yükselmek siber güvenlik uzma olmak istemek oscp sertifika hazır yetki yükselmek sızmak test konu detay merak ediyorsanız mutlaka eğitim edinmek tavsiye eder eğitim ileri seviye olmak diğer siber güvenlik eğitim sonra kayıtmak olmak önermek https website etik hacker olmak kurs seviye ağmak i̇çi saldırı etik hacker olmak kurs nu almak temel siber güvenlik konsept hâkî kendi ağmak iç saldırı konu gelişmek istemek kurs tercih edebilirsiniz kurs python ağmak iç saldırı yazmak ileri seviye wpa wordlist saldırı kadar bir konu tabiî kendi korumak gerekmek bulabilirsiniz https website ios seviye swiftui ios eğitim tamamlamak artık ios app lerinin gelecek olacak swiftui teknoloji ad atmak vakit gelmek demek mükemmel kul arayüz oluşmak istemek eğitim kaçırmak herkes ön swiftui uzman şans yakalayın derim https website blockchain bitcoin temel gün hızlı gelişmek büyümek teknoloji blockchain in olmak öğrenmek bitcoin temel çözmek istemek kurs indirim link kaydolabilirsiniz https website,1
eğitim canva başvurmak teşekkür eder sağlamak belge uygun gereksinim karşılamak üzmek bilmek başvuru onay başvuru deva etmek lütfen öğretim yeter bir okul çalışmak kanıtlamak bir belge birlik yeni başvuru yapınmak art eğitim canva hesap edinmek hak kazanıp abone erişmek website fazla bilgi edinmek lütfen eğitim canva uygun yönerge sayfa inceleyin gerekli belge sağlayamıyorsanız endişe gerekmek yok dünya dört bir yan milyonlarca i̇nsa canva yı ücret olarak kul deva edebilirsiniz teşekkür canva ekip,0
yepyeni bahar trend lc waikiki yepyeni bahar trend yaş tarz uygu model dolap yenilemek tam zaman,1
böyle olmak terk etmek yeni buluşmak ders aliexpress,1
iade sure baslatılmıstır sipariş hesap müşteri hizmet merhaba sn nagihan şimşek numara sipariş iade işlem gerçek olup ücret iade süreç başlamak i̇ade tutar hesap yansımak banka göre fark gösterebilmektedir detay bilgi banka iletişim geçebilirsiniz soru görüş iletişim sayfa numara müşteri hizmet hat bize saygı,0
bilgilenmek ali bey merhaba kapamak madde in i̇d si bura yer almak son madde alt kısım deva ediyorum güncel olarak resimlemek geliyor bölü bora konuşmak resim resim olarak iki ayırt alt taraf detay i̇lgi i̇yi çalışmak dilemek dogukan celik yazılı gelişmek uzma,0
şifre talep sakarya il karasu ilçe kurudere ortaokul kurudere i̇lkokulu adına ösym tarafından yapılacak sınav görev alabilmek öğretmen şifre tanımlamak yapmak amaç okul adına şifre talep ediyoruz okul ad kurudere ortaokul okul müdür enr evi̇rcep telefon okul telefon kurum kod okul ad kurudere i̇lkokulu okul müdür end evi̇r cep telefon okul telefon kurum kod mail adres email,0
hoca merhaba ben sınıf öğrenci kamu çalışmak eğitim deva edemedim uzaktan eğitim dönem ders büyük kısım tamamlamak temel ders kalmak azami süre son gözükmek kalmak ders almak kalmak ders bitirmek website etmek şans olurmu bilgi verirseniz sevinmek numara,0
telefon galaxy seri değişmek standart öte geçinmek değişim fırsat şimdi yarar samsung galaxy seri değişim fırsat eski telefon getiri yeni galaxy seri website tl başlayan fiyat sahip şi̇mdi̇ deği̇şti̇r galaxy seri değişim kampanya üç fark model sınır öte tek standart karşilaştir galaxy seri tipik ap batarya ikon tipik performans ikon ap spen ikon tipik ap var border separator samsung avantaj kredi kredi alışveriş alışveriş yapı kredi banka nın kredi fırsat fayda ücret teslimat ücret teslimat samsung shop tan yapacağınız alışveriş güven ücret ev teslim exclusive offer ücret i̇ade fikir değişmek mi gün ücret iade edinmek facebook twitter youtube i̇nstagram,1
bilimsel proje danışman eğitim sakarya ar ge proje değerli arkadaş i̇limizde öğrenci hazır bilimsel proje nitelik danışman yapmak adına sakarya i̇l millî eğitim müdür bilimsel proje danışman eğitim düzen eğitim ortaokul fe matematik öğretmen lise öğretmen yönelik plan kasım tarihî yenikent halk eğitim merkez oturum hal yapılacak eğitim sabah oturum lise öğretmen öğle sonra oturum ortaokul öğretmen katmak eğitim interaktif olarak saat bilimsel proje danışman temel ilke saat örnek proje incelemek gruplamak hal saat örnek duru üzerine grup çalışmak şek toplam saat üzer gerçek başvuru sonra eğitim kabul edilenler görev izin saymak sabah oturum website aras katılım lise öğretmen kontenjan kişi öğle sonra oturum website aras katılım ortaokul öğretmen kontenjan kişi başvuracak öğretmen http website adres duyuru kısım form dolmak geç kasim saat website kadar email adres e-posta olarak göndermek gerekmek söz konu eğitim i̇lgi öğretmen duyurulması önem arz etmek i̇yi çalışmak,0
samsung çamaşır makine ariel hediye samsung electronics stok sınır kampanya kaçırmak samsung geniş hacim etki temiz website kg üzer samsung çamaşır kurumak çamaşır makine şimdi ay ariel deterjan hediye şi̇mdi̇ sati almak başvuru form samsung çamaşır kurumak çamaşır makine ay ariel deterjan hediye kampanya samsung avantaj online alışveriş kredi kredi alışveriş online alışveriş kredi yapı kredi müşteri özel online alışveriş kredi satı almak fırsat facebook twitter youtube i̇nstagram bize gizli yasal kampanya tarih website website seçil çamaşır makine alım geçerli kampanya samsung yetki satmak nokta https website web site üzer website website tarih aras satı alınmak kampanya dâhil stok bulunmak samsung marka seçil çamaşır makine ürümek ler geçerli olup ürün herhangi satı ala tüketmek katılım kampanya koşul yerinmek getirmek durum âdet kg ariel febreze etki tozmak deterjan hediye edilecektir kampanya dâhil satı alınmak durum âdet kg ariel febreze etki tozmak deterjan hediye edilecek seçil çamaşır makine model ah ah ürün kampanya koşul uygu olarak satı ala katılım samsung çağrı merkez arayarak ürün kurulum geç website saat tarihî kadar samsung yetki servi ara ileyaptırması gerekmek ürümek kurulum kampanya belirti süre gerçek katılım geç website saat tarihî kadar website website adres yer ala kampanya kayıtmak form dolmak başvuru bulunmak gerekmek kampanya kapsam veri âdet kg ariel febreze etki tozmak deterjan hediye stok sınır işbu kampanya kapsam âdet ay deterjan miktar hafta çamaşır yıkamak sık göre hesap kampanya i̇lgi detay samsung çağrı merkez güncel kampanya koşul https website adres,1
güvenlik uyarı google oneplus cihaz yeni oturum açma işlem email oneplus cihaz google hesap yeni bir oturum açma işlem tespit et işlem ait herhangi bir yapmak gerekmek i̇şlem ait değil hesap güve alt almak yardım olur,0
kiosk versiyon güncellemek merhaba kiosk yapılanmak güncellemek işlem art versiyon olarak ayn dizi atılmak kontrol rica eder i̇yi çalışmak i̇smail aras yazılı gelişmek uzma,0
sevgi paylaşmak unutmak kripto aşk beklemek arkadaş seven hayran binance davet edinmek varan değer gizem kutu kilit aç teklif şubat am utc itibar son erecek unutmak yıl tek bir sevgi gün var,1
yüzmek yüzmek eğitici eğitim başvuru meb duyuru değerli öğretmen öğretmek yetişmek gelişmek genel müdür unicef i̇şbir okul ön öğretmen harmanlamak ortam öğretim fark yönelik çalışmak yürümek kapsam kasım kasım ara ara tarih yüzmek yüzmek eğitici eğitim plan eğitim başvurmak isteyen öğretmen kasım tarih aras website adres i̇lgi form dolmak başvuru gerçek,0
bigstock tanış yüksek kalite görsel düşük fiyatlamak shutterstock bigstock günlük ücret deneme adet kadar ücret görsel olmak şi̇mdi̇ baş karşı bigstock bir shutterstock marka bigstock milyonlarca yüksek kalite görsel uygu fiyat sunuyor bigstock abone deney proje kul adet kadar ücret görsel yarar bir görsel sade düşük bir rakam başlayan fiyat sunuluyor aras seçim yapabileceğiniz fazla fiyat plan bulunmak günlük ücret deneme süre kaydolun adet kadar ücret görsel inmek balayı şi̇mdi̇ baş,1
mayıs haziran plan merhaba arkadaş hafta devam paylaşmak çarşamba perşembe cuma,0
sql server std teklif mustafa bey kolay gelmek telefon görüşmek sql çözüm ilişki maliyet tablo değerli sipariş bek iyi çalışmak dilemek,0
welldone elektrik mutfak şofben welldone elektrik mutfak şofben baymak aqua konfor lt termosifon website welldone elektrik şofben rezistans baymak bh şofben website baymak aqua tu lt termosifon website baymak aqua ta lt tezgahaltı termosifon website baymak aqua tu lt tezgahüstü termosifon website dolce vita aqua konfor lt termosifon website,1
i̇kili beyaz eşya alım elektrik süpürge hediye sınır süre geçerli fırsat kaçırmak samsung i̇kili beyaz eşya alım elektrik süpürge hediye ocak şubat tarih aras iki samsung beyaz eşya alım tozmak torba elektrik süpürge hediye bizde firsati kaçirma,1
el terminal anydesk benzeri website ali bey selam el terminal anydesk benzeri bir yazılı var stackoverflow biraz kuracaladım rdp port alaka çöz mevcut bilmek kul bir uygulamak varmı önerebielceğ website iyi çalışmak dilemek website erdoğan yazilim proje yöneti̇ci̇si̇,0
kampanya yeni yıl ihtiyaç kul ön onay kredi hazır yapı kredi website değerli müşteri yeni yıl ihtiyaç tl yemek kadar kul ön onay kredi hazır üstelik kredi şimdi alınmak ödemek ay sonra başlayın ön onay kredi hemen kul arayalım kredi anı hesap geç dilemek yapı kredi mobil i̇nternet şube atm şube ön onay kredi kul,1
su geçirmek spor ürün yağmur hazır olmak decathlon decathlon spor erkek kadin çocuk seri̇ son eki̇pmanlartüm ürünleri̇ keşfetmek kadin yağmurluk erkek softshell mont dağ hobi amaç yürümek yaparken sağanak yağmur bile korur çıkarmak ayar kapüşon bilek vücut uygun sağ website kendi ayakta duran yapı direk sayesinde kolay kurulu kıyı seyir uygu softshell mont serin hava yapmak yelken antrenman tasarlamak çiselemek yağmur soğuk karşı website cm oda lik tulû kul maks yüksek cm sati almak sati almak kadin yağmurluk erkek koşu yağmurluk ceket esinti hava yapacağınız antrenman mükemmel hafif yapı kısa kesi hareket kolay sağ kendi kendi ayakta duran yapı direk sayesinde kolay kurulu saat kısa süre koşu su geçirmek nefes alabilirlik sunar ana bileşmek su geçirmek nefes alabilen kumaş ter dışarı website cm oda lik tulû kul maks yüksek website almak sati almak erkek trekking şi̇şme mont kadin şi̇şme mont su geçirmek kapüşon şişmek mont sıcak hafif dayanıklı bir tasarlamak yemek kadar sıcak rahat antrenman yapmak sağ website kendi ayakta duran yapı direk sayesinde kolay kurulu sıcak tutmak hafif dayanıklı kapüşon şişmek mont hareket hal yemek kadar antrenman yapmak tasarlamak dış kumaş su içeri girmek önlemek işlem geçmiş cm oda lik tulû kul maks yüksek cm sati almak sati almak,1
paylaşmak kazan fenomen fırsat marta özel fenomen indirim mart alışveriş liste pa tl yemek varan hepsipapel kazan liste alışveriş yapıldıkça kazan üstelik liste ilmek girmek ekstra tl se olmak liste hazırlamak,1
sevgi nagihan şi̇mşek i̇stanbul beykoz current web tools of ict ad etkin kaydolmak teşekkür eder i̇steğinizi giriş değerlenmek başvuru duru hakk kısa zaman pos bilgilenmek saygı etwinning ekip,0
ptt güvence aramak var inanmak fırsat website benzer indirim kaçırmak website ücret kargo kapı ödemek güven alışveriş adres website,1
nisa ekstre servi sayın no kart ait nisa ekstre ekli pdf dosya dönem borç son ödemek tarihî aşağı belirmek tl tutmak usd tutmak dönem borç asgari ödemek tutar son ödemek tarihî saygı,0
karsu btcturkpro sahne merhaba oğuz tümer bodrum antik tiyatro sahne karsu nun ses sana şarkı sahne deneyimlemek izleyin i̇zlemek,1
uzaktan eğitim giriş öğretmek yeter artırılması proje sakarya i̇l mem ar ge proje ekip email website pzt değerli öğretmek arkadaş müdür sakarya üniversite eğitim fakülte i̇şbir yürümek öğretmek yeter artırılması proje eğitim ilk etap uzaktan eğitim i̇lgi gerekli tanımlamak tamam söz konu eğitim il bütün öğretmek okul yönetmek kapsamak eğitim girişmek website adres kul adres girişmek kul ad olarak bir kişi isim soymak isim ilk iki harf büyük harf türk olmak karakter tc kimlik numara ilk alt rakam bitişik olarak yazılacaktır şifre olarak tc kimlik numara son beş rakam yazılacaktır örnek gerçek kişi değil ad soyadı tc kimlik no kul ad şifre not i̇ki fazla isim yâd soymak isim kişi ilk isim ilk soymak isim göre kul ad türemek kişi ister profil sayfa şifre değişmek eğitim yukarı bahsetmek web sayfa tarihî kadar aktif olacaktır öğretmen istemek zaman eğitim takip edebilecek kendi sunu doküman inmek eğitim toplam saat saat olup site eğitim i̇lgi yüklemek deva etmek i̇yi çalışmak dilemek mehmet salih güvendi̇ sakarya i̇l millî eğitim müdür şube müdür,0
i̇şletme enstitü ön kayıtmak merhaba hüseyin bey i̇nceleme yapılıyor taraf bilgi verilecektir mail takip kalınmak i̇yi gün,0
tamamen yeni bir düzey eğlence ses video oy ürün fırsat aliexpress seçim tws kablo kulak bluetooth kulak hoparlörl try website try website kablo bluetooth website xiaomi kulak gür try website try website aun projektör telefon full hd led sin try website try website projektör full hd android wifi mi projektör try website try website hoş yeni orijinal lenovo tws kablo kul try website try website tws bluetooth website kulak şarj ku try website try website orijinal lenovo kablo bluetoot try website try website orijinal lenovo kulak tws bluetoot try website try website dodocase website bluetooth website kulak website website try website kablo kulak bluetooth stereo website website yeni tws kablo bluetooth website kulak try website,1
şubat akşam kimse söz vermek psikolog dr gizem sürenkök anlamak sevmek i̇şi yapmak yapmak i̇şi sevmek mi şubat yak sevgi sevmek iş konuşmak olmaz demek yakı i̇lişkilerden sosyal medya tanımak psikolog dr gizem sürenkök sevmek iş yapmak yapmak iş sevmek mi sormak keyif bir campus connect can yay etkin planlamak şubat saat website website youtube sayfa linkedin mutlaka gelmek yay başlamak sana haber verebilmemiz youtube kanal linkedin sayfa takip alabilirsin yayini kaçirmamak i̇çi̇n kanalimiza abone linkedin sayfamizi taki̇p edi̇n,1
yeni reebok nano reebok yeni reebok nano nin dayanıklı konfor tanış satı alınmak,1
şikâyet hakk merhaba şikâyet bize kısa süre müdahale edilecektir i̇lgi alaka teşekkür website oy ekip,0
penti giyim tic fatura bilgilenmek sayın numara fatura i̇lgi bilgi aşağı yer almaktadı website gönderi penti giyim tic fatura tarihî website ödemek tutmak try fatura pdf dosya görüntülemek i̇çin tıklamak fatura pdf dosya i̇ndirmek i̇çin tıklamak fatura imza ubl tr dosya i̇ndirmek i̇çin tıklamak i̇letişim bas ekspres yol kavak sk eresinler sermek plaza kat yenibosna i̇stanbul website fatura doğrulmak fatura görüntü imza malî mühür doğrulamak website adres fatura görüntüleyici uygulamak bilgisayar kurulum gerçek sonra ek ubl fatura görüntü doğrulamak sağlayabilirsiniz,0
sayın tuncay bey i̇lgi kod doğru olanlarını belirlemek rica eder kaktüs golf ars kaymak pamuklukkapak porselen demlik çubuk no selam yukarı stok kod sayı kabul edemiyorum taraf kod belirlenip verilsin kod ge kadar yukarı kod sistem işlemek geri kalmak eş sistem aç mükerrer kod sorum değil özellikle boşluk türk karakter stok kod olamaz i̇lgi firma stok kod öğrenelim yâd argüman kul stok kod bilmek,0
messi artık bizde son haber duymak bugün ilk global marka elçi lionel messi yemek website olarak hoş gelmek website fazla öğrenmek doksan bir hayır posta kaç yazmak silmek tekrar yazmak sayı değil doğru oldukça yakı i̇lk global marka elçi leo messi nin bir takvim yıl atmak toplam gol sayı evet doğru yedi ballo dor sahip oyun artık aile bir parça gol rekor kadar yeter messi website un başlangıç yana birçok değişmek logo renk uygulamak hal uz bir yol var tek bir sabit kalmak spor taraftar bağlama tutku yüzde global marka temsil fikir ilk orta çıkmak vizyon bizimki uyum aramak başlamak saha iç çıta durmak bilmek yukarı taşıyan bir spor ayn saha dış yapmak araştırmak henüz başlamak bitti leo messi fan tokenlarla zaman fazla taraftar erişecek on eğitecek güç ödüllendirmek beraber fazla yapabiliriz beraber fazla olabiliriz,1
kimlik yönetim sistem parola aktivasyon aktivasyon tamamlamak yeni parola belirlemek girişmek yapı saygı,0
data aktarimi hk bora bey günaydın ocak şubat reel data data aktarmak fatoku yapmak rica eder beyanname oluşmak gun içinde yaparsanız sevinmek i̇yi çalışmak,0
eğitim canva başvuru alınmak başvuru numara merhaba nagihan şimşek eğitim canva başvuru başar gönder fazla başvuru almak geri dönmek yapmak biraz uz sürebilir süre genellikle saat çalışıyor uygun kılavuz uygu olmak emin olmak ekli belge dâhil olmak üzer başvuru kontrol ede herhangi bir ek bilgi ihtiyaç duyar bilgilenmek ayrıç başvuru yeni göndermek gerekebilir belge eklemek unutmak yard ihtiyaç var başvuru numara bura iletişim geçebilirsiniz sıra canva yı ücret kul deva edebilirsiniz başlamak fayda öğreti,0
tl alt hizmet i̇htiyaçlarını bir çırpı halletmek hizmet pişmek ağız düşmek temiz tadilât nakliyat tamir özel ders sağ hayat kolay hizmet merhaba oğuz i̇htiyaçlarını fazla ertelemek kolaylıkla halletmek iş uzma profesyonel yan,1
web site oluşmak i̇şinizi i̇nternet taşıyın türk destek ekip yard hazır,1
byart ftp merhaba portal yapılanmak işlem adına ftp bilgi alabilir mi i̇yi çalışmak,0
stajyer not hoca merhaba telefon numaralamak website hafta okul çıkmak zor kalmak cikti alamadım yar okul gitmek âdet sf var iki dolacakmi,0
oneplus cihaz google hoş gelmek oneplus cihaz kurulum tamamlamak son adım uygulamak resmi google uygulamak deney,0
aile birey tanımak yeliz candar kendi adi cihan anne ad yeliz babamin ad azem kardeş abla in ad yıldız benian amca ad salih hala ad ayşe teyze ad fil day ad murat,0
halk kütüphane hizmet artık devlet kapı halk kütüphane hizmet artık devlet kapı devlet kapı üzer kütüphane cep mobil uygulamak aracılığıyla devlet portalına bağ istemek halk kütüphane üye yapabilir anı kitap erişebilir katalog taramak yapabilir ödünç almak kitap süre uzamak üye bilgi güncelleyebilir kayıtmak yapmak halk kütüphane değişmek bütün halk kütüphane hizmet bilgi erişebilirsiniz,0
sayılı yapılandırmak kanu son başvuru eylül ileti yüksek önem derece göndermek devlet kapı email website cmt devlet kapı sn hüseyi̇n şi̇mşek sayılı yapılandırmak kanu son başvuru eylül sayılı alacak yeni yapılandırmak hakk kanu hüküm yararlanmak öngörmek başvuru ilk taksit ödemek süre tarih sayılı resmi gazete yayımlamak sayılı cumhurbaşkanı karar bir ay uzamak sayılı kanu vergi ceza borç yapılandırmak sgk prim borç yapılandırmak matrah vergi artırım i̇nceleme tarhiyat aşama bulunmak kamu alacak başvuru i̇şletme kayıt düzeltmek pişmanlıkla beyan dava borç sonuçlanmak yeni değerlemek motor taşıt vergi öğrenim katkı kredi trafik i̇dari par ceza i̇dari par ceza konu kaçırmak gerekmek fırsat sunulmuştur yapılandırmak hüküm yararlanmak tarihî bitim kadar başvuru bulunmak yapılandırmak alacak ilişki peşin ilk taksit ödemek tarihî bitim kadar tarihî hafta son rastlamak nedeniyle yapılması gerekmek önem not diğer taksit ödemek süre herhangi bir değişik yapılmamıştır mesaj kanu sağlamak olmak imkân husus kamuoyu mükellef bilgilenmek amaç göndermek borç yoksamak borç tamam ödemek mesaj dikkat almak detay bilgi sayılı yapılandırmak kanu başvuru yapabilirim https website bağlantı tıklamak video izleyebilirsiniz,0
tmm hoca diğer seçeyim teşekkür eder,0
yeni sezon yeni tarz lc waikiki yeni sezon yeni tarz yaş tarz uygu model dolap yenilemek tam zaman,1
website teknik analiz şubat perşembe gmt itibar aşağı seçmek araç i̇lgi son piyasa faaliyet temel alınmak oluşmak teknik öngörü analiz bulabilirsiniz pos seçim değişmek enstrüman bölüm ziyaret edi belirli zaman ara geçerli bilgi önem teknik indikatör üs hareket ortalama oluşan kapsam bir özet içermek,1
özgeçmiş güncel değil website merhaba özgeçmiş uz zaman güncellemek fark et aramak iş bulabilmeniz iletişim eğitim iş deneyim bilgi güncel olmak önem güncel olmak bilgi aday sayfa girişmek yaparak değişmek,0
saniye kurulup kat çadır tanışmak merhaba sade düğmek basmak saniye çadır kurabileceğin toplamak fresh black teknoloji tanışmak iyi uyumak kul özel bileşmek sayesinde serin karanlık bir orta sağ üstelik kılıf sayesinde rahat taşıyabilirsin,1
ön onay kredi kart hazır hesapkurdu website ön onay kredi kart hazır onay kredi kart ayak gelmek aç,1
yatırım fark bir opsiyon var gcm opsiyon hizmet gcm yatırım can destek gcm opsiyon hizmet döviz hisse endeks emtia opsiyon gcm yatırım işlemek açıl fark strateji yatırım çeşit büyümek opsiyon işlem maliyet oluşmak ekonomik değer göre düşük opsiyon açık satmak etki kaldıraç imkân esnek yatırım strateji oluşmak gcm yatırım in sunmak avantaj opsiyon sözleşmek gün saat likit bir şekil işlem yapabilirsiniz,1
onay gecikmek ürümek bedel satı aktarmak sıfır risk sistem merhaba onay gecikmek ürümek bedel satı aktarmak satı almak ürün sana veri süre iş gün saat onaylamak ürümek bedel satı hesap aktarmak sipariş i̇lgi ayrıntı bilgi almak satı iletişim geçmek gittigidiyor kayıtmak işlem tamamlamak,0
heyecan link yazmak merhaba arkadaş plan kolay paylaşmak veli kolay paylaşmak whatsapp plan paylaşım grup kur böylelikle mail spama diğer klâsör düşmek endişe orta kalkmak olacak i̇steyen herkes whatsapp grup katılabilir paylaşmak plan tek tuşlamak kendi sınıf whatsapp grup yönlenmek,0
fenomen i̇ndirimlerde ürün si sade tl mod ev elektronik kozmetik dekorasyon ürün fazla süper fırsat alışveriş baş fırsat kaçırmak,1
mebbis ileti yüksek önem derece göndermek millî eğitim bakan mebbis pos doğrulmak kod gönder saat,0
bugün özel i̇novatif ürün fırsat keşfetmek merhaba ar ge merkez sporsever ürün keyif pratik hal getirmek amaç yenilik tasarım yapıyoruz i̇novatif ürün tanışmak sade bugün özel fırsat hemen aşağı keşfetmek,1
nisa atamak sayın cumhurbaşkanı dün atamak i̇lgi müjde haber gelmek beri iç yeni umut kapı açıl bin öğretmek atamak nisa ayı olmak aile büyük istek anne dua sınav girmek on dua ilede nisa atamak talep ediyoruz ben yeni anne inanmak saye nisa oğul rızk olacak lütfen müjde haber kurul toplantı sonra veri saygı,0
sayın hüseyi̇n şi̇mşek gelecek hafta sunu merhaba gelecek hafta metin furkan yusuf hüseyin sunacak ders aktif katmak mikrofon hazırlamak metin okumak website website künye ak büyük veri uygulamak alan analitiği güvenlik boyut bilgi yönetim ek dosyalamak dosya,0
arkadaş geçen hafta ders almak i̇lgi bir talep gelmek hafta başlayalım ders anı tekrar duru değerlenmek hali̇l i̇brahi̇m cebeci̇,0
güzel ürün indirim fırsat makyaj güzel alet varan indirim,1
gamepower oyun ekipman gamepower oyun ekipman bura tarafından buluşuyor,1
kasım kültür sanat etkin sakarya büyükşehir belediye website per kasım kültür sanat ekin katılım beklemek detay website,0
bahar coşku artıracak hediye qnb mobil mart mart tarih aras qnb mobil egiriş yapınmak çekmek ipad te kazanmak şans yakalamak,1
meb hizmetiçi eğitim faaliyet katılım bilgilenmek sn hüseyi̇n şi̇mşek website website tarih aras i̇stanbul ataşehir zübeyde han hizmetiçi eğitim enstitü akşam sanat okul ataşehi̇r i̇stanbul adres yapılacak website uzaktan eğitim süreç öğretim beceri gelişmek eğitici eğitim kurs isim hizmetiçi eğitim faaliyet kursiyer olarak alınmak faaliyet katılım husus gerek bilgi rica eder öğretmek yetişmek gelişmek genel müdür değerli öğretmen kasım tarih ataşehir i̇stanbul zübeyde han hizmetiçi eğitim enstitü düzen öğretmen uzaktan eğitim süreç öğretim beceri gelişmek eğitici eğitim kurs görev eğitim windows dizüstü bilgisayar bitmek getirmek gerekmek eğitim gelmek ön bilgisayar http website adres dosya inmek ge ulaşım karayolu havayolu denizyolu demiryolu yapabilirsiniz eğitim son gün website bitmek i̇yi çalışmak katmak hizmetiçi eğitim faaliyet ait standart eğitim program http website link üzer,0
mart ön sipariş başlamak galaxynin yeni aile galaxy seri buluşmak kalmak ön sipariş özel avantaj yararlanmak standart öte geçmek şimdi kayıtmak olmak kural se website mart gün saat dakika sayaç,1
eren ortaokul ki̇tap i̇hti̇yaç li̇stesi̇ okul ki̇ştap i̇hti̇yaç li̇stesi̇ ekli̇ dosyadadir,0
kayseri̇ ulu stem çaliştayi sakarya ar ge proje değerli arkadaş kayser i̇l millî eğitim müdür ar ge birim stem ekip tarafından tarih ulu stem çalıştay gerçek katılmak isteyen fe teknoliji öğretmen ek başvuru form doldurmak email adres göndermek gerekmek son başvuru tarihî bilgi kayser stem koordinatör murat üstündağ başvuru form çalıştay iletişim site,0
i̇şlem sonuç formuhalk yatirim sayın yatırım i̇şlem sonuç form detay ek dosya,0
karamak cuma teklif bugün son erimek depositphotos i̇maj baş yerinmek website büyük tasarruf edinmek i̇ndirdiğiniz dosya indirim el edinmek acele edinmek karamak cuma fiyat ge website kadar geçerli hemen satı almak video indirim video üye website kadar tasarruf edinmek hemen satı almak müzik indirim yıllık sınır üye website tasarruf edinmek hemen satı almak tek bir tıkmak yaramak proje başlamak hazır karamak cuma dilemek üç özel teklif seçmek teklif sade tek kullanım geçerli,1
fırsat kaçırmak varan indirim se beklemek pierre cardin lingerie pierre cardin şahane indirim özel fiyat başlamak tl üzer alışveriş kargo bedava alışveriş baş,1
yasak site girmek artık ücret proxy gizlemek website web proxy güncel proxy proxy adres proxy surf proxy program proxy site proxy servis tamamen ücret bir şekil sunulmaktadır proxygizlen servis özel site as çerez cookie tutmak bir kayıt bulamak javascript istemek kapamak reklamlarin girmek site gözükmek istemek imaj kapatmak seçmek girmek site nere gelmek as bulamak website adres gizli kalmak bulamak devlet yasaklamak site girmek hemen tiklayiniz proxygizlen proxy servi hoşgelmek yıl kuru proxy servis kesinti olarak site hızlı şekil ulaşmak sağ website proxy başka bir adres ulaşmak yaramak araç sitedi website gizlemek hizmet sunmak türkiye yasak site ip adres kayıtmak edilmesini istemek site proxy gizlemek üzer girebilir iz bırakmak rahat website adres yerinmek proxy adres proxy ip görü website servis özel bir tanes https proxy ssl proxy website proxy yazmak site çıkmaktadı website download yapabileceğiniz araç ktunnel proxy site bilgi paylaşmak website as bilmek site proxy olarak kul website iyi proxy site başka proxy site düşünmek bile porxy aram zaman üst yer almak kanıtıdı website program almak gerekmek yok boş yer proxy program par website ayarlari uğraşmak boş yer zaman kaybetmek proxy güncel website gizlemek sayesinde proxy değişmek dert uğraşmazsını website liste aramak yormak biliyoru website list sağlayıcılarının çoğun çalışmak içerik do olmak website proxy öyle hemen kul proxy tunnel proxy vpn hizmet sade yavaşlamak website surf yapmak yukarı kutu gitmek istemek site adres yazı buton tıklamak anonymous proxy servis aras yıl seçmek tesadüf website proxy servis yıl çıkmak düşünür yıllamak servis verebiliyor olmak website aramak tercih etmek teşekkür eder hızlı ninja proxy youtube proxy proxy in hemen kutu website yazı girişmek yapı website sıkmak kul liste eklemek unutmak,1
oks sistem çıkış ödemek sayın hüseyi̇n şi̇mşek otomatik katılım kapsam numara bireysel emeklilik sözleşmek ilişki ayırmak ödemek tarihî yapılmıştır saygı ürün hakk fazla bilgi almak website yi ziyaret edebilirsiniz sözleşmek i̇lgi detay bilgi işlem hızlı yapabilmek cep şube mize website yer ala dosya açamadıysanız acrobat reader inmek tıklamak,0
yeni başlayanlar yatırım eğitim bize katı döviz borsa ücret işlem yapmak temel öğrenin,1
ege arkadaş haziran plan merhaba arkadaş haziran ege arkadaş plan hazır diğer yan plan ilk dönem plan plan hazırlamak kısım bitmek yak bey jimnastik kodlamak matematik sanat okumak yazmak hazır etkin çalışmak kağıt yan sır şarkı sanat etkin bilmek şiir parmak oy hikâye deney video olabildiğince kendi hazırlamak sebeple planlamak kısım bitmek olmak video çekim video plan içerik ek işlem bir hayli zaman alarak deva ediyor plan er satmak gün ön başlamak plan haziran boy indirim tl temmuz un itibaren tl ücret plan satı almak i̇çin iban i̇sim soyisim canan erişkin açıklamak ad soyad telefon numara mail adres plan ücret göndermek sonra gün içinde açıklamak telefon numara ücret plan kul özel açmak whatsapp grup ekleyeceğiz ağustos ayı orta plan paylaşım açmak ücret plan özel link erişim yine açıklamak kısım yazmak mail adres vere yüzde ücret plan almak istemek açıklamak kısım telefon mail adres dikkatli yazı dönem plan ağustos ayı orta dönem plan dönem orta paylaşmak akıl takı bir olur whatsapp üzer sormak,0
merhaba sporsever mart dünya tenis gün kapsam minik sporsever ücret tenis ders katmak ister mis ders mart pazartesi gün decathlon levent ataşehir muratpaşa mağaza saat aras gerçek kayıtmak olmak detay bilgi almak mağaza ziyaret edebilir danışmak bilgi website kalmak,0
online gezi denemek mi fest travel website online gezi denemek mi online gez dünya dört bir yan bol görsel uzma rehber din online keşfetmek,1
nihal sütütemiz merhaba hüseyin öncelikle paylaşım teşekkür eder konu etkilemek ancak böyle bir konu tamamlayabilecek bir tasar yapabilecek mis araştırmak öneri yazmak bir planlamak süreç olmak yapabileceğine inanıyorsan ben uygu kolay gelmek hoş kalmak,0
i̇ngilizce akmak gelişmek grammarly website i̇ngilizce akmak gelişmek grammarly i̇ş i̇ngilizce yazmak doğru an olmak sağ,1
di̇b mbsts bina tercih görev i̇şlemleri sistem di̇b mbsts isim oturum yapmak olmak bina görev tercih liste aşağı listelemek görev bina cihaz görev gözemek salon başka bi̇nalar kocaeli̇ i̇zmi̇t atatürk ortaokul kocaeli̇ i̇zmi̇t koü iktisadî idarî bilim fakültesi̇ tercih etmek bina yerleşmek durum herhangi bir bina görev yapmak kabul et i̇yi gün dilemek,0
çocuk kayak mont mavi su geçirmek kayak mont kapüşon sayesinde sıcak tutar kayak yapmak iyi şekil öğrenmek ideal,1
i̇novatif ürün tanış merhaba yapmak spor seviye olur olmak ürümek gam antrenman yeni bir soluk katmak inovasyon sahip ürün keşfetmek yapmak gerekmek tek sana uygu inovatif ürün seçmek,1
fabrika direk satmak website fabrika direk satmak koşul iade yedek parça garanti hızlı teslimat saat kargo kargo bedava,1
emrah safa gürkan quiz game osmanlı tarihî mabbels kut oy adel website lu fineliner kale faber castell lı metalik markör set rotring visumax website mm koyu yeşil versatil kale copier bond fotokopi kâğıt lü paket artmak puzzle papirüs parça puzzle scrikss graph website mm mat siyah versatil kale scrikss graph metal versatil mm saten gri artmak puzzle düşmek sokak parça puzzle anatolia puzzle mut resmi parça puzzle rotring siyah jel mürekkep kale anatolia deniz ait parça puzzle anatolia dağ evin gün batım parça puzzle anatolia söğüt güzel parça puzzle clementoni mordillo impossible parça puzzle fujifilm instax mi fotoğraf makine pembe website cubicfun harry potter hogwarts ekspres tren set puzzle kodak dock fotoğraf yazı siyah website fuji instax mi bundle box website kobo nia siyah kitap okumak cihaz website kobo libra kitap okumak cihaz website anatolia ortaköy cami nostalji parça puzzle fuji instax square glacier mavi ex dijital fotoğraf makine website jbl tune wireless beyaz kulak website,1
börü bölüm blutv blutv sene savaşmak artık konuşmak yok artık merak yok tek tek imha ede bölüm şimdi blutvde hemen keşfetmek,1
yapılandırmak kanu bilgilenmek ileti yüksek önem derece gönderildi devlet kapı website paz devlet kapı sn hüseyi̇n şi̇mşek koronavirüs salgın ülke ekonomi etki azalmak istihdam üretim korumak vatandaş salgın etkilemek azmak inmek kamu finansal denge korumak sürmek kılmak adına tbmm tarafından kabul edi sayılı yapılandırmak kanu vatandaş yeni imkân getirilmiştir,0
apazarı fatih ilköğretim okul website pzt merhaba adapazarı fatih ilköğretim okul teknoloji tasar öğretmen ders kaynak olarak patent le i̇lgi döküman göndermek sevinmek i̇lgi şimdi teşekürler adres yağ mah arif ağmak sokak fatih ilköğretim okul adapazarı sakarya teknoloji̇ tasarim öğretmeni̇ hüseyi̇n şi̇mşek öğrenci̇ sayisi,0
nuretti̇n tepmek ortaokul hadi̇s ezberlemek website cum komi̇syon bi̇lgi̇si̇ komi̇syonda öğretmek müdür yrd görevli̇,0
kpss sezon final program atamak isteyenleri beklemek i̇htiyaç uzaktan eğitim,1
hoş gitmek makyaj pi nagihan seçil makyaj konu pi pinterest te popüler olanlara göre,1
nuretti̇n tepmek ortaokul eren sakarya akil tahtaokulumuzda et kurulu yapilmiş olup i̇hti̇yaç yok md yrd,0
hesap doğrulamak kâmil website hesap güve tutunmak merhaba kâmil website tek hesap özgeçmiş güve tutmak lütfen hesap girişmek yaparak bilgi doğrulamak,0
arşiv fatura sayın müşteri elektronik arşiv fatura uygulamak kabul ederek milyonlarca ağa kurtarılmasına katkı bulunmak teşekkür eder alışveriş ait fatura bilgi fatura basmak görüntü aşağı website tercih etmek teşekkür eder,0
çılgın sayısal loto devretmek büyük i̇kramiye milyon tl yi aş çılgın sayısal loto çekmek kaçırmak merhaba oguz milyon tl yi aşmak büyük ikramiye çılgın sayısal loto bugün saat çekmek hemen şimdi bilet alınmak hayal bir ad yak bol şans dilemek millî piyango ekip,1
sürelikitap fatura sevcan özge kartal merhaba sürelikitap fatura detay aşağı bağlantı tıklamak inceleyebilirsiniz i̇yi çalışmak sürelikitap muhasebe departman,0
stem eğitim rapor değerli arkadaş yüzyıl stem artık eğitim hayat bir parça olarak yer almak hazır gözükmek doğrultu bakan bir çalışmak yapmak meb yeni eğitim teknoloji genel müdür tarafından stem fe teknoloji mühendis matematik eğitim rapor hazır rapor sayesinde stem stem eğitim sistem bileşmek neler dünya ülke türkiye stem uygulamak soru cevap rapor tıklamak,0
akmak i̇ngilizce pos yazı grammarly akmak i̇ngilizce pos yazı yazı an etki artırın bilgi usta genişlemek fazla,1
i̇ş yatırım uluslararası piyasa günlük rapor website i̇ş yatırım araştırmak email ekli bir ileti görüntülemek gmail ekli ileti özgün doğmak website twitter facebook youtube i̇ş yatırım günlük rapor sayın i̇ş yatırım uluslararası piyasa günlük rapor website eurotahvil piyasa dün güven liman talep artmak website seviye kadar gerilemek abd yıllık tahvil getiri bugün yaklaşık baz puan yükselmek website seviye seyretmek fed başka powell senato yapmak konuşmak rusya ukrayna belirsiz rağmen mart faiz artırım uygu olacağını düşünmek açıklamak getiri yukarı hareket aras yıllık tahvil getiri yaklaşık baz puan artışla tekrar website seviye üzerine gelmek duru avrupa yıllık getiri baz puan yükselmek iz almanya yılık getiri website i̇ngiltere yıllık getiri website fran yıllık getiri website,1
yatırım fark bir opsiyon var gcm opsiyon hizmet gcm yatırım can destek gcm opsiyon hizmet döviz hisse endeks emtia opsiyon gcm yatırım işlemek açıl fark strateji yatırım çeşit büyümek opsiyon işlem maliyet oluşmak ekonomik değer göre düşük opsiyon açık satmak etki kaldıraç imkân esnek yatırım strateji oluşmak gcm yatırım in sunmak avantaj opsiyon sözleşmek gün saat likit bir şekil işlem yapabilirsiniz gcm yatırım opsiyon i̇şlemleri deneme hesap oluşmak gcm opsiyon trader opsiyon kolay yatırım yapınmak yatırım fark bir opsiyon var piyasa yön olur olmak opsiyon yatırım stratejik dokunmak yön kazanmak risk korun gelir yaramak,1
akmak i̇ngilizce pos yazı grammarly akmak i̇ngilizce pos yazı yazı an etki artırın bilgi usta genişlemek,1
öğretmek yeter i̇htiyaç analiz anket sakarya ar ge proje website salmak değerli arkadaş müdür eğitim öğretim yıl içeri hizmetiçi eğitim faaliyet dış öğretmek idare meslekî kişisel yeter artmak yönelik eğitim düzen eğitim akademisyen uzma tarafından verilecek olup ihtiyaç analiz anket göre konu belirlenecektir perşembe gün saat kadar öğretmek idare anket doldurmak gerekmek kul ad tc kimlik numara şifre büyük harf bap ad bap ad iki isim ilk,0
sade sana özel avantaj görmek hepsiburada bura sana özel yepyeni bir dünya tanışmak hediye kupon dahası anasayfa sana özel tıklamak fırsat kaçırmak hemen keşfetmek hepsiburada,1
snaiker almak ah cooper darbe çift metal şanzuman bakır sargili şarj çift akü vidalamak matkap website snaiker almak ah cooper darbe çift metal şanzuman bakır sargili şarj çift akü vidalamak matkap bauer almak ah metal şanzuman bakir sargili çift akü şarj vidalamak matkap prç adidas superstar foundation günlük spor ayakkabı tekbaş un tandır köy ekmek un kg kurukahveci mehmet efendi türk kahve âdet adidas superstar günlük spor ayakkabı nike air for sneaker spor ayakkabı viphome ankastre mutfak dolabi vda majör kanepe koyu gri website website ayanavm siyah file bilgisayar ofis çalışmak sandalye koltuk makam koltuk kiwi baby ip kamera bebek kamera rayba güneş gözlük website zen lü kanepe website website apple iphone gb aksesuar kut yeşil website website do dakar uzaktan kumanda akü arap website kara hatır plus mod in kahve çay makine kırmız website adidas superstar foundation spor ayakkabı varta varta amper blue dynamic akü aralik üretim in akü volt amper formul taurus aralik üretim schafer rock parça granit tencere set taral benzin çapmak makine website varta blue dynamic alçak akü kasim tarih haylou dokunmatik tws kulak siyah,1
brandy türkiye brandy türkiye i̇lk alışveriş özel i̇ndirimini kaçırmak,1
tümer altaş sınav hazır dil eğitim veritabanı deneme erişim ek değerli kul tümer altaş sınav hazır dil eğitim veritabanı deneme erişim açılmıştır detay duyuru sayfa erişmek website,0
güliz uğur merhaba sade degil kot puan ala cok kisi var top bir karamak veririz gorusmek uzer,0
kolay pos pazarlamak euromsg express kolay pos pazarlamak list yüklemek şablon seçmek posta gönder dakika i̇çinde pos kampanya tamamlamak bilgi edi,1
matepad sound joy sınır süre indirim cazip teklif huawei se beklemek,1
i̇nfo yatırım araştırmak tablo i̇nfo yatırım araştırmak tablo aşağı link genel kurul website sermaye artırım website nakit temettü website vbts kapsam website i̇nfo yatırım menkul değer mecidiyeköy yol cad no plaza kat mecidiyeköy şiş i̇stanbul mersis no tel web website çeki rapor yer ala türlü bilgi değerlenmek yorum istatistiki şekil bilgi hazır tarih itibarî mevcut piyasa koşul güvenirlik inanmak kaynak el edilerek derlemek i̇nfo yatırım menkul değer tarafından genel bilgilenmek amaç hazır sunu bilgi doğru yatırım karar uygun taraf garanti edilmemektedir bilgi bel bir getiri sağ yönelik olarak verilmemekte olup al satım karar destekleyebilecek yeter bilgi bura bulunmak bura yer ala yorum tavsiye yorum tavsiye bulunmak kişisel görüş dayanmak herhangi bir yatırım araç al satım öneri getiri vaat olarak yorum görüş malî duru risk getiri tercih uygu olmak sade bura yer ala bilgi dayanmak yatırım karar verilmesi beklenti uygu sonuçlamak doğurmak sayfa yer ala bilgi hata eksik bilgi dayanmak yapılanmak işlem yorum bilgi kul doğacak türlü maddî manevî zarar şekil olur olmak üçüncü kişi uğramak türlü doğrudan dolay zarar dolayı i̇nfo yatırım menkul değer bağ kuruluş çalışmak yönetmek ortak sorum tutulmak bura yer ala yatırım bilgi yorum tavsiye yatırım danışman kapsam değil i̇nfo yatırım menkul değer anonim şirket hesap açmak istemek lütfen bura tıklamak adres gönderi ileti almak istemek lütfen bura tıklamak mesaj krea digital ara göndermek,1
batı karadeniz kariyer fuar ge kutu sabi̇s bilgi sakarya üniversite bilgi sistem batı karadeniz kariyer fuar sayın hüseyi̇n şi̇mşek değerli öğrenci mezun cumhurbaşkan i̇nsan kaynak ofis tarafından yetenek yer tema gerçek batı karadeniz kariyer fuar mart tarihî bol abant i̇zzet baysal üniversite ev sahip paydaş üniversite meslek oda i̇şbir düzen sakarya üniversite olarak katılacağımız kariyer fuar katılım meslek hakk bilgi edinmek kariyer plan yön vermek birçok firma tanışmak iletişim kurmak iş staj olanak değerlenmek imkân bulacaklardır ayrıç fuar süre gerçek kişisel meslekî gelişim etkin seminer bilgilenmek oturum atölye çalışmak mülakat simülasyon etkin öğrenci mezun eğitim i̇lgi beceri uygu kariyer alan belirlemek fırsat sunulacaktır amaçlamak batı karadeniz kariyer fuar katılım beklemek aşağı link kayıtmak olabilir kayıtmak gerekli bilgi aşağı görsel bulabilirsiniz link website not katılım kontenjan sınırlıdı website batıkaf fuar gitmek gelişmek üniversite tarafından ücret olarak sağ,0
merhaba akiloyunlarishop mağaza soru yanıt website original ürümek müdür ürümek equilibrio cevap merhaba evet orijinal ürümek,0
mycey göğüs pedi tl gümüş göğüs korumak ürün ala ebebek i̇nternete özel yeni gelen fırsat ürün,1
ahmet bey merhaba perşembe gün yapmak olmak telefon görüşmek istinaden talep et olmak teklif ek bilgi sunar,0
makyaj yapınmak makyaj fırça set fazla şimdi satı alınmak aliexpress satmak özel,1
kampanya se hemen i̇ncele kampanya kaçırmak migros kampanya katmak kasko tl sağ sigorta tl trafik sigorta tl migros alışveriş kod kazan hemen teklif almak trendyol kampanya katmak kasko tl sağ sigorta tl trafik sigorta tl trendyol hediye çek kazan hemen teklif almak i̇stegelsin kampanya katmak kasko tl sağ sigorta tl i̇stegelsin hediye çek kazan hemen teklif almak bp kampanya katmak bp ay boy yapacağın akaryakıt otogaz harcamak bp club puan kazan hemen teklif almak bein connect kampanya katmak kasko sağ sigorta ay bein connect taraftar paket trafik sigorta ay bein connect eğlence paket kazan hemen teklif almak,1
artı par faiz ora değişik bilgilenmek sevgi akbank website tarihî itibaren geçerli olmak üzer artı par kredi mevduat hesap aylik akit faiz ora ay gecikmek faiz ora olarak güncel bildirim mevzuat çerçeve sözleşme değişik nitelik i̇yi gün dilemek akbank,1
tenis oynamak artık kolay merhaba raket başlangıç seviye grafit bir raket kolay tenis öğrenmek isteyenler tasarlamak yumuşak sap kul doğru tutmak yardım olacak bir eğitim işaret sahip gram ağır cm lik denge nokta sayesinde kolay kontrol edilir,1
yılbaş özel i̇ndirimleri başlamak tl başlayan fiyat pierre cardin lingerie tl üzer kargo ücretsi̇z sütyen indirim ek tl alışveriş sepet indirim alışveriş baş,1
an list fiyatı başka teklif mevcut rani website rani çalışmak ofis bilgisayar masa raf masa sepet ceviz beyaz rani kitap raf bilgisayar çalışmak masa beyaz rani kitap raf bilgisayar çalışmak masa sepet ceviz rani raf çekmece çalışmak ofis bilgisayar masa sepet ceviz beyaz cm website website rani raf çalışmak ofis bilgisayar masa sepet ceviz beyaz cm rani çalışmak ofis bilgisayar masa raf köşe masa beyaz sepet ceviz cm website diğer ürün göz at,1
meb pos adres doğrulmak posta rsdmxrf referans üremek pos adres doğrulmak kod,0
kaplumbağalar canvadesignchallenge el geçirmek canva tasar başlayın sıra tasar meydan okumak konu kaplumbağalar kaplumbağalar dinozorlar zaman beri yeryüzü olmak bilmek milyon yıllık geçmiş kaplumbağalar gezegen eski can hafta canvadesignchallenge su yaşamak antik dost sevgi göstereceğiz yeşil deniz kaplumbağalar evcil kaplumbağa ninja kaplumbağalar dan ilham alabilirsiniz karamak kaplumbağalar yer var hafta canvadesignchallenge yarışmak yaramak yön orta çıkarmak canva dan ödül paket kazanmak fırsat yakalayın kaplumbağalar tasar yapınmak meydan okumak hüküm koşullamak katmak canva şablon bileşmek kul ilham kaplumbağalar ala bir tasar oluşmak tasarım i̇nstagram twitter üzer canvadesignchallenge etiket paylaşmak hesap herkes açık olmak emin favori tasarım canva top sergilemek tasarlamak başlayın canva top tasar ilham bir önce canva tasar meydan okumak oluşmak rengârenk tasarım bayılmak i̇şte sevmek,1
şubat tlcard hesap özet hesap özetisayın hüseyi̇n şi̇mşek numara tlcard ınıza ait hesap özet nizi ekli dosya bulabilirsiniz toplam dönem alışveriş tutar website tl toplam dönem nakit çekim tutar website tl pos iletişim yurt dış servis sağlayıcılarının kul nedeniyle finansal bilgi yurt dış çıkmak bilgi güvenlik açı risk teşkil edebilmektedir banka ürümek hizmet ilişki finansal bilgi pos almak yerinmek banka world mobil yapı kredi mobil i̇nternet şube kolay güven bir şekil ulaşmak tavsiye website hesap özet i̇lgi iletişim tercih yapı kredi mobil i̇nternet şube mesaj menü bulunmak pos ayar adım takip ederek belirleyebilirsiniz hesap özet açıklamak görmek tıklamak,0
oecd youthwise genç danışmak kurulu başvuru hk website sabi̇ssakarya üniversite bilgi sistem oecd youthwise genç danışmak kurulu başvuru hk sayın hüseyi̇n şi̇mşek değerli öğrenci mezun ekonomik i̇şbirliği kalkınmak örgüt oecd genç danışmak kurulu youthwise katmak başvuru açılmıştır youthwise başvuru ocak tarih aras yapılabilecektir detay başvuru bilgi aşağı yer almak,0
lü kurulamak bez mart nisa mutfak sofra hafta özel fırsat ürün website,1
nuretti̇n tepmek website banka hesap bi̇lgi̇leri̇ okul bulunmak banka hesap bilgi ekli form verilmiştir,0
hiçbir masraf kobi̇ leri yol alıkoymak denizbank kobi̇ ler i̇şletme kart yolmak deva ağustos boy i̇şletme kart tek sefer yapacağınız üzer yurtiçi yurtdışı ulaşım konaklamak harcamak taksit fırsat kampanya aras taksit işlem geçerli olup fazla taksit sayı dir peşin işlem taksit verilecektir detay bilgi http website site ziyaret edebilir kobi̇ ümit çağrı merkez ni arayabilirsiniz kampanya yalnızca denizbank i̇şletme kart denizbank oda kart i̇stesob akıl kart aesob antalya kart i̇esob kart esesob kart vb dâhil,1
sipariş almak sayın hüseyin şimşek numara sipariş almak sipariş teslim edilmek üzer yolmak çıkmak tekrar bilgilenmek sipariş sayfa teslimat kadar sipariş takip edebilir sipariş hazır başlamak ön güncellemek sayfa sipariş alıcı fatura bilgi var kart not kargo olmak sipariş teslimat tarih saat güncelleyebilirsiniz ön bilgilenmek form mesafe satmak sözleşmek belirmek üzer alıcı adres bulunmak durum sipariş danışmak muhaberat kişi teslim edilebilir,0
bir unutmak sana cazip gelecek bir teklif geliyor bir unutmak merhaba msl görünüş göre busuu premium abone kayıtmak olmak işlem tamamlamak endişe gerekmek yok geç değil kayıtmak olmak tam zaman sana sade ön saat süre geçerli olacak luk bir indirim teklif ediyoruz haydi durmak kampanya son ermek harika fırsat yakalamak ödemek işlem deva et,1
ön kayıtmak merhaba problem çözmek başvuru yapabilirsiniz i̇yi gün,0
can bey merhaba fatoku kaydetmek işlem stok kart detay kod bulunmak hata almak kayıtlamak var son talep etmek stok muhasebe detay kod yıl baz alacak şekil güncellemek ancak şua tekrar bir güncellemek yapılmış olabilir mi fatoku kaydetmek yapmak ön tekrar dek stok kart muhasebe detay kod ayn olacak şekil bir stok kart güncellemek işlem yapalım bura doğru olarak hangi şirket baz ala saygı,0
se i̇ş var personel gelişmek program hk sayın hüseyi̇n şi̇mşek doğu marmara kalkınmak ajans destek sakarya teknokent tarafından yürümek i̇şsizlik kader değil umut kaybetmek kendi gelişmek proje kapsam kuru nitelik i̇şgücü gelişmek merkez ni̇gem faaliyet gösteren harezyol veri maden tarafından se i̇ş var ad ücret yeni bir kariyer iş fırsat suna eğitim program başlamak program son başvuru tarihî mart program tanıtı mart tarihî saat sakarya teknokent blok konferans salon gerçek,1
merkez üs yaşam blog yorum abone istek merkez üs yaşam blog yeni yorum yayın email adres pos bildirim almak davet edildiniz davet kabul etmek lütfen aşağı abone olmak bağlantı tıklamak pos bildirim almak istemek ileti yoksamak aşağı reddetmek bağlantı tıklamak blog i̇lgi yorum pos bildirim almak son vermek ister bura bildirim posta kapsam dış kalmak bağlantı tıklamak,0
sipariş almak merhaba numara sipariş almak sipariş durum görüntülemek sipariş iptal gerçek birçok işlem hesap sipariş sayfa kul,0
fresenius medical care referans bilgi duygu merhaba kâmil bey referans görüşmek yapabileceğimiz firma yönetmek bilgi mail üzer ben paylaşmak i̇yi haftason dilemek say,0
website teknik analiz şubat salı gmt itibar aşağı seçmek araç i̇lgi son piyasa faaliyet temel alınmak oluşmak teknik öngörü analiz bulabilirsiniz pos seçim değişmek enstrüman bölüm ziyaret edi belirli zaman ara geçerli bilgi önem teknik indikatör üs hareket ortalama oluşan kapsam bir özet içermek,1
öğretmen gün hediye website te öğretmen gün hediye öğretmen gün hediye website te kasko trafik sağ sigorta ilk website te ala öğretmen yakın toplam tl i̇ndirim trafik sigorta tl kasko tlsağlık sigorta tl i̇ndirim öğretmek yakın hemen teklif alınmak anı sigorta i̇ster i̇nternet ister bir telefon,1
maximum kart tl market indirim kazan hepsiburada ios android huawei bi̇zi̇ taki̇p edi̇n facebook twitter i̇nstagram youtube market elektronik hizmet ticaret kuştepe mah mecidiyeköy yol cad no trump towers kule kat şiş i̇stanbul hepsiburada elektronik pos veri taban kayıt olmak ileti alıyorsunuz mersi̇s no mesaj hepsiburada tarafından iletilmiştir hepsiburada dan promosyon duyuru mesaj içermek pos almak istemek üye bilgi sayfa kampanya posta haberdar olmak istemek seçenek yan işaret kalmak bilgi hemen güncellemek tıklamak,1
nuretti̇n tepmek ortaokul nuretti̇n tepmek ortaokul personeli̇ni̇n ek gösterge bi̇lgi̇leri̇n eksi̇k personeli̇n bi̇lgi̇leri̇ güncelleni̇p kontrol edi̇lmi̇şti̇r arz eder hüseyi̇n şi̇mşek,0
suwen tayt i̇ndirim suwen tayt i̇ndirim suwen tayt ürün almak ödemek fırsat beklemek,1
talha kül aile kübra kül ad soyadı yusuf talha kül kardeş bilal kül anne kübra kül baba i̇brahim kül babaanne ayşe kül dede salih kül hala fatma gökdemir hala hacer şen anneanne esma erdil dede cafer erdil teyze zümra aktürk day ahmet hüseyin erdil,0
saat satı almak rehber gittigidiyor blog gittigidiyor erkek özel bilek uygu saat mode seçmek ince ince orta kalın kalınmak bilek sahip erkek kol saat öneri mutlaka göz at,1
yeni ipad aire göz at şimdi pad air hafif rengârenk gü tek başlangıç fiyatı website tl satı alınmak fazla bilgi süper güç apple çip ana sahne özel mp ultra geniş ön website inç liquid retina ekranmak apple pencil magic keyboard uyum beş büyülemek renk ipad evet on yapabilir şunu fazla bilgi yeni ipad airinizi appledan satı almak eş yeni ipad airinizi emoji is rakam oluşan ücret lazer baskı kişisel yalnızca apple website adım yanınızdayı website dan alışveriş yaparken uzman yeni ipadinizi seçmek yar edebilir tasarruf etmek yol gösterebilir soru yanıtlamak satı almak yar alınmak ücret teslimat ipad airi bir apple storeda yak inceleyin,1
deri i̇ç giyim fırsat varan i̇ndirimler fantazi deri giyim model varan indirim outlet varan indirim,1
an list fiyatı başka teklif mevcut slazenger slazenger palm kadife kadın eşofman takı pudra slazenger sofal kadın po sweatshirt pembe slazenger perhaps kadife kadın eşofman takı pudra slazenger peta kadın eşofman alt website slazenger revial kadın eşofman takı beyaz slazenger sofal kadın po sweatshirt lacivert slazenger douglas kadın eşofman alt siyah slazenger peg yüksek bel kadın eşofman alt website slazenger sofal kadın po sweatshirt fuşya slazenger sofal kadın po sweatshirt siyah slazenger natia kadın yüksek bel tayt siyah slazenger kaisa kadın eşofman alt siyah slazenger penny kadın sweatshirt siyah slazenger sofal kadın po sweatshirt haki,1
tl lik alışveriş tl hediye çek fırsat tıklamak,1
an list fiyatı başka teklif mevcut,1
gamepower oyun ekipman gamepower oyun ekipman online mağaza satmak başlamak rakip oy deneyim gamepower ürün,1
hoca ders onay göndermek eklem yapamıyorum konu yapmak yardım olur,0
favorile indirim beklemek trendyol yıl son fırsat i̇ndirime girmek istemek ürün hemen favorile ara yılınsonfırsatları nı beklemek,1
değerli kul bahar dönem kütüphane olarak gerçek planlamak eğitim içerik katılım bağlantısınıaşağıda bulabililirsiniz tarih şubat çarşamba saat website katılım bağlantı https website eğitim i̇çeriği kütüphane web sayfa katalog taramak kütüphane hesap kampüs dış erişim veri taban kaynak ara kitap i̇ndirme katılım sayı kişi sınır uygulamak kul eğitim takvim https website ğlıklı iyi gün dilemek,0
axess kart tl market indirim kazan hepsiburada ios android huawei bi̇zi̇ taki̇p edi̇n facebook twitter i̇nstagram youtube market elektronik hizmet ticaret kuştepe mah mecidiyeköy yol cad no trump towers kule kat şiş i̇stanbulhepsiburada elektronik pos veri taban kayıt olmak ileti alıyorsunuz mersi̇s no mesaj hepsiburada tarafından iletilmiştir hepsiburada dan promosyon duyuru mesaj içermek pos almak istemek üye bilgi sayfa kampanya posta haberdar olmak istemek seçenek yan işaret kalmak bilgi hemen güncellemek tıklamak,1
penti fırsat keşfetmek website penti fırsat keşfetmek penti fırsat kaçırmak hemen alışveriş baş,1
busuu can ders muhteşem kadın busuu email adres kişi liste ek busuu kadın öğretmen zaman fark yaramak merhaba nghn dünya kadın gün nü kutlamak gün busuu can ders beraber çalışmak gurur duymak kadın öğretmen vurgu yapmak istemek busuu can ders dil öğrenerek uzma öğretmen erişim sağlayabilecek milyon aşk öğrenci güvenmek hizmet fayda ufak gruplamak hal dil öğreneceksin busuu can ders girerek uzma bir öğretmek birlik dil öğrenmek hedef doğru ilerlemek hazır öğrenmek deva site fazla puan ala müthiş kadın öğretmen tanışmak başarı kadın busu can ders dil öğrenmek mümkün kılmak,1
emeklilik sözleşmek hk musteri bilgilenmek sayın otomatik katılım kapsam numara emeklilik sözleşmek ait yıllık hesap bildirim cetvel ek bilgi sunulmuştur sözleşmek i̇lgi türlü sorun website adres ziyaret edebilir numara i̇letişim merkez arayabilirsiniz saygı,0
numara arşiv fatura hazır english home logo sayın nagihan şimşek english home dan tarihî vermek olmak try tutar sipariş arşiv fatura ek sunulmuştur,0
eğitim canva hoş gelmek eğitim canva hoş gelmek başvuru onay öğrenci gerçek dünyada karşılaşmak zor yansımak zengi özgün öğrenmek deneyim tanışmak canva nın basit sürüklemek bırakmak özel görsel iletişim kolay böyle öğrenci öğrenirken iletişim kurmay etki yanıt vermek fazla zaman ayırmak yalnızca tıklamak öğrenci sunu infografik web site rapor çalışmak sayfa afiş el ilân pek tasar yapabilir,0
canlıders takip form mehmet yücesan,0
sipariş teslim et merhaba numara paket teslim et alışveriş tercih etmek teşekkür eder teslim almak ürümek i̇lgi bir sorumak yaşamak bura bilmek,0
youtube i̇nstagram hesap merhaba arkadaş zaman zaman gerekmek whatsapp grup gerekmek telegram grup gerekmek facebook gerekse özel plan hiçbir ücret istek beklenti olmak paylaşmak teşekkür mesaj alıyoruz fakat duru tam olarak şekil değil evet herhangi bir ücret istemek fakat yaklaşık ay youtube reklâm aç plan kul video iz karşılık youtube amca bize olmak bir ücret verecek şimdilik vermek kadar arkadaş iyi timsal olarak görmek hoş gitmek duru plan kul etkin nere tamam çeşit etkin örnek yapılış video youtube hesap yüklemek youtube hesap takip ederek biraz motive etmek ders http website ayrıç ara ara i̇nstagram hesap sormak oluyordu soru i̇nstagram hesap aktif olarak kul şek cevap veriyor doğru zaman kendi bir işaret beklemek haftasonu youtube hesap açmak abone sayı olmak görerek matematik sevip sayı güç inanmak olarak i̇nstagram hesap tekrar aktif hal getirmek karamak verdi sayı güç pekişmek amaç i̇nstagram hesbaımızın abone sayı olmak beklemek i̇nstagram içerik üremek başlamak abone sayı olmak paylaşım başlayacağız arayıp sormak duyrulur,0
baby mo amaç kol çanta hayat kolay hemen keşfetmek i̇nternete özel yeni gelen fırsat ürün mobil uygulamak i̇ndirin fırsat anı haberdar ebebek mobil uygulamak an yan,1
sabi̇s ders duyuru sayın hüseyi̇n şi̇mşek dördüncü hafta okumak metin ders değerlenmek merhaba sunu dosya yüklemek online ödev olarak tanımlamak not sunu hazırlamak dosya verilecektir sunu yapanlar yüklemek henüz yapmak sunu ön yüklemek iyi website performans ara sınav not oluşmak ayrıç ders katılım alacak performans görev not oluşmak website not sene son okunan makale üzer yapılacak sınav belirlenecektir dördüncü hafta ödev künye dosya ek makale sunum ahmet serdar çokluk gerçek oral yeşi̇lkaya kri̇pto par i̇ki̇lemi̇ karapara aklamak bi̇tcoi̇n süleyman demirel üniversite sosyal bilim enstitü dergi website gelmek ek dosyalamak dosya çağ edi̇z,0
ege arkadaş website öğretmek teşekkür ediyor ege arkadaş merhaba arkadaş dün ge itibarî plan inmek sayı website geç plan tercih etmek teşekkür eder henüz plan inmek eylül ücret plan http website ücret plan satı almak i̇çin http website http website eylül ayı son kadar gün plan link yıl son kadar gün i̇nteraktif ev etkin paylaşmak deva ede whatsapp plan grup link okul ön öğretmek arkadaş paylaşmak bize arkadaş destek olabilirsiniz http website,1
i̇yi gün hoca şubat tarihî bütünlemek sınav ertelemek sağ kurum kalite yönetim ders kalmak olarak gözükmek sistem yeni bütünlemek sınav tarihî şubat ta ders kayıt şubat tarihî yapmak ulaşmak gerekmek i̇lgi mesaj gelmek grup konu alaka yapmak gerekmek herhangi bir var teşekkür eder,0
byart ftp ak bey merhaba ftp bilgi ben iletmek doğukan bey teşekkür ftp yemek ek sonra maki bakım modül telefon konuşmak üzer test edebilir mis rica et saygı,0
kpss genel yetenek genel kültür eği̇ti̇m bi̇li̇mleri̇ sınav gözlem görev tercih sayın website tarihî yapılacak kpss genel yetenek genel kültür eği̇ti̇m bi̇li̇mleri̇ sınav gözlem görev yapmak olmak sınav merkez tercih aşağı website ösym sınav gözlem sakarya adapazari,0
şimdi ücret rezervasyon yapınmak website şimdi ücret rezervasyon yapınmak antalya i̇lçelerinden havaliman gün saat ekonomik transfer hemen bulmak site gitmek,1
aöf sinav görevlendi̇rme eren nuretti̇n tepmek orta i̇lkokulu kurum görevli̇ personeli̇n aöf sinavlarinda görev alabi̇lmesi̇ i̇çi̇n şi̇fre almak i̇sti̇yoruz personel bi̇lgi̇leri̇mi̇z ek dosya veri̇lmi̇şti̇r müdür yrd hüseyi̇n şi̇mşek tel,0
güzel padlet sevgi padlet kaydolmak teşekkür eder aile hoş gelmek bura yarar bulabileceğin bağlantı var profil pos adres isim şifre yönetmek duvar duvar liste görmek yeni bir duvar oluşmak yeni bir duvar oluşmak başka olabilir i̇lgi herhangi bir sorumak var hizmet iyi bir hal getirebileceğimizi söylemek istemek lütfen ben pos gönder email top site gitmek padlet junction tıpkı bütün iyi aile üye yapmak gerekmek temas kalmak ayrıç padlet facebook ta takip edebilirsin unutmak se güzel aşk kahkaha padlet tek dost,0
ara yapanlara görünmek yalnızca sonuç alınmak reklâm ödemek yapınmak bütçe belirleyin kontrol el tutu,1
yeni yıl tebrik fati̇h savaşmak yeni yıl tebrik acı tat tamamlamak mart itibaren başlayan covid salgın öğretim eleman rutin boza bir etki oluşmak üniversite olarak eğitim süreç hasar atlatmak çaba sarf et yüksek öğretim kurum aras süreç iyi yürümek kurum iyi olmak katkı suna çalışmak hocalar müteşekkir değerli öğrenci olumsuz yansımak zamanında etki tedbir almak karşı karşı kalmak olumsuz rağmen hayat iyi şekil hazır çaba sürmek gönül teşekkür ediyorum sevgi öğrenci söz vermek öğrenci kendi değerli hissetmek ilke uygu mekân düzenlemek yapmak kampüs kütüphane sosyal alan yürümek yol engel öğrenci dönük iyi yüksek hassasiyet sürmek bisiklet yol tamamlamak eylül bambaşka kampüs karşılamak memnuniyet memnun et bahar dönem proje iyi yaşamak kampüs konsept uyum hal gelecek kıymet öğrenci öğrenci hedef koymak hedef revize edebilsin istemek çapmak yandal imkân artırmak çapmak sayı yaklaşık kat artırarak yak yandal sayı üç kat artırmak i̇lgi ala uygulamak sosyal transkript başlamak öğrenci ar ge uyum yaklaşık öğrenci proje hocalar eş umde işyeri fakülte sektör ders sektör entegrasyon sağlamak bakımından türkiye nin iyi üniversite olmak program eğitim modül öğrenci teveccüh oldukça sevinmek boyut gerçek hayal kura hayali hedef dönüşmek hedef dönük somut adım atamak öğrenci sayesinde mezun istihdam piyasa rekabet artacak değerli öğrenci saü artık on öğrenci uluslararası misafir öğrenci uluslararası öğrenci kurmak top teknoloji top sosyal kültürel sportif top i̇lgi top faaliyet yoğun gurur olmak deva etmek teknoloji takım ulu uluslararası derece gurur duymak saü yemek gelecek dönem bir öğrenci teknoloji üs kazanmak saü öğrenci top sayı bakımından türkiye nin ikinci üniversite sosyal transkript uygulamak gayret tanımak lider ekip çalışmak özel belgelemek dönük bir saü marka bir üniversite uygulamak hayat geçirmek hazır i̇stiyoruz öğrenci sade diploma değil ilâve donmak beceri mezun olmak sevgi öğrenci yolmak yürümek önemsemek direksiyon olmak arzu ediyoruz dünya gelecek terndlerini okumak beceri hazır yapmak dinamiz motivasyon inanmak yeni yıl ilk gün başlayacak final sınav başar dilemek yi aile sevmek sağ huzur içinde geçirmek temenni ediyor birlik çaba sayesinde iyi bir türkiye dünya hayali gerçek kanaat paylaşmak allah emanet,0
gratis online mağaza gratis website gratis online mağaza fırsat gratis te hemen keşfetmek alışveriş baş satı alınmak,1
şifre hatırlamak talep site şifre hatırlamak servi üzer yeni şifre talep bul şifre yeni belirlemek aşağı link tıklamak gerekmek https website yukarı link çalışmak adres taramak yapışmak enter bas tercih etmek teşekkür eder,0
sınıf yazılı sos sayfa zipgrade form var dört tane on fotokopi çek öğrenci mevcut kadar makaslamak kesmek parça olacak şekil öğrenci dağıtacaksı website yaparsan analiz yapmak gerekmek yok yazılı okumak gerekmek yok,0
ders duyuru sabi̇s bilgi sabi̇ssakarya üniversite bilgi sistem sabi̇s ders duyuru sayın hüseyi̇n şi̇mşek altın hafta makale i̇lgili merhaba altın hafta makale künye dosya ek sunu mücahit halil i̇brahim gerçek kolay gelmek künye dok çelik bulut bi̇li̇şi̇m si̇stemleri̇nde veri̇ni̇n farkli boyutlari üzeri̇ne derlemek niğde ömer halisdemir üniversite mühendis bilim dergi ek dosyalamak dosya,0
nurettintepe ortaokul okul müdür yardım hüseyin şimşek website tarihî itibaren okul müdür yardım olarak çalışmak,0
türkiye hayat emeklilik ocak fon bülten i̇nceleyebilirsiniz sayın hüseyin şi̇mşek emeklilik fon performans inceleyebileceğiniz finansal piyasa güncel gelişmek takip edebileceğiniz fon bülten bilgi sunar website ayı ait fon bülten incelemek lütfen tıklamak birikim i̇lgi bilgi almak fon dağılım değişik yapmak sözleşmek i̇lgi detay i̇nternet cep şube mizi ziyaret edebilirsiniz,0
website kredi oran kaçırmak sur yapı yeşilmavi maltepe ev kredi ora alınmak büyük fırsat kaçırmak,1
ürümek içermek numara website sipariş yolmak çıkmak website sipariş hesap website yolmak çıkmak onay sipariş merhaba nobel kitap ad satı ürün dağıtım vermek bildirmek ister sipariş gönder süreç artık değişmek bir ürümek iade etmek diğer sipariş yönetmek gerekmek lütfen website daki sipariş ziyaret edinmek,0
eğlence kostüm giyinmek eğlenmek cosplay kostüm varan indirim,1
kampanya güneş ürün dermokozmetik ürün i̇nceleyin avantaj fiyat dermoeczanem hemen satı alınmak,1
büyükşehir belediyespor beykozspor basketbol maç davet sakarya büyükşehir belediye kasım cumartesi gün website atatürk kapmak spor salon büyükşehir belediyespor beykozspor aras gerçek basketbol müsabaka katılım beklemek sakarya büyükşehir belediye özel kale müdür,0
vi̇op hisse alınmak satı gcm yatırım hisse senet i̇şlemleri yapınmak türkiye nin dev şirket ücret deneme hesap website sanal par vi̇op i̇şlemlerini deney kolay olmak form google hesap ilişki bilgi kul dolmak form reklamverene göndermek ön giriş düzenlemek silmek,1
bilgilenmek kredi kart temas i̇şlem limit artışı yapı kredi değerli müşteri temas kredi kart şifre işlem limit website itibar tl tl yemek yükselmek temas ödemek tl alt imza şifre gerekmek kalmak tl üzer pos tan şifre girerek hızlı kolay güven bir şekil gerçek saygı,0
sevgi gün yak sevmek birlik seyehât plan yapmak ders findeksten risk rapor alarak yolcu tan yapacağınız araç kiralamak sevgi gün özel indirim fırsat kaçırmak,1
microsoft hesap parola değişik microsoft hesap ekip parola değişmek n_ email microsoft hesap parola website eet tarihî değişmek yapmak posta görmez gelebilirsiniz kul güvenlik bilgi yapmak hesap güvenlik ihlâl edilmiş demek lütfen adım uygulamak parola sıfırlamak güvenlik bilgi gözde geçiri hesap güven bir hal getirebileceğinizi öğrenin ayrıç güvenlik bildirim almak seçmek bildirim alacak yer değişmek teşekkür microsoft hesap ekip,0
hafta beğeni kampanya göz atmak i̇ster mis sağ güzel ürün özel kampanya kaçırmak dermalogica kampanya dermalogica ürün tl üzer sipariş dynamic ski recovery ml hedi̇ye son gün mart stok sınır alışveriş baş phyto kampanya phyto dökmek karşıt bakım ürün yacağınız tl üzer sipariş aninda tl i̇ndi̇ri̇m stok sınır son gün mart alışveriş baş mustela kampanya mustela stelatopia seri indirim ek sepet toplam tl indirim son gün mart âdet sınır alışveriş baş darphin kampanya darphin ürün tl üzer sipariş ürün hedi̇ye stok sınır son gün mart alışveriş baş pierre fabre oral care kampanya pierre fabre oral care arayüz fırça almak ödemek stok sınır son gün mart,1
merhaba öğretmen okuloncesi cilginlik etkin plan tercih etmek teşekkür eder plan dönem dönem tamamlayıcı ek arşiv dosya olmak üzer parça oluşmak i̇ndirme işlem uz sürmek bir dosya inme tamam sonra diğer dosya inmek başlamak tavsiye eder dosya ayn an inmek çalışmak i̇nternet hız bağ olarak uz süre alabilir dönem yaklaşık dönem yaklaşık gb tamamlayıcı arşiv dosyalamak yaklaşık gb boyut olup toplam ortalama gb aras yer kaplamak dosya telefon inmek ancak içeri fazla dosya çeşit olmak winrar sıkışmak i̇ndirdikten sonra açmak dosya bilgisayar kopyalamak winrar program açma bilgisayar program yoksamak google dan winrar in aramak winrar program inmek kurman yeter olacaktır dosya düzen bozulmak açı inmek sıkışmak klâsör girince karşı çıkacak dönem isim dosya masaüstü sürüklemek sıkışmak klâsör çıkarmak önermek plan içeri video gomplayer video oynamak program rahat açılmaktadır word dosya office word program pdf uzantı dosyalamak acrobat reader program açılmaktadır dosya açılmalarında problem yaşar program i̇lgi dosya açma tavsiye eder dosyalamak inmek problem yaşamak taraf wetransfer alan yüklemek wetransfer hızlı sunu ağı sahip inmek alan dosya inmek bağlantı hata alırsanız muhtemelen i̇nternet hız zayıf bilgisayar modem yakı konum inmek tavsiye eder normal bir inmek hız civar sorumak deva etmek hal google i̇nternet hız testi yazmak hız testi yapmak i̇nternet hız belirtmek hız alt hızlı bir i̇nternet inmek önermek plan bilgisayar inmek sonra flash belleğenize kopyalanız yarar olur wetransfer üye bel bir dönem kapsamak i̇lgi dönem sonra dosya inmek sıkıntı çıkabilmektedir i̇ndirdikten sonra unutmak rica eder sevgi zümre çalışmak büyük emek ekip çalışmak sonuç orta çıkmak i̇lgili çalışmak dağıtmak çoğalmak rıza yok konu hassasiyet şimdi teşekkür eder plan link,0
members week başlamak adidas adiclub üye özel sürpriz burad erkek kadin çocuk mağaza bulmak adiclub members week başlamak sevmek erişim sağlamak benzer deneyimlemek yeni ürün hediye fazla tarih kaydetmek iyi deneyim adidas uygulamak inmek unutmak,1
süperbayram başladi bayram özel indirim bayram alışveriş trendyol dan yapmak,1
salıncak i̇ndirimi mart bahçe balkon hafta özel fırsat ürün avantaj fiyat satı almak,1
hal harika iş üzer çalışmak emin arad oldukça yok gelip yeni ek içerik göz atmak isteyebilirsiniz shutterstock görsel vi̇deo müzi̇k hafta milyon fazla görsel ek harika içerik bir yer zaman var yer bura zaman şimdi yakı zaman milyonlarca yeni görsel eklemek tam olarak website yeni göz at sade son bir ay hd klip video animasyon dâhil olmak üzer website fazla video eklemek sayı müzik video efekt caba video keşfetmek,1
ölçüm sürekli ilerlemek müşteri kul anahtar kelime ara on ulaşacağınızı öğrenin,1
google üye bilgilenmek pos google hesap kul site üye olmak otomatik olarak göndermek website hesap kul site giriş yapabileceğiniz ayn zaman oluşmak şifre kul girişmek website şifre kul sistem girişmek yapabilir sonra şifre istek doğrultu değişmek,0
vize sınav hakk arkadaş merhaba vize sınav hafta salı gün website ders saat website başlayacaktır vize kadar epeyce konu işlemek sistem yük ilk hafta sorum olmak bilmek isteri hafta vize dâhil etmek karar almak herkes şimdi başar dilemek,0
merhaba ay sin hesap iptal edi sipariş ücret yatmak söylemek henüz aktar yapılmadı par hesap zaman aktarmak,0
merhaba nagihan şimşek site vermek no sipariş taraf teslim edilmiştir tercih etmek teşekkür eder keyif gün dilemek website keyif alışveriş dilemek di̇kkat pos otomatik oluşmak lütfen yanıt yazmak,0
saat kalmak ücret bigstock görsel inmek bigstock ücret görsel inmek son fırsat şi̇mdi̇ baş sınır sürel teklif birbiri güzel görsel keşfetmek günlük deneme süre ücret inmek hakk yararlanmak sade saat kalmak şi̇mdi̇ baş,1
ders yazmak hoca merhaba ben böte öğrenci danışman gözükmek ders yazmak işlem sıra nesne taban programlamak ders seçmek ders program hata uyarı alıyorum ders seçmek üst dönem ders alamıyorum konu yardım olur sevinmek okul numara,0
ybs yl ödev hk hoca merhaba ödev ikinci kısım resim dek mi olacak ayrıç son iki madde tam anlamak biraz bilgi verebilirmisiniz teşejkkürler,0
pttavm si̇pari̇şi̇ni̇z alinmiştir merhaba website dan alışveriş yapmak teşekkür sipariş i̇lgi mağaza tarafından ilâ iş gün içeri ptt kargo teslim edilecektir sipariş i̇lgi soru sorun lütfen tıklamak yardım olmak memnuniyet duyar alışveriş detay aşağı sipariş özet bölüm bulabilirsiniz sipariş kargo teslim edildiğinde sipariş geçmiş bölüm kargo barkod sipariş geçmiş detay kargo adres kargo takip edebilirsiniz sipariş i̇lgi bilgi sipariş geçmiş sayfa öğrenebilirsiniz güzel gün kul website güvence kolay güven alışveriş pttavm si̇pari̇ş numarasi ptt,0
güzel bir haftasonu beklemek doymak doymak cumartesi yi kaçırmak tl yemek varan dönmek kebap indirim enfes lezzet tat bakınmak afiyet olmak,1
i̇laç kriz fatih şimşek website aracılığıyla merhaba yasin yıl wilson hasta mücadele fatih hayatî önem ilâç ay stok olmak büyük bir mağduriyet yaşamak duru bir çöz bulunmak kendi diğer has adına yetki ses ses duyurmak kampanya imzalamak paylaşmak hayatî önem i̇lacımız ay stok yok tedavi i̇laçlarımızı beklemek kişi fatih şimşek tarafından başlamak kampanya imzalamak haydi website imza hedef şimdi tek tıklamak imzalamak merhaba ben fatih yıl wilson hastasıyım bütün hayatî organ etkilemek ciddi kalıtsal bir hasta hayat sağlılı deva edebilmek ömür boy kul olmak metalcaptase mg ilâç ay ön başvurmak rağmen ilâç yurtdışı gelmek beklemek ge ilâçlamak sıra verildiği sır gelmek bitmek böyle hayatî önem taşıyan ilâç katılım pay ödemek rağmenelimize geçmek kabul edilebilir değil sürekli metalcaptase mg ilâç i̇lgi ciddi problem yaşamak ilâç kul geri gitmek hesap verecek ilâç sade türk ecza bir alınmak büyük mağduriyet oluşmak sgk ithal ilâç birim ilâç tedarik edi ilâçlamak liste almak yaşamak sıkıntı azmak inmek istemek wi̇lson hastalari i̇laç bekli̇yor şimdi tek tıklamak imzalamak,1
kırk bin atamak talep lütfen nisa kırk bin öğretmek atamak istek destek veri,0
nurettin tepmek ortaokul âdem solakumur website pzt hoca onlarin gönderdi̇ği̇ne mi̇ktar sayiyi gi̇rdi̇m şeki̇lde text çevi̇ri̇p gönderebi̇li̇rsi̇ni̇zeski̇ olaninda açiklama kismini sade deği̇şti̇rdi̇m onuda gönderebi̇li̇rsi̇ni̇z kolaygelsi̇n,0
uzaktan eğitim değerli arkadaş avrupa okul ağ öğretmek akademi ilköğretim ortaöğretim okul görev yapan öğretmen çevrimiçi meslekî gelişim kurs eğitim öğretim süreç yeni öğrenebilecekleri bir web portalıdır http website web adres yayın portalda öğretmen yönelik veri çevrimiçi kurs tamamen ücret avrupa okul ağ öğretmek akademi facebook grup https website adres üye olabilirsiniz öğretmek akademi grup üye olmak bütün öğretmen davet ediyoruz twinning türkiye platform mesaj,0
bir süre görüşmek hal güzel proje üzer çalışmak düşünmek shutterstock arad oldukça yok gelip yeni ek içerik göz atmak isteyebilirsiniz shutterstock görsel vi̇deo müzi̇k hafta milyon fazla görsel ek harika içerik bir yer zaman var yer bura zaman şimdi yakı zaman milyonlarca yeni görsel eklemek tam olarak website yeni göz at sade son bir ay hd klip video animasyon dâhil olmak üzer website fazla video eklemek sayı müzik video efekt caba video keşfetmek,1
saat teslimat vestel le dilemek teknoloji saat kapı,1
ybs yl hoca merhaba hoca akşam ders saat yâd hafta ertelemek ders saat ek olarak yapmak ihtimalî varmı teşekkür eder,0
can bey ön konuşmak netsis sistem rapor alarak verim kalite kayıp duruşlarımızı analiz etmek gerekmek ek son düzenlemek plasma gravür kalite duruş rapor olabileceği taslak hal göndermek rapor açılır pencere bir tarih ara maki iş emir stok no vardiya bölü vs seçim yapıldıktan sonra verim duruş süre kalite hata oran duruş süre bilgi rapor hal getirilebilmeli raporlamak mantık girmek tablo hal vermek bilgi kul uygu verim hesaplamak yapılabilmelidir amaçlamak plasma makina bir tur sistem üzer kod numara tanımlamak gerekmek meselâ karışık yüklemek bir maki kod örnek olabilir karışık yüklemek tarih maki no makina kaçıncı tur olmak gösteren rakam verim hesap bir kritik nokta olacak makina yüklemek yapıldıktan sonra proses başlamak kayıt yapıyoruz kapak açmak proses bitti kaymak yapılıyor i̇ki zaman aras fark proses süre olarak alınmak hata olacaktır asıl performans ölçmek gerekmek bir maki yüklemek zaman var proses süre olarak kapak açılma değilde bir sonra tur başlamak zaman kadar geçen süre proses zaman olarak alınmak saygı,0
gratis fırsat bahar özel büyük güzel kaçmak avantaj fiyat keşfetmek hemen koşmak gratis,1
aramak kolay bulmak website un yenilemek mobil site kul arayüz hızlı alt yapı ilân aramak kolay ilân rahat incelemek sağlamak hemen telefon deney,1
ortaokul öğrenci araştırmak proje yarışmak numara proje başvuru sonuç sayın oğuz tümer kurum tarafından yıl in düzen ortaokul öğrenci araştırmak proje yarışmak na başvuru bulunan öğrenci danışman olarak katkı sağlamak teşekkür eder danışman olmak numara proje başvuru i̇lgi jüri tarafından değerlenmek bölge ayn ala başvuru yapan proje sayı bölge yarışmak katılabilecek proje sayı başvuru yapılanmak ala ayrı kontenjan göz ön alınmak yapılanmak değerlenmek sonuç yukarı belirti proje başvuru sıralamak alt kalmak bölge yarışmak na davet edilmemiştir yarışmak temel amaç sınır sayı proje ödül vermek değil bilim i̇lgi duyan genç bilimsel araştırmak yapmak teşvik etmek süreç veri emek bilim i̇lgi artacağına çalışmak öğrenci gelecek büyük kazanç sağlayacağına inanıyoruz belge ekin değerlenmek kriter göre jüri tarafından proje veri ortalama puan görebilirsiniz öğrenci proje hazırlamak süreç vermek destek teşekkür eder kurum tarafından düzen etkin tekrar ara görmek dilemek tübi̇tak,0
yepyeni oy i̇ncelemesi satranç hamle art amaç açıklamak oy i̇ncelemesini tanımak tekrar hayal edilmiş öğrenmek tecrübe satranç hamle art amaç kavramak oy i̇ncelemesini hemen keşfetmek oy i̇ncelemesinin kullanım şek büyük resmi görünmek doğru skor hamle sınıf toplam gözde geçiri eğitmek in özet okuyun açılışınızı saptamak hangi açılışı oynamak açılışı kaç oynamak geçmiş kazanmak oran saptamak açılışınız hakk öğrenin açılışınızın bir özet gözde geçiri olumlu olumsuz yön öğrenin hamle öğrenin analiz gözde geçirerek eğitmek açıklamak görerek hamle art amaç kavramak hata tekrar deney karşılaşmak anahtar an kolay belirleyin doğru skor güncellemek an tekrar deney kişisel eğitim kendi gelişmek oy incelemek yolmak çıkarak belirlenen ders bulmaca deney satranç kendi gelişmek i̇çin oy i̇ncelemesini kul başlayın oy i̇ncelemesini hemen keşfetmek,1
apple airpods pro kulak sade website tl stok sınır fırsat kaçırmak,1
ekranmak kart i̇ndi̇ri̇m şans fiyatlamak bulunmak aliexpress teknoloji fırsat ti grafik kart nvidia geforce try website orijinal orijinal tesla gpu aritmetik kart sanmak try website nvidia gtx titan siyah ekranmak kart kamu versiyon try website beklemek görmek değer fırsat renk igame ekranmak kart try website try website kul tek baş masaüs try website try website yeston rx xt gr try website try website orijinal msi geforce oy try website ockered pil website lityum şarj try website try website yeni tablet pc website inç android website tablet try website try website tablet android pro ram rom try website try website mllse yüksek kalite ssd try website try website intel core yeni try website try website sevim karikatür kelebek kılıf apple try website try website hemen satı almak popüler kategori cep telefon cep telefon aksesuar ev ses video kamera fotoğraf makine bileşmek çevre birim akıl elektronik,1
otomatik vites fiat egea posta düzgün görüntüleyemiyorsanız tıklamak araba türkiye satmak otomobil fiat egea otomatik şanzıman seçenek artık satmak fiat egeanın egea versiyon sunmak otomatik şanzıman konuşmak görünmek üstelik fiyatı beklemek fiyat bir hayli yüksek i̇şte fiat egea otomatik versiyon i̇lgi detay,1
sayın hüseyin şimşek numara sipariş hüseyi̇n şi̇mşek isim alıcı teslim edilmek üzer kargo verilmiştir dilemek sipariş sayfa sipariş durum görüntüleyebilir fatura bilgi güncelleyebilirsiniz ön bilgilenmek form mesafe satmak sözleşmek belirmek üzer alıcı adres bulunmak durum sipariş kişi teslim edilebilir,0
cep telefon arayışın deva ediyorsa ürün göz atmak isteyebilirsin hepsiburada cep telefon arayışın deva ediyorsa ürün göz atmak isteyebilirsin tl tl samsung galaxy fe gb samsung türkiye garanti website yorum alışveriş baş,1
avea avea eylül yıl taahhüt verdi fakat taahutu bitmek ay kalmak iptal etmek taahhüt iptal tarafima tl taahhüt ücret almak parayi geri alabilirmiyim alabilrsem almak yapmaliyim,0
no sözleşmek ait yıllık hesap bildirim cetvel sayın sevda bireysel emeklilik sözleşmek ait yıllık hesap bildirim cetvel ek bilgi sunulmuştur ürün hizmet hakk değerli müşteri düşünce önem sözleşmek i̇lgi türlü soru website adres ziraat hayat emeklilik müşteri i̇letişim merkez şirket iletişim geçebilirsiniz saygı ziraat hayat emeklilik,0
i̇ndirimli fantazi body fırsat i̇ç website outlet i̇ç giyim fırsat yazlık pijama takım bayan i̇ç giyim erkek i̇ç giyim çocuk i̇ç giyim fantazi i̇ç giyim i̇ç giyim marka i̇ç giyim kampanya moonlight erotik body tl tl merry see lepoar desen body gece tl moonlight erotik body tl tl moonlight erotik body tl tl for dreams fantazi transparan body tl tl merry see göğüs özel bölge açık fantazi gece tl nightlight siyah fantazi dantel body tl tl night light büyük beden deri fantazi body tl tl vixson beyaz göğüs bölge açık sek body tl tl merry see siyah sek i̇ç giyim tl merry see sek leopar gece body iç giyim renk tl kırmız transparan sexy body merry see tl mit love kırmız dantel fantazi i̇ç çamaşır tl tl miorre body fantezi bayan tl tl sexy body fantazi merry see tl,1
hafta sevi kampanya göz atmak i̇ster mis website sağ güzel ürün özel kampanya kaçırmak babe stop akn kampanya babe stop akn ürün indirim ek sepet ekstra indirim stok sınır son gün şubat alışveriş baş caudalie kampanya caudalie premier cur yeni seri indirim ek mi bakım seti̇ hedi̇ye stok sınır son gün şubat alışveriş baş nuxe reve miel kampanya nuxe seçil reve miel ürün tl üzer sipariş reve miel yüzmek balsam ml hedi̇ye stok sınır son gün şubat alışveriş baş luxliss kampanya luxliss saç bakım ürün net i̇ndi̇ri̇m stok sınır son gün mart alışveriş baş propia kampanya samudra kampanya samudra sipariş website tl değer anti aging tonik hedi̇ye stok sınır son gün şubat,1
spss li̇nk hüseyi̇n şi̇mşek hoca merhaba spss crakli link istemek hoca ayrıç araştırmak konu olarak sosyal medya öğretim süreç içeri antalya demre ai̇hl okuyan sınıf öğrenci başarı düzey etki konu bir deney araştırmak konu uygu olur teşekkür eder,0
mayıs mayıs hafta ege arkadaş uzaktan eğitim mstf erskn merhaba arkadaş website hafta uzaktan eğitim plan hazır artık plan günlük akmak in yan sır hafta akmak bulunuyor müdür hafta akmak istemek ayrıç can ders takip form nu eklemek plan veli paylaşmak sorumak yaşamak whatsapp grup katılıp plan direkt olarak veli iletebilirler ayrıç öğretmek arkadaş whatsapp telegram grup davet ederek on sevinmek perşembe bir sonra hafta plan grup paylaşmak sade iletmek basmak veli grup iletmek kalmak whatsapp grup http website telegram grup http website website pazartesi https website website salı https website usp sharing website perşembe https website website cuma https website plan rapor https website veli göndermek whatsapp mesaj https website hafta akmak https website can görüşmek takip form https website çarşamba gün şua resmi tatil olarak gözükmek çarşamba gün plan hazırlamak uzaktan eğitim yapılacak bir yazı gelir çarşamba gün plan hazır,0
lcwaikiki triko kazak hırka lc waikiki dünya herkes i̇yi giyim kolay ulaşmak i̇çin büyümek deva ediyor,1
oryantasyon plan hk merhaba aykut bey toplantı almak karamak netice oryantasyon prosedür revize edip sonra iş alınmak personel yeni oryantasyon prosedür uygulamak başlayabiliriz konu hakk destek beklemek website yeni oryantasyon plan revize hal ek yer almak saygı,0
kg ekşi maya sarı buğday köy ekmek saat kadar veri sipariş ayn gün kargo kendi buğday kendi un kendi el ata ekmek artan maya buğday tarım ilâç var un korumak toprak verdi gr odun ateşin pişmek taşmak fırın sarı buğday köy ekmek whatsapp sipariş veri lezzet garanti sarı buğday köy bulgur website kendi buğday kendi un kendi el ata ekmek artan maya buğday tarım ilâç var un korumak toprak verdi ekşi maya i̇nceleyin lezzet garanti taşmak kırma yeşil zeytin website bilmek sofra dolap aras gezmek yeşil zeytin değil yeşil zeytin birazcık seviyorsanız zeytin beğenmek ihtimalî yok büyük ağ do kocamak bir lezzet yiyecek porsiyon dakika su beklemek tuzun atacaktır korumak katkı madde gıda boya bir kimya yok sade su tuz yeşil zeytin afiyet olmak zeytin i̇nceleyin bütün ürün koşul şart i̇ade edebilirsiniz i̇nsa hata yapabiliriz ürün damak tat uymak ben müşteri güvenmek bütün ürün koşul şart iade edebilirsiniz bütün ürün i̇nstagram gulsenteyze i̇nstagram ileti rahat et özür dilemek gelecek email adres tekrar mail almak istemek dilemek zaman bağlantı tıklamak mail almak son,1
türkiye ucuz sıfır arap ucuz sıfır km arap almak isteyen kişi türkiye dek ucuz sıfır arap mart ad içerik listelemek ayrıç liste araç fiyat bin tl sınırlamak ucuz paha doğru detay bir sıralamak yapmak i̇şte marka marka güncel ucuz otomobil fiyat,1
hangi collagen i̇ndirimi kaçırmak su collagen in tablet tozmak sıvı form ekonomik fiyat satı almak,1
yeni sezon yeni tarz lc waikiki website yeni sezon yeni tarz yaş tarz uygu model dolap yenilemek tam zaman aç,1
sevgi örav dost hüseyi̇n si̇msek örav sohbet sıradışı meslek hayat yeni ufuk açan konuk hikâye paylaşmak deva ediyoruz ay konuk harvard üniversite nin yıllık tarihî ana dil i̇ngilizce olmak rağmen dil bilim ders vere ilk tek kişi unvan sahip dil bilim eğitim yazar editör çevirmen prof gülşat aygen aygen bilinç dil kullanım iletişim etki dil hakk yanılgı dil bilim eğitim ilişki eleştirel düşünmek beceri katkı yılmaz hakk ilham veri bir sohbet gerçek gülşat aygen yılmaz i̇lgi görüş söz açıklamak ben imkân imkân bir yok i̇mkansız olarak görmek koşul bize zannetmek i̇mkansız imkân ikna etmek nokta imkân şekil düşünmek hayat aşmak inanmak aygen in paylaşım tümü youtube kanal beklemek,0
açıköğretim sistem kayıtmak yenmek bilgilenmek anadolu üniversite sevgi öğrenci yeni dönem başlamak kalmak se türkiye nin açık uzaktan öğrenmek yaklaşık yıllık tecrübe sahip ön kurum anadolu üniversite açıköğretim sistem bir öğrenci olarak kayıt yenmek hayal peşin koşmak sana sunu fırsat ayrıcalık yaşamak deva et yapmak gerekmek basit kayıtmak sayfa girişmek yapıp ders seçerek ödemek tamamlamak kayıtmak yenmek işlem ek cuma gün son kadar ders seçim saat website ödemek website kadar yapabilirsin kaymak tamam sonra anadolu ekampüs üzer ders tanımlamak birçok fark materyal öğrenmek olanak kavuşmak olacaksın ayrıç güz dönem ara sınav dilemek yer masaüstü dizüstü mobil cihaz bağ sınav sana veri süre içeri dilemek zaman dilim gerçek,0
nisa kampanya iyiyizbiz başlamak la roche posay venatura vichy skinceuticals pek sevi marka ürün indirim,1
saü merkez kütüphane görüş merak ediyor değerli kul kütüphane hizmet kütüphane gelerek uzaktan kul teşekkür website kütüphane hizmet değerlenmek görüş doğrultu hizmet ileri taşımak amaç hazırlamak anket davet etmek istemek anket link https website geri bildirim kütüphane önem katkı sağlayacak olup kütüphane hizmet iyi personel motive etmek adına yardım olacaktır değerli vakit ayırmak teşekkür eder sağ gün dilemek,0
merhaba hüseyin şimşek sürelikitap hoşgelmek sürelikitap kitap tutkun araştırmak öğrenci kitap tem konu yeni bir dönem başlamak üzer gelişmek sade dijital kitap kiralamak hizmet sağlayan bir dijital yayın eticaret platform sürelikitap üzer sipariş etmek istemek kitap sipariş esna seçmek süre kadar kul ciddi bir maliyet avantaj el edebilirsiniz iyi hizmet sunabilmemiz sürelikitap platform geri bildirim doğrultu gelişmek görüşmek öneri paylaşmak sevinmek keyif okumak dilemek,0
ürün paketlemek ki̇tap ki̇tap fi̇lm müzi̇k elektroni̇k oy konsol kirtasi̇ye ki̇şi̇sel ürümek hobi̇ outdoor hobi̇ oyuncak sayın nagihan şimşek web mağazasıdan vermek olmak no lu sipariş ürün paketlemek fatura kesi işlem website tarihî tamam paket kargo verildiğinde takip bilgi taraf iletilecektir sipariş süreç sipariş bilgi sayfa takip edebilirsiniz tercih etmek teşekkür eder keyif alışveriş dilemek ticaret ekip paketlemek ürümek ler suç ceza hasa ali yücelmek klâsik savaşmak barış kitap takı atlas kıt deniz kültür aras yolcu rehber,0
galaxyliveda saat geçerli özel fırsat şubat saat website canli yayinda buluşalım samsung can yay alışveriş deneyim davet can yay özel avantaj kampanya yer almak merv özkaynak hakk alkan in sunum online mağaza gerçek galaxylive etkin beklemek can yay özel avantaj kampanya kaçırmak şubat saat website detayli bi̇lgi̇,1
sümeyye özmen ben seçmek se adına ister se yanlışlıkla eksik bırakmak sanmak obs mesaj yazmak sana,0
akıl durgun veri renk kontak lens doğal göz büyümek biraz eğlenmek,1
korkmak perla çeyiz set korkmazstore website korkmak perla çeyiz set korkmak online özel perla çeyiz set website başlıyan fiyat satı alınmak,1
temmuz yapılmaya baş ilk yönetmek görev mülakat sağ bakan nın mülakat online yapılabilir deme üzerine şırnak il mülakat online yapılma duru varmı,0
çalışan takdir ödüllendirmek website mart cuma gün online zoom ortam gerçek çalışan takdir ödüllendirmek isim eğitim program hakk bilgilenmek istemek eğitim anadolu grup arkas holding eski i̇nsan kaynak yönetmek sn derya cihan öksüzoğlu tarafından saat aras gerçek eğitim kalite koruyabilmek bütün soru cevap verebilmek adına sınıf kontenjan kişi sınırlamak durum sebeple katılım karar olabilen er tarih ben paylaşmak rica eder sormak istemek katılım numara telefon ben mail yanıtlamak katılım ücret tl kdv ayrıç eğitim kurum ihtiyaç doğrultu revize edip belirleyeceğiniz gün sade şirket özel olarak organize edebilmekteyiz kurum özel eğitim ihtiyaç teklif isteyebilirsiniz eğitim değinmek başlıca konu aşağı bilgi sunar değerli vakit teşekkür eğitim amaç çalışan bağ performans artırmak çalışanların motive edilmesi çalışanların başarı emek takdir edilmesi ödüllendirmek gerekmek ancak yapılanmak araştırmak çalışanların sade düzen olarak takdir edildiğini göstermek çalışan takdir ödüllendirmek beceri gelişmek i̇nsa yönetim etki kılmak eğitim i̇çeriği çalışanların performans bağ artırmak motivasyon yer önem modern etki motivasyon çalışan deneyim toplam ödül yönetim kısım finansal olmak ödüllendirmek takdir ediyoruz takdir etmek i̇lgi endişe çöz takdir ödül seçenek neler zaman yapmak sorum etki bir takdir ödüllendirmek program plan yönetmek uygulamak pandemi uzaktan çalışmak dijital etki takdir ödüllendirmek neler değişmek öğrenilenlerin hayat geçirilmesi eylem plan oluşmak kısım finansal ödüllendirmek ödüllendirmek strateji prensip ödüllendirmek seçenek kanıt dayalı ödüllendirmek ödüllendirmek taraf sorum ödüllendirmek dikkat edilecek husus teşvik prim sistem örnek çalışmak i̇yi çalışmak sinem şahin yılmaz acıbadem mahallesi çeçe sokak akasya ev site kule kat üsküdar i̇stanbul ileti rahat et özür dilemek gelecek email adres tekrar mail almak istemek mail yanıtlamak bilgi vermek yeter anlayış teşekkür eder,1
korkmak avantaj keşfetmek korkmazstore güvence mutfak eksik tamamlamak,1
bedava kargo son saat fırsat kaçırmak website kampanya website saat website saat kadar yapacağınız alışveriş geçerli,1
oxxo yeşil pamuk over gömlek oxxo yeşil pamuk over gömlek oxxo mavi balon kol denim gömlek oxxo pembe over poplin gömlek oxxo mavi ekose gömlek ceket oxxo pembe fırfır over gömlek oxxo bej cep over gömlek tencel oxxo yeşil pamuk over gömlek oxxo yeşil cep kuşak ceket tencel,1
yeni kiosk hk selam pilot kul olarak belirlemek arkadaş belirli iş emir gerçek uygu şekil yeni kiosk üzer yürümek istemek yapamadıklarımız normal akmak engel duru olmak gerekmek i̇lgi arkadaş hazırlamak rapor ek an yeni kiosk üzer herhangi bir işlem yürümek karar almak kul duru değil,0
merhaba nagihan han vermek bilgi teşekkür website günlük hafta olarak bir cilt bakım rutin hazırlamak rica düzen şekil rutin uymak i̇stediğiniz cilt görünüm şekil kolay kullanabi̇leceği̇ni̇z ürünleri̇mi̇z akne antioksidan sabun doğal lavanta su bakım set sıkı vitamin serum yeşim taş face rol anti spot leke krem yeşil tozmak kil maske ruşur sefidab taş sıkı vücut losyon i̇pek kese saç özel bir formülasyon hazırlayabiliriz whatsapp ekip arkadaş destek talep edebilirsiniz whatsapp hat,0
hoca website rahat ediyorum bi rica bulunmak istemek ödev son iki madde çıkartabilirmiyiz basit bişey anlamak hoca diğer arkadaş pek anlamak,0
koşmak gratis website koşmak gratis fırsat gratis te hemen keşfetmek alışveriş baş satı alınmak,1
sevgi gün gizem kut süre akşam dolamak binance son şans arkadaş davet edinmek on basit görev tamamlamak sonra iki varan değer gizem kut hediye ede görev dan fazla değer bir fon yatırmak işlemininakit yatırmak banka kredi kart kripto yatırmak yapınmak görev al satım dâhil olmak üzer herhangi bir spot dönüşmek işlem çift dan fazla al satım yapınmak,1
nuretti̇n tepmek ortaokul ni̇san bi̇lgi̇ kültür yarişmasinina okul katilacak öğrenci̇ li̇stesi̇ kübranur taşdemi̇r website i̇rem erçeti̇n website nuray sayar sinif betül kaymak sinif yedek,0
axess kart tl market indirim kazan axess özel tl üzer ilk alışveriş tl indirim kampanya katmak axess mobil veye sms ilmek kampanya kayıtmak olunması gerekmek,1
ege arkadaş okul ön plan hakk bilgilenmek mesaj arad yanlış an fark etmek bir nokta açık getirmek istemek sene ayn plan fark versiyon yapacağımızı zaten söylemek ücret versiyon ücret versiyon olacak söylemek yanlış an kısım plan etkin link verecek söylemek kısım şekil açıklamak çeşit linkleme bağlantı vermek yöntem var i̇nternet üzer bir resim video web site linkleme diğer bilgisayar iç bir dosya resim video linkleme ücret plan plan bir ker inmek bir i̇nternet ihtiyaç olmak link bilgisayar dosya olacak şekil anlamak normal youtube yüklemek bir çanakkale zafer bilgi video aynı plan iç ekleyeceğiz bilgisayar dosya video aramak zor kalmak plan link tıklamak,0
uzak küre çalışmak i̇şe almak global olarak i̇şe almak uzak çalışmak yer çalışmak model yarar,1
favori saç stil sahip saç şekillenmek alet kıvırcık dalga düzgün bukle yapınmak,1
indirim ürün indirim hariç aliexpress aliexpress hesap müşteri korumak yar merkez i̇ndirim kupon yeni kul özel fiyatlamak fazla aliexpress uygulamak iyi şekil yarar,1
düzeltmek bilgi merkez güç proje muhsin yenmek in bulunmak ilçe döşemek olarak çıkmak ora döşemealtı olarak düzeltmek sevinmek,0
kendi bir güzel yapmak beş blog denemek i̇şte popüler içerik spiromanyak spiromanyak blog görmek spirotechnics santa cruz california üniversite uygulamak matematik bölü yüksek lisans öğrenci paul wintz tarafından yaramak animasyon i̇şleme kitap kul java yazılmış bir program tarafından oluşmak srbachchan srbachchan blog görmek ben amitabh bachchan ım rengârenk rengârenk blog görmek taraf yazılmış bir algoritma sıfır rastgele oluşmak renk gifler website not tumblr uygulamak gifleri görüntülemek ön sıkışmak görünmek yüzde biraz pik görünmek normal olarak bir web taramak görünür tat ot tat ot blog görmek maineacademic te anne yapım toprak hobi çift dönmek ben yeni vahşî son işık ağ son işık ağ blog görmek joey mavi saat fotoğraf kat bisiklet tutkun tumblr tema gelişmek,1
sabi̇s ders duyuru sabi̇ssakarya üniversite bilgi sistem sabi̇s ders duyuru sayın hüseyi̇n şi̇mşek ders saat sevgi arkadaş sunu üzer son düzeltmek yapacağım yüzde ders başlamak hali̇l i̇brahi̇m cebeci̇,0
tekno cuma fırsat notebook kdv tutar i̇ndirim,1
etwinning sevgi öğretmen iyi gün etwinning aile hoş gelmek ben zuhal özbay antalya i̇l mem arge birim etwinning ilmek koordinatör olarak görev yapıyorum etwinning i̇lgi soru ister ben ister deneyim etwinnerların yer almak antalya etwinning telegram grup sormak etkin sosyal medya hesap takip edebilirsiniz ayrıç yeni başlayan arkadaş website adres yer ala online eğitim sayesinde kendi kendi öğrenmek süreç tamamlayabilirler telegram link sevgi öğretmen iyi gün etwinning aile hoş gelmek ben zuhal özbay antalya i̇l mem arge birim etwinning ilmek koordinatör olarak görev yapıyorum etwinning i̇lgi soru ister ben ister deneyim etwinnerların yer almak antalya etwinning telegram grup sormak etkin sosyal medya hesap takip edebilirsiniz ayrıç yeni başlayan arkadaş website adres yer ala online eğitim sayesinde kendi kendi öğrenmek süreç tamamlayabilirler telegram link,0
üye olmak i̇çin teşekkür eder bkm kitap kitap kolay yol ödemek okumak hoşgelmek sayın üye kaymak gerçek alışveriş site üye giriş yaparken pos adres alan email parola alan kayıtmak sıra girmek olmak parola yazman yeter olacaktır site üye olmak teşekkür eder,0
yeni pos adres tanımlamak garanti bbva değerli müşteri posta bilgi doğru güvenlik sağlamak amaç gönderiyoruz pos adres iletişim bilgi kaydetmek adres ait olmak teyit etmek lütfen tıklamak pos adres bir hata olmak düşünmek işlem bilgi dış gerçek garanti bbva müşteri i̇letişim merkez ni arayabilir yakı şube başvurabilirsiniz saygı garanti bbva,0
perşembe pazar i̇ndirimlerinde son gün ürün i̇ncelemek tıklamak,1
eğitici eğitim başvuru hk meb duyuru değerli öğretmen okul ön sınıf öğretmen uzaktan eğitim süreç okumak yazmak matematik öğretim beceri gelişmek çalışmak millî eğitim bakan unicef i̇şbir yürümek konu ilişki il öğretmek kapasite güç okul ön öğretmen eylül ek ek tarih aras eğitici eğitim yapılacaktır eğitim katılmak isteyen okul ön öğretmen http website,0
i̇hracat ticaret bile kolay ticaret boşvermek hemen i̇hracata başlayın türkiye satmak global bir marka ürün mağaza i̇nternet üzer direk toptan satı alınmak portigate amazon çöz ortak servis hafta içeri amazon i̇ngiltere satmak yapmak imkân el edinmek kur fark avantaj yarar kar etmek hemen başlayın amazon i̇ngiltere dek türk başarı ürümek satmak hikâye anlatmak kitap link webinarımızın son paylaşmak türk amazon i̇ngiltere satmak ürün görmek inanamayacaksınız kitap webinarımıza kayıtmak olmak i̇çin tıklamak i̇hracat yapmak kadar kolay karl olmak inanamayacaksınız portigate,1
sipariş hakk sayın nagihan şimşek sipariş numara lütfen numara kaybetmek sipariş durum ait bilgi adres takip edebilirsiniz sipariş seçmek olmak teslimat zamanlamak göre taraf teslim website gönder numara sipariş ait ürün kargo teslim edildikten sonra saat içeri tercih etmek teslimat seçenek göre sipariş takip sistem aktif olup görülebilecektir ayrıç kayıt cep telefon numara kargo durum ait bilgilenmek sms göndermek sipariş takip yaparken husus göz ön bulundurmak rica eder,0
spor salon kul etki ekipman i̇deal yağ tüketim öneri fazla hafta fitblog etki̇li̇ spor salon aletleri̇ fark kasmak grup etki bir biçim çalışmak antrenman fazla fayda sağlayan spor salon alet,1
döf form takip liste döf form takip liste ramazan bey ek döf düzelti̇ci̇ önleyi̇ci̇ faaliyet format var uygu görüldüğü takdirde sac i̇malat hat format kul üretim hat sac imalât tespit edi kalite üretim olumsuz yön etkilemek türlü uygun döf açılacak rapor edilecektir saygı,0
okul dışarı gün hoş gelmek kayıtmak olmak teşekkür eder artık çocuk gün açık hava oynamak öğrenmek destekleyen hareket bir parça bizde haber almak istemek belirtmek kısa zaman bizde bir bülten alacak arad sosyal medya takip edebilir okuldışarıdagünü etiket bize katmak,0
ödemek i̇ade edildi website web site tarihî gerçek olmak website try tutar işlem iade iyzico tarafından başar tamam i̇ade işlem kredi kart yapılanmak ödemek iş gün içeri banka kart yapılanmak ödemek iş gün içeri kart hesap yansımak soru var bize hemen email,0
evin tozmak konmak fırsat hepsiburada robot süpürge çeki fırsat vade fark taksit hepsiburada banyo aksesuar büyük i̇ndirimler yaz dört mevsim lastik süper fırsat nevresim tl yemek tl i̇ndirim samsung telefon süper fırsat,1
bilgi edinmek mail meb bilgi edinmek sistem website millî eğitim bakan bilgi edinmek sistem başvuru yapan kişi ad soyadı hüseyi̇n şi̇mşek sayın hüseyi̇n şi̇mşek tarihî yapmak olmak başvuru takip numara kayıtmak alt alınmak,0
mülakat hayır merkez atamak yapılsın gamze koyutürk merhaba oğuz kamu iş alım mülakat kalmak talep bir kampanya başlamak i̇mzalamak isteyebileceğini düşünmek sen paylaşmak istemek kurum belediye açık değil merkez atamak personel al yapılsın kişi gamze koyutürk tarafından başlamak kampanya imzalamak haydi website imza hedef şimdi tek tıklamak imzalamak mülakat bilmek üzer personel alım adam kayırmak torpil yolmak açmak kamu personel seçmek sınav kpss puan diğer göre düşük kişi mülakat yüksek puan kişi geçerek kadro yerleşmek hatta bazen kpss puan olmaksızın bile günübirlik kişi özel ilân açık al yapılmaktadır mülakat çağırılarak manevî olarak stres alt girmek yan sır mülakat büyük çoğun fark il gitmek gerekmek sebebiyle maddî olarak ulaşım konaklamak vb masraf yapılmasını gerekmek zaten iş genç bel bükmek i̇ş bulmak çıkı yol kazanmak para harcamak aşmak gerekmek bir yük ön geçmek adalet liyâkat esas personel tem olabilmesi adına mülakat kaldirilsin açiktan alimlar son bulmak merkezi̇ atamak i̇le âlim yapilsin merkez atamak kpss yüksek puan almak kadro hak genç meslek can baş yapmak hazır adalet bir ülke gelecek umut ışık olmak kampanya destek beklemek saygı,1
merhaba fusion educator forum davet ediyoruz diğer eğitim ipuç başar öykü ders plan veri küme sınıf kaynak paylaşmak üzer bağlantı kurabileceğiniz yeni bir yer öğrenci tasar mühendis üretim gelecek iş ilham verileceği hazır konu yeni fikir mi aramak arkadaş yapmak sorumak ge tartışmak katı,0
hüseyi̇n şi̇mşek nesne tabanli programlamak ödevi̇m son projeyi̇ bi̇r kaç gün ekleri̇m hoca teşekkür,0
bilgi edinmek onay mail meb bilgi edinmek sistem website millî eğitim bakan bilgi edinmek sistem başvuru yapacak kişi ad soyadı hüseyi̇n şi̇mşek başvuru form doldurmak,0
dnlp metal iş partner fikir hk değerli ekip partnerlikle iş model i̇lgi gönder olmak fikir ötürü teşekkür eder fikir salı gün yapacağımız teklif dâhil et bulunuyorum teklif ek gönderiyorum herbiri gözde geçirmek istemek lütfen önermek başka fikir var değişmek gerekmek düşünmek kısım var ben cuma gün akşam üstüne kadar gönder tekrar teşekkür eder,0
joyecar led xenon kamera joyecar xenon far araç kamera türkiye nin marka led far ser model satı almak,1
rain beşiktaş jk resmi sponsor değerli kul rain olarak yıllık şan tarih sahip büyük beşiktaş resmi sponsor olmak büyük gurur mut yaşamak beşiktaş taraftar raini sezon tribün sponsor yıl forma göğüs sponsor görecekler an türkiye spor tarihî büyük imza at oluyoruz beşiktaş olarak global marka güç bir deva ediyoruz yıl kutlamak hazır sezon ön önem bir sponsorlukla güç güç katmak birçok ülke faaliyet gösteren rain türkiye kendi sektör güvenmek uluslararası tecrübe ön çıkan bir kuruluş i̇kisi global değer sahip rain beşiktaş marka bir ara gelmek heyecan veri bir iş bir doğuyor dünyada önem sponsor imza atamak rain artık forma göğüs tribün sponsor olarak gü beşiktaş başarı katkı sağlayacak ahmet nur çebi beşiktaş başka kuruluş yıl isim beşiktaş göğüs yazmak dünya ün stat taşımak gurur duyuyoruz bir süre türkiye kul buluşmak hazır sürmek şimdi meyve alıyoruz rain olarak yeni bir dönem ad atamak iş bir türkiye yapmak istemek herkes anlatmak iyi bir fırsat olarak değerlenmek milyon aşk beşiktaş taraftar yan olacağız an rain kul futbol tanışmak forma maç bilet kazanmak kamp katmak birtakım ayrıcalık sahip olacak rain olarak beşiktaş karşılaşmak başar dilemek mehmet çamır rain türkiye genel müdür değerli kul heyecan haber paylaşmak mut yaşamak yolcu bir parça olmak teşekkür sunuyoruz ön gün yapacağımız sürpriz kampanya haberdar olmak rain sosyal medya hesap takip edinmek saygı rain,1
süpermarket süper indirim hepsiburada hepsiburada süpermarket ürün tl yemek tl indirim acele et kaçırmak süper fırsat do fenomen indirim kaçırmak ev yaşam ürün fırsat satmak kitap almak ödemek jack jones marka süper fiyatlamak küçük ev alet tl alt fiyatlamak,1
ball fındık musk selimzade ball fındık musk süt aroma salep duble antep fıstık lokum minibon akide şeker sade parmak rulo kadayıf parmak rulo fındık cezerye portakal aroma antep fıstık parmak lokum karışık hediye parmak lokum pembe kut antep fıstık parmak lokum duble antep fıstık karışık lokum nutella duble antep fıstık beyaz lokum nane şeker gelenek sade lokum kalp jöle limon aroma akide şeker mevlâ şeker karışık krokan yeşil nane aroma akide şeker beyzade küp lokum meyve aroma karışık paşa lokum basmak fındık beyaz lokum lotus krema bisküvi beyaz lokum sade çift kavurmak lokum duble antep fıstık çift kavurmak lokum,1
duygu han merhaba sağ rapor diğer evrak tamamlamak sade tetanoz aşı aile hekim olmak pazartesi gün yapmak taraf telefon ben vermek olmak numara bağ kısa süre taraf iletişim kurman rica olunur i̇yi çalışmak dilemek,0
merhaba hüseyin bey ocak tarih yapılacak final sınav cumartesi oturum saat aras cumartesi oturum saat aras pazar oturum saat aras pazar oturum saat aras yapılacaktı website herhangi bir oturum bir öğrenci fazla ders final sınav katılabilir sebeple ders çakışmak mümkün değil ayn gün ayn oturum almak ders soru verilecek tanımak süre içinde cevap i̇yi gün,0
paket kargo verildi şubat salı gün belirtmek adres teslim website takip numara si̇pari̇ş numarasi toplam tl tesli̇mat adresi̇ alakent mah atatürk i̇lkokulu anasınıfı fatura adresi̇ alakent mah atatürk i̇lkokulu anasınıfı,0
aramak sürpriz uygu hediye çiçeksepeti var var website ciceksepeti doğu gün çiçek butik çiçekciler hediye yenmek çiçek hediye seramik vazo ficus bonsai tl tl hemen sipariş vermek doğal ahşap kütük ficus bonsai tl tl hemen sipariş vermek dekoratif sak zelkova bonsai tl tl hemen sipariş vermek dekoratif sak ficus gingsey bonsai kalanchoe tl tl hemen sipariş vermek yeşil woswos can bitki seri tl hemen sipariş vermek geometrik siyah sak ficus gingsey bonsai,1
sayın şi̇mşek dekan vermek olmak harç iade dilekçe sağ kültür spor daire başkan başkan tarafından ince olup i̇lgi yazı ek sunulmuştur bilgi akdeniz ünv edebiyat fakülte,0
teyit edemedim bizde öğrenci iş ders açılmadığı başka bir öğrenci ders seçemezse uygu ders seçip eklemek se veri taban ders almak imek ders almak mantık web programlamak ders açılmamış gözükmek yeter sayı sanmak öğrenci iş duru doğrulmak ister veri taban ders seçmek artık bizde yanlış hatırlamak almak ders almak gerekmek yok zaman iş üzerine düşmek silmek gerekmek,0
öğrenci şifre değişmek sn yasi̇n şi̇mşek pos şifre değişik ekran yapmak olmak istek bağ olarak gönderilmiş website kod,0
kalite rahat erkek boxer model erkek boxer indirim fırsat alışveriş baş,1
i̇şte apple etkin duyurmak website performans kaçırmak karşı yepyeni mac studio studio display yeni ipad air yeni iphone se iki yeni yeşil renk seçenek iphone iphone pro etkin izleyin yakında website studio max yepyeni ultra çip akılalmaz performans i̇nanılmaz kompakt tasar geniş bağlantı seçenek fiyat görüntüleyin fazla bilgi yakında website display göz alıcı inç retina website sahne özel mp ultra geniş kamera alt hoparlör uzam ses fiyat görüntüleyin fazla bilgi yakında website air apple çip şimdi süper güç website sahne özel mp ultra geniş ön kamera beş büyülemek renk fiyat görüntüleyin fazla bilgi ön sipariş tarihî mart satmak tarihî mart iphone se süper güç bionic çip yıldız layık bir kamera fark konuşmak bir pil ömür gü sahip olmak güç değil fiyat görüntüleyin fazla bilgi köknar yeşil renk seçenek,0
kali̇te mühendi̇si̇ yeni iş ilân linkedin i̇ş i̇lanı uyarı kali̇te mühendi̇si̇ iş ilân uyarmak antalya türkiye konum tercih eş yeni iş ilân akiş enerji kalite kontrol mühendis akiş enerji türkiye uzaktan,0
badoo yakın kız sohbet etmek beklemek yeni kız sohbet başlayın kız mesaj göndermek ilk sohbet başlayın,1
ybs yüksek lisans hoca merhaba hoca vize i̇nternet kesinti sebebiyle düşük not almak i̇lk yar saat sayfa açılmadı hoca sonra yetiştirecem bay paniklemek birbiri karmak not ödev yâd benzeri bir görev yükselmek şans varmı kesinti i̇lgi ekranmak resmleri ni ek sunuyorum hoca i̇lginize teşekkür eder,0
oscar and the wolf konser bilet satmak biletinial oscar and the wolf mayıs ta türkiye turne i̇stanbul i̇zmir ankara oscar and the wolf buluşuyor indie pop un fenomen grup belçika oscar and the wolf yıl ara sonra şehir bir turne türkiye yemek geliyor ülke büyük bir hayran kitle sahip konser bilet gün ön tükenmek ün belçika grup ayrı konser ayrı şehir sahne olacak epifoni organizasyon gerçek etkin mayıs perşembe i̇zmir arena mayıs cuma i̇stanbul küçükçiftlik park ta mayıs cumartesi ankara odtü md vişne çim amfi yapılacak tükenmek bilet almak eş konser kaçırmak,1
ucuz bulursan fark i̇ade ediyoruz website i̇yi fiyat garanti ucuz bulursan fark i̇ade ediyoruz website te almak poliçe aynı ucuz bulursan fiyat fark iade ediyoruz poliçe sunu teklif i̇yi fiyat garanti almak hemen teklif almak,1
pan etiket ürün hk hakan bey merhaba etiket üremek firma pan etiket olarak etiket ribon yazı ürün tedarik üretim yapmak kuşe vellum eko termal lâmi termal opak pp şeffaf pp poliart kırılgan void birçok etiket çeşit baskı boş olarak üretim yapmaktayı website wax re re hot foil özel tekstil ribonlarının satmak yapmak epson tm cw cw tm yeni nesil renk barkod yazı model gold bayi kartuş atık tank özel epson renk barkod yazı inkjet etiket üremek ürümek talep konu yardım olmak memnuniyet duyar çalışmak kolay dilemek saygı,0
minimba i̇şletme yönetmek sertifika program hediye çek lütfen email adres güvenmek adres liste website online mi mba sertifika program mi mba sertifika program online mi mba sertifika program türk iş dünya yakı üniversite tobb ekonomi teknoloji üniversite güç akademik kadro bilgi deneyim hazır website hediye çek kampanya ilk kişi fayda kul mi mba sertifika program sepet eklemek sonra sepet ekran çek promosyon kod kul bağlantı tıklamak açılamak kutu yazmak anı indirim kazan online eği̇ti̇m i̇çeri̇ği̇ mi mba sertifika program aşağı ana baş yer ala online eğitim modül oluşmak türki̇ye gi̇ri̇şi̇mci̇li̇k yöneti̇m organi̇zasyon pazarlamak yöneti̇mi̇ satiş satiş yöneti̇mi̇ üreti̇m i̇şlemler yöneti̇mi̇ muhasebe fi̇nansal yöneti̇m mali̇ tablo anali̇zi̇ ri̇sk geti̇ri̇ portföy yöneti̇mi̇ tedari̇k zi̇nci̇ri̇ yöneti̇mi̇ i̇nsan kaynaklari yöneti̇mi̇ i̇ş hukuk ti̇caret hukuk proje yöneti̇mi̇ müzakere tekni̇kleri̇ ki̇mler katilabi̇li̇r şirket yönetmek yönetmek aday şirket çalışanları kendi iş kurmak isteyen girişim kendi iş kurmak isteyen yeni mezun öğrenci kamu çalışanları yönetmek,1
meb ekys bina tercih görev i̇şlemleri sistem sayın oğuz tümer meb ekys isim oturum yapmak olmak bina görev tercih liste aşağı listelemek görev bina cihaz görev gözemek salon başka bi̇nalar kocaeli̇ i̇zmi̇t koü iktisadî idarî bilim fakültesi̇ kocaeli̇ i̇zmi̇t koü mi̇marlik tasarim fak kocaeli̇ i̇zmi̇t koü teknoloji̇ fakülte tercih etmek bina yerleşmek durum herhangi bir bina görev yapmak kabul et i̇yi gün dilemek,0
hoca iyi gün antalya cikisi dağbeli mevki kalmak sınav yetisemeyebilirim gelmek çalışmak muhtemelen trafik kazmak var hava şart olumsuz yön ilerlemek,0
türkiye i̇yi fotoğraf kolâj şablon canva güzel an birlik güzel muhteşem tatil akıl çıkmak yoksamak bebek fotoğraf karışmak başlamak fotoğraf kütüphane kadar büyük olur olmak sayı göz alıcı yaramak eğlence fotoğraf kolâj şablon sevmek anı hayat verebilirsiniz tek yapmak gerekmek beğenmek stil seçip fotoğraf eklemek i̇şte kadar üstelik ilham vermek i̇yi şablon bir ara getirmek,1
aile birey tanımak ben ad onur bilalamca ad ferat erdinç mehmet anne ad zeynep hal ad serap teyze ad sevinç kardeş ad aşegül elif şevval day ad yok,0
gamepower oyun ekipman gamepower gamepower oyun ekipman online mağaza gamepower oyun ekipman hemen i̇ncele,1
epttavm almak ürün memnun kalmak merhaba değerli düşünce öyle sade bir dakika ayırmak almak olmak ürümek hakk deneyim yorumlamak düşünce kul paylaşmak devlet güvence kolay güven alışveriş epttavm,0
atasu optik yeni üye tl i̇ndirim tl üzer ücret kargo peşin fiyatı taksit,1
bahar fırsat gelmek kampanya ek i̇ndirimleri kaçırmak kampanya mart tarih aras mağaza website site https www website bahar firsati link bulunmak ürün geçerli kampanya kapsam website sepet ekleyeceğiniz tl üzer alışveriş sepet tl indirim tl üzer alışveriş sepet tl indirim uygulamak sipariş iptal iade edilmesi durum yalnızca ödemek tutmak iade edilir kampanya dâhil ürün stok sınır kiğı kampanya koşul değişmek hakk saklı tutmak,1
anahtar dergi mart sayı yayımlamak sanayi teknoloji bakan değerli paydaş website sanayi teknoloji bakan ay yay yıl kesinti bir şekil yayımlamak anahtar dergi girişim tema mart sayı aşağı görsel üzer,0
ybs yüksek lisans hoca merhaba teknoloji i̇novasyon yönetim ders kısa sınav beşinci hafta slayt sorumlumuyuz sistem slayt görünmek eklem yapabilir mis iyi gün dilemek,0
buffy kedi sahne can olarak izlemek ister mis biletix cats kedi buffy festival efsane dünyada iz rekor kıran cats kedi buffy festival efsane mart ta müzikal sahne gösteri ti̇m show center ana salon çocuk buluşacak lampo milady pilou köfte isim sevim kedi macera kaçırmak bilet hemen almak covid kapsam alınmak tedbir görmek lütfen i̇lgi etkin etkin kural bölüm website mart pazar i̇stanbul,1
sipariş iptal no sipariş iptal edi,0
ebru albayrak özemek merhaba öğretmen uygulamak ders dönem alınmak https website adres bir dönem yer ala ders görüntüleyebilirsiniz i̇ntibak yapılmaması bölü karar ancak henüz karamak çıkmak olmak değişik yapılmamış olabilir akis yön karamak çıkmak yanlış olmak düşünmek bölü başka yardım konu görüşebilirsiniz yalnız uygulamak başka bir bölü almak doğal olarak bilgisayar öğretmen alan tekrar almak gerekmek,0
plan i̇yi hal getirmek i̇çin fikir i̇htiyacımız var merhaba arkadaş plan iyi hal getirmek seçmek dakika bitirmek soru bir anket hazırlamak katılıp cevaplamak sevinmek,0
kayıt onay sevgi nagihan şi̇mşek atatürk i̇lkokulu hesap ulu danışman servi uds tarafından onay artık aşağdaki bilgi girişmek yapabilirsiniz kul ad şifre kaydolurken seçmek şifre kul şifre unutmak oturum acma kutu şifre mi unutmak seçenek tıklamak başlamak lütfen destek alınacagı i̇lgi makale okuyun i̇yi şans etwinning ekip,0
atm card johnson koffo günaydın can arkadaş uz süre ülke yeni bir ortak i̇şbir miras fon transfer etmek başar bildirmek memnuniyet duyuyorum an kendi pay düşmek top ödemek yatırım proje hi̇ndi̇stan day arad bir şekil başarı uğramak önce çaba miras fon devretmek yardım olmak çaba unutmak şimdi batı afrika lome togo daki sekreter iletişim geçinmek ad mrs esther amaka pos adres email i̇şlemde ben yardım olmak önce çaba girişim tazminat birikmek toplam website abd dolar beş yüzmek bin abd dolar göndermek rica ediyorum zaman çaba gerçek takdir et yüzde sekreter mrs temas kurmak çekinmek esther amaka on toplam tutmak website atm kartini göndermek söylemek lütfen almak hemen ben bilmek an sonra sevinç paylaşmak an el yeni ortak birlik yürümek yatırım proje nedeniyle bura meşgul nihayet unutmak se adına sekreter talimat göndermek atm kartini website almak yüzde çekinmek mrs esther amaka iletişim geçinmek tutar gecikmek göndermek i̇çtenlikle bay johnson koffo,1
merhaba ben neslihan öncelikle i̇lgi teşekkür eder sağ gün dilemek rica özel doğru cilt bakım rutin oluşmak anket soru sır numara detay bir şekil cevap ben iletmek gün içeri özel cilt bakım rutin iletmek olacağım,0
merhaba erhan etik hacker olmak kurs seviye ağmak i̇çi saldırı kurs eğitmek atil bir duyuru yapmak arkadaş herkes merhaba mart öğrenci başarı video içeri paylaşmak istemek önem güzel haber mevcut eğitim ala arkadaş başarı yazılı siber güvenlik dünya i̇lgi haber sürpriz bülten takip edebilirsiniz özellikle bölü mutlaka izlemek tavsiye ediyoruz,1
roborock max vacuum cleaner beyaz akıl robot süpürge paspas website roborock max vacuum cleaner beyaz akıl robot süpürge paspas website omo active tozmak çamaşır deterjan beyazlamak renk roborock max vacuum cleaner siyah akıl robot süpürge paspas website website roborock maxv vacuum cleaner robot süpürge paspas website,1
i̇ş yatırım piyasa bugün website https website rapor gönder liste çıkmak tıklamak i̇nternet sayfa üye müşteri giriş yaparak ekranmak sağ üst kısım yer ala bilgi güncellemek seçenek diğer rapor i̇lgi talep iletebilirsiniz ürümek hizmet hakk detay bilgi almak bize numara telefon uyarı not bura yer ala bilgi i̇ş yatırım menkul değer tarafından genel bilgilenmek amaç hazır yatırım bilgi yorum tavsiye yatırım danışman kapsam eğil sermaye piyasa al satım karar destekleyecek yeter bilgi içermek yatırım danışman hizmet araç kurum portföy yönetim şirket mevduat kabul etmek banka müşteri aras imzalamak yatırım danışman sözleşmek çerçeve sunulmaktadır bura yer ala yorum tavsiye yorum tavsiye bulunanların kişisel lgörüşlerine dayanmak herhangi bir yatırım araç al satım öneri getiri vaat olarak yorum görüş malî duru risk getiri tercih uygu olmak sade bura yer ala bilgi dayanmak yatırım karar verilmesi beklenti uygu sonuçlamak doğurmak bura yer ala fiyatlamak veri bilgi tam doğru olmak garanti edilemez içerik haber verilmeksizin değistirilebilir veri i̇ş yatırım menkul değer tarafından güvenmek olmak inanılan kaynak alınmak kaynak kul orta çıkabilecek hata i̇ş yatırım menkul değer sorum değil,1
nuretti̇n tepmek ortaokul konu el proje kapsam dağıtmak engel erişebilirlik cizhazı tablet bilgisayar dağıtım okul el kol kul öğrenci yok,0
website kampanya güneş ürün dermokozmetik ürün i̇nceleyin avantaj fiyat dermoeczanem hemen satı alınmak,1
mit lobe pompa ekin endüstriyel website mit lobe pompa uz ömür dayanıklı lobe pompa i̇çin,1
flink sauber bulaşık sünger lı rossmann türkiye flink sauber bulaşık sünger lı flink sauber kolay tozmak almak set tutmak sap kılıf domol sihir temiz sünger lı domol çamaşır tekstil ürün özel kok kese âdet flink sauber zor zemınler i̇çin yer bez doku kumaş cm flink sauber mop mikrofiber yer silmek sistem premium cm domol bulaşık makine tablet multi performans âdet flink sauber parke lâmi yüzey özel islak yer bez cm lı flink sauber tozmak almak bez cm âdet flink sauber mop mikrofiber yer silmek sistem cm flink sauber ekranmak temizlemek bez cm li flink sauber giyisi i̇çin tüymek toplamak fırça domol çamaşır parfüm âdet flink sauber renk sünger bez cm li flink sauber islak yer bez narenciye koku cm lı domol renk özel çamaşır deterjan yıkamak domol çamaşır makine temizlemek bakım sıvı ml flink sauber mutfak bez mikrofiber yüzey cm li flink sauber tozmak almak bez premium âdet domol çamaşır beyazlamak tozmak tek kullanım flink sauber mikrofiber cam bez tek cm domol cam seramik fayans temizlemek mala bıçak yedek baş âdet domol leke çıkarmak kale ml domol tuvalet temizlemek köpük limon ml,1
pandemi̇ süreci̇nde online eği̇ti̇mi̇n veri̇mli̇li̇ği̇ne i̇li̇şki̇n öğrenci̇ anketi̇ örgü öğretim değerli öğrenci yeni yök olarak nitelik eğitim dijital dönmek veri yönetim kalite esas çalışmak süreç yenilik değişim etki iletişim güç iş birlik üniversitelereyetki devir paylaşım önemsemek amaç dönük çalışmak zaman zaman üniversite bileşmek paydaş kıymet görüş başvuruyoruz sonrakisüreçlere işık tutmak pandemi online öğretim süreç değerlenmek amaç anket soru cevaplamak bize iletmek şimdi teşekkür ediyoruz anket şubat perşembe gün saat website yemek kadar cevap önem taşımak sağlık sevgi başar kalınmak değerlenmek katılmak lütfen tıklamak,0
değer eğitim araştırmak anket sakarya ar ge proje göndermek anket dolmak email gönderebilirseniz memnun olur soru kısa bir anket sakarya üniversite bir hocamizin araştırmasi i̇yi çalışmak,0
devlet sertifika eğitim sertifika hakk sayfa bulunan eğitim devlet üniversite tarafından verilmekte sertifika devlet üniversite tarafından gönderilmektedir,1
"Sayın müşterimiz, hesabınız güvenlik ihlali nedeniyle askıya alınmıştır. Hesabınızı yeniden aktifleştirmek için aşağıdaki bağlantıya tıklayın ve bilgilerinizi doğrulayın: http://guvenli-giris.hesap-dogrula.tk/verify",1
Dikkat! İnternet bankacılığı şifrenizin süresi dolmuştur. Hesabınıza erişimi kaybetmemek için hemen tıklayın ve şifrenizi güncelleyin. http://bankagiris-guncelle.xyz/update,1
"Tebrikler! Çekilişimizde 50.000 TL kazandınız. Ödülünüzü almak için 24 saat içinde adınızı, soyadınızı ve banka hesap bilgilerinizi gönderin.",1
Kargo şirketimiz paketinizi teslim edemedi. Teslimat adresinizi güncellemek ve 3.90 TL ödeme yapmak için tıklayın: http://kargo-teslimat-guncelle.net/adres,1
Microsoft güvenlik ekibinden önemli uyarı: Bilgisayarınıza virüs bulaşmıştır. Sisteminizi korumak için hemen arayın: 0850 XXX XX XX veya buraya tıklayın.,1
"Sevgili kullanıcı, PayPal hesabınızda şüpheli işlem tespit edildi. Hesabınızı korumak için kimliğinizi doğrulayın: http://paypal-guvenlik.verify-account.tk",1
Amazon siparişiniz iptal edildi. İade işleminizi başlatmak için kart bilgilerinizi girin: http://amazon-iade.customer-support.xyz/refund,1
Vergi dairesinden önemli bildirim: 2.847 TL vergi iadeniz onaylandı. İadenizi almak için hesap bilgilerinizi bu forma girin: http://gib-iade.net/form,1
Acil! E-posta hesabınız 24 saat içinde silinecek. Hesabınızı korumak için şifrenizi ve telefon numaranızı doğrulayın: http://mail-dogrulama.hesap-koru.com,1
Instagram hesabınız ihlal edildi. Hesabınızı kurtarmak için aşağıdaki bağlantıya tıklayın ve giriş bilgilerinizi girin: http://instagram-hesap-kurtar.support-tr.com,1
Netflix üyeliğiniz iptal edilmek üzere. Ödeme bilgilerinizi güncellemek için hemen giriş yapın: http://netflix-odeme-guncelle.billing-tr.com/update,1
Garanti Bankası: Kredi kartınızda şüpheli işlem tespit edildi. Kartınızı bloke etmek için: http://garantibank-guvenlik.com/kart-bloke,1
Tebrikler! Apple müşteri anketi dolduran 1000 kişiden biri seçildiniz. iPhone 15 Pro kazanmak için hemen katılın: http://apple-cekilisi.kazanin.net,1
Sosyal güvenlik numaranız kötüye kullanılmıştır. Hesabınızı korumak için bu formu doldurun ve kimlik bilgilerinizi doğrulayın: http://sgk-dogrulama.guvenlik.xyz,1
Akbank mobil şifreniz güncellenmesi gerekmektedir. 48 saat içinde güncellenmezse hesabınız kilitlenecektir: http://akbank-mobil.sifre-guncelle.tk,1
WhatsApp hesabınız başka bir cihazda açıldı. Siz değilseniz hesabınızı korumak için tıklayın: http://whatsapp-guvenlik.hesap-koru.net/verify,1
Önemli güncelleme: Windows lisansınızın süresi doldu. Bilgisayarınızın korunması için lisansınızı yenileyin: http://windows-lisans-yenile.microsoft-tr.xyz,1
"Türk Telekom: Faturanız ödenmedi, hattınız yarın kapatılacak. Ödeme yapmak için: http://turktelekom-fatura.odeme-yap.com",1
"Trendyol'dan önemli bildirim: Satın alma işleminizde sorun oluştu, ödemeniz alınamadı. Kart bilgilerinizi güncelleyin: http://trendyol-odeme.kart-guncelle.xyz",1
"Değerli müşterimiz, kredi başvurunuz onaylandı! 50.000 TL krediyi almak için sadece hesap numaranızı ve kimlik bilgilerinizi gönderin.",1
Halkbank internet bankacılığı: Şifreniz 3 kez yanlış girildi. Hesabınız kilitlenmeden önce doğrulama yapın: http://halkbank-dogrulama.hesap-ac.tk,1
Ücretsiz Netflix üyeliği kazandınız! 6 aylık üyeliğinizi aktifleştirmek için kredi kartı bilgilerinizi girin (ücret alınmayacak): http://netflix-ucretsiz.hediye-tr.com,1
Ziraat Bankası Mobil: Hesabınıza yabancı IP'den erişim denemesi tespit edildi. Güvenlik doğrulaması için: http://ziraat-guvenlik.mobil-dogrula.net,1
İş Bankası: İnternet şubenizde oturum açıldı. Siz değilseniz hemen şifrenizi değiştirin: http://isbank-sifre-degistir.guvenlik-tr.com,1
IBAN doğrulama zorunluluğu: Yasal düzenleme gereği IBAN bilgilerinizi 3 gün içinde sisteme girmeniz gerekmektedir: http://iban-dogrulama.maliye-tr.xyz,1
Sahtekarlık uyarısı: Kimliğiniz çalınmış olabilir. Kendinizi korumak için bilgilerinizi doğrulayın: http://kimlik-koruma.guvenlik-merkezi.com,1
Binance hesabınızda şüpheli kripto para transferi tespit edildi. Hesabınızı durdurmak için: http://binance-guvenlik-tr.crypto-verify.xyz,1
"Turkcell fatura bilgisi: Son ödeme tarihiniz geçti, hattınız kapatılacak. Ödeme için tıklayın: http://turkcell-fatura-odeme.net/son-gun",1
"Merhaba, yarınki toplantı saat 14:00'e alındı. Ajandanı güncellemeyi unutma.",0
Aylık bütçe raporunu ekteki dosyada bulabilirsin. İnceleyip görüşlerini paylaşır mısın?,0
Bugün öğle yemeği için hazır mısın? Kantinde buluşabiliriz.,0
Proje sunumu için hazırladığım slaydi ekledim. Geri bildirimlerini bekliyorum.,0
"Annemi ziyarete gidiyorum bu hafta sonu, seni de arayacağım.",0
Sipariş ettiğin kitaplar kargoya verildi. Takip numarası: TR123456789,0
Geçen haftaki seminer notlarını paylaşabilir misiniz? Katılamadım.,0
Doğum günün kutlu olsun! Seni akşam yemeğine davet etmek istiyorum.,0
"Yeni projeye başlamadan önce ekip toplantısı yapalım, müsait olduğun günü yaz.",0
"Raporun hazır, yarın sabah gönderebilirim. Akşam tekrar kontrol edeceğim.",0
"Ofis tatil programı açıklandı, takvimi kontrol eder misin?",0
"Ev kirası için ödemeyi yaptım, dekontunu WhatsApp'tan atıyorum.",0
Çocukların okul kayıt işlemleri için gerekli belgeler ekte.,0
"Bu ay fazla mesai yaptım, bordromda yansıtılmış mı diye kontrol ettim.",0
Seyahat rezervasyonunu yaptım. Otel bilgilerini ekte bulabilirsin.,0
Yazılım güncellemesi başarılı bir şekilde tamamlandı. Sistemler çalışıyor.,0
Müşteri toplantısı için sunum hazırlandı. Onayına sunuyorum.,0
"Bu haftaki görev dağılımını listeliyorum, herkes kendi bölümünü kontrol etsin.",0
"Yıllık izin talebim onaylandı, 15-22 Ağustos tarihleri arası.",0
"Şikayet kaydınız alındı, 3 iş günü içinde dönüş yapılacaktır.",0
Kütüphane kartınızın yenilenmesi için şubeye gelmeniz yeterli.,0
"Bu hafta toplantı iptal edildi, yeni tarih için bildirim yapılacak.",0
"Staj başvurunuz değerlendirmeye alındı, sonuç 2 hafta içinde bildirilecek.",0
"Ders programı güncellendi, yeni takvim öğrenci portalında yayınlandı.",0
Kayıt dondurma talebiniz işleme alındı.,0
"Teknik destek ekibimiz sorununuzu inceledi, çözüm uygulandı.",0
Maaş ödemeleriniz her ayın 15'inde hesabınıza yatırılmaktadır.,0
Yeni çalışan oryantasyon programı Pazartesi saat 09:00'da başlıyor.,0
"Acil: Hesabınız doğrulama gerektirir, yoksa 48 saat içinde kapatılacak. Şifrenizi ve TC kimlik numaranızı gönderin: http://hesap-dogrula.kimlik-ver.tk",1
"Sevgili üye, puan bakiyeniz dolmak üzere. 5000 puanınızı kullanmak için alışveriş yapın — KAMPANYA bu ay bitiyor!",0
Şirketimizin yıllık değerlendirme formu doldurulması için son tarih 30 Kasım.,0
"Elektrik faturanız kesildi, e-devlet üzerinden görüntüleyebilirsiniz.",0
"Sağlık sigortanızın yenileme zamanı geldi, aracınızı arayabilirsiniz.",0
Randevu hatırlatma: Diş hekimi randevunuz yarın saat 10:30'da.,0
"Alışveriş listeni hazırladım, yarın markete gidiyorum ihtiyaçların var mı?",0
"Toplantı notlarını gönderdim, gözden geçirir misin?",0
İnsan kaynakları departmanından duyuru: Şirket pikniği 5 Temmuz'da.,0
Ek ödenek talepleri için Mali İşler'e 10 Haziran'a kadar başvurunuzu iletiniz.,0
Vergi beyanname dönemine ilişkin hatırlatma: son gün 31 Mart.,0
Kütüphane ödünç aldığınız kitabın iade tarihi yaklaşıyor.,0
"Spor salonu üyeliğiniz bu ay sona eriyor, yenilemek ister misiniz?",0
Mezun derneği toplantısı için kayıt formunu doldurmayı unutmayın.,0
"Yarın erken çıkış yapacağım, işleri teslim edeyim mi?",0
"Projeye katkın için teşekkür ederim, harika bir iş çıkardın.",0
Öğle arasında kısa bir yürüyüş yapalım mı?,0
"Konferans katılım formunu doldurdum, onayını bekliyorum.",0
"Doğum günü partisi Cumartesi akşamı saat 19:00'da, gelecek misin?",0
"Hesabınıza giriş yapıldı, siz değilseniz şifrenizi hemen değiştirin: https://www.garantibbva.com.tr",0
"Sayın kullanıcı, e-posta kotanız dolmak üzere. Kotanızı artırmak için yöneticinizle görüşün.",0
Şirket araç rezervasyonu için havuz yönetimine başvurun.,0
IT departmanı: Şifre politikası gereği şifrenizi 90 günde bir değiştirmeniz gerekmektedir.,0
"Annem beni aramış ama telefona bakamadım, seni aradım mı bilmiyorum.",0
"Toplantı odasını 3 saatliğine ayırtmam lazım, sistem üzerinden yapabilir miyim?",0
"Etkinlik organizasyonu için teklif aldım, ekteki dosyada detaylar var.",0
"Çocuğumun okul gezisi için veli izin formunu imzaladım, okula teslim ettim.",0
Üniversite sınavına girecek öğrenciler için hazırlık semineri duyurusu.,0
KAMPANYA: Sadece bugün! Tüm ürünlerde %70 indirim. Tıklayın kazanın: http://super-indirim-bugün.urunler-ucuz.xyz,1
Öğrenci belgesi için e-devlet üzerinden başvurabilirsiniz.,0
"Yazlık ev kiralama ilanı: Bodrum'da 3+1 daire, Temmuz-Ağustos.",0
Toplantıda alınan kararlar ek dosyada. İnceleyip imzalamanızı istiyoruz.,0
"Yurt dışı seyahat sigortanız aktif, belgeyi e-posta ile ilettim.",0
Kritik güvenlik açığı! Sisteminiz hacklenmiş. Korunmak için hemen arayın veya tıklayın: http://guvenlik-acigi-kapat.siber-koruma.tk,1
Yazılım geliştirme sürecinde karşılaştığım sorunları belgeleyen raporu ekledim.,0
Çıkış mülakatı formunu doldurmanızı hatırlatırız.,0
Yeni ofis binasına taşınma tarihi 1 Eylül olarak belirlendi.,0
Tüm çalışanların iş sağlığı ve güvenliği eğitimine katılması zorunludur.,0
Hesabınızda oturum açıldı. Bu siz değilseniz: https://accounts.google.com/security,0
Siparişiniz hazırlandı ve kargoya verildi. Takip: UPS TR987654321,0
Aylık ekip değerlendirme toplantısı bu Perşembe saat 15:00.,0
"Tatil planı için öneriler topluyorum, fikirlerinizi paylaşın.",0
Şirket içi anket: Çalışan memnuniyeti anketi için linke tıklayın.,0
Fatura ödemeleri otomatik ödeme talimatına bağlandı.,0
Çekilişimizde para ödülü kazanmak istiyorsanız kart bilgilerinizi hemen girin: http://para-cekilisi-kazan.odulbet.com,1
"Personel el kitabı güncellendi, yeni versiyonu intranet'te bulabilirsiniz.",0
Bütçe planlaması toplantısı için hazırladığım sunumu paylaşıyorum.,0
"Müşteri şikayetleri raporunu hazırladım, inceleyebilirsiniz.",0
"Ofis temizlik şirketi değişiyor, yeni firma önümüzdeki hafta başlıyor.",0
Şifrenizi sıfırlamak için bu bağlantıya tıklayın (istemediyseniz dikkate almayın): https://www.kayit.com/sifre-sifirla,0
Ödemelerinizin takibi için muhasebe departmanıyla iletişime geçin.,0
"Kulüp toplantısı iptal edildi, yeni tarih duyurulacak.",0
"Stok güncellemesi: bazı ürünler tükenmek üzere, siparişlerinizi verin.",0
Acil! TC kimlik numaranız kötüye kullanılıyor. Koruma altına almak için: http://tc-kimlik-koru.doviz-tr.tk,1
"İş seyahati masraf formu doldurulması gerekiyor, son gün bu Cuma.",0
"Toplantı için gerekli belgeler ekte, lütfen önceden inceleyin.",0
Ekip yemeği organizasyonu için gönüllü alıyoruz.,0
Çalışma arkadaşlarımızdan birine veda yemeği düzenliyoruz.,0
Sizi 6 milyon TL ödül kazananlar arasına seçtik! Ödülünüzü almak için kimlik bilgilerinizi gönderin.,1
Havale onayınız bekleniyor. Bankacılık şifrenizi aşağıya girin: http://mobil-onay.banka-guvenli.xyz,1
Teslimat başarısız: Adresinizi doğrulamak için kargo ücretini ödeyin: http://teslimat-dogrula.kargo-tr.net,1
Yeni dönem burs başvuruları açıldı. Başvuru koşulları ve formu burs portalında.,0
"Haftalık haber bültenimiz yayınlandı, okumak için tıklayın.",0
Konferans kayıtları izleme linki paylaşıyorum.,0
Ekipman bakım ve onarım talepleri için destek hattını arayabilirsiniz.,0
Şirket aracı için yakıt kartı başvurusu yapabilirsiniz.,0
"Kıymetli müşterimiz, hesabınız silinecek. Korumak için: http://hesap-sil-engel.bankam-guven.com",1
Ücretli izin bakiyenizi İK portali üzerinden görebilirsiniz.,0
Bu ay yapılacak eğitimlerin listesi ekte yer almaktadır.,0
Çocuğunuzun karne notları öğrenci bilgi sisteminde yayınlandı.,0
"Merhaba, seni uzun zamandır göremedim. Nasılsın?",0
Araç muayene randevusu için trafik tescil müdürlüğünü arayabilirsiniz.,0
Acil mesaj: Şu anda 50.000 TL para transferi onay bekliyor. Onaylamak için şifrenizi girin: http://transfer-onay.guvenli-banka.xyz,1
"Aile toplantısı için tarih belirledik, seni de bekliyoruz.",0
Bu ay okul-aile birliği toplantısı var mı?,0
Ofisteki kırık sandalye için tamir talebi açıldı.,0
Yıllık performans değerlendirme formu doldurma dönemine girildi.,0
Tüm şirket çalışanlarına duyuru: idari izin tarihleri açıklandı.,0
"Çalışan yardım fonu başvuruları başladı, detaylar için İK'yı arayın.",0
Yeni güvenlik protokolü gereği tüm şifreler değiştirilmelidir. Resmi portal: https://portal.sirket.com.tr/sifre,0
Gelecek ay düzenlenecek workshop için kayıt yaptırmak ister misiniz?,0
Mağaza içi promosyonlar bu hafta sonu geçerlidir.,0
"Bu sabah trafikte mahsur kaldım, toplantıya geç kalacağım haber ver.",0
"Ekip olarak harika bir iş çıkardık, tebrikler herkese.",0
"Sunumun çok başarılıydı, müşteri çok memnun kaldı.",0
"Proje son teslim tarihi bu Cuma, hazır mısın?",0
"Yaz okulu kayıtları başladı, çocuklar için değerlendirin.",0
"Aylık teknik rapor ekte, inceleyebilirsiniz.",0
"Güvenlik kamerasının bakımı için teknisyen gelecek, bilginize.",0
Şirket içi kariyer fırsatları için ilan panosunu kontrol edin.,0
Kreş kayıt için belge listesi ekte verilmiştir.,0
"Hızlı ödül: Sadece telefon numaranızı gönderin, 1000 TL kazanın: http://hizli-odul-kazan.para-ver.com",1
Toplantı kararı: bütçe artışı onaylandı.,0
Bu dönem stajyer alımı başvuruları açık.,0
Çalışan of-the-month ödülü için aday önerin.,0
Kalite yönetim sistemi denetimi bu ay yapılacak.,0
Hedef belirleme çalışması için ekip liderleri bir araya geliyor.,0
Çok acil: Bilgisayarınız Bitcoin madencisi yazılımıyla enfekte oldu. Temizlemek için telefon: 0850 000 00 00,1
Maç biletleri için toplu sipariş verebilirsiniz.,0
"Ofis mutfağı bu Cuma temizleniyor, buzdolabınızdaki eşyaları alın.",0
"Sağlık taraması randevuları bu ay doluyor, yerinizi alın.",0
Anket sonuçlarına göre ofiste hibrit çalışma modeli devam edecek.,0
Sizi 2024 yılının en şanslı kullanıcısı seçtik! 100.000 TL ödülünüzü almak için kimlik bilgilerinizi gönderin.,1
"Yeni kafe menüsü yayınlandı, öğle aralarında ziyaret edebilirsiniz.",0
Ortak proje dökümanları SharePoint'e yüklendi.,0
"Kayıt silme talebiniz alındı, 30 gün içinde işleme alınacak.",0
Sosyal sorumluluk projesi gönüllüler arıyor.,0
"Kurumsal e-posta kotası artırıldı, bilginize.",0
Banka kartınız kötüye kullanıldı. Engel koymak için tıklayın: http://kart-engelle.bankaniz-guvenli.xyz,1
Ekibimize yeni katılan arkadaşımızı hoş geldin diyelim.,0
"Proje kick-off toplantısı için davetiye aldınız, lütfen onaylayın.",0
Bu haftaki webinar kaydını izlemek için linke tıklayın.,0
Emeklilik planı seçenekleri için İK'dan bilgi alabilirsiniz.,0
"Haftalık derlemeyi gönderdim, kontrol eder misin?",0
"Paketiniz teslim edildi, imzayı kapıda görevliye verdim.",0
Hesabınız risk altında! TC ve şifrenizi vererek güvenceye alın: http://hesap-guvenlik-merkezi.tc-dogrula.tk,1
Güncelleme: Sistem bakımı nedeniyle Cumartesi sabahı hizmetler 2 saat duracak.,0
Şirket aracı rezervasyonu için havuz yönetimine başvurun.,0
"Bu ay işe alım süreci devam ediyor, CV toplanıyor.",0
Enerji tasarrufu kampanyası kapsamında klimaları 24 derecede kullanın.,0
"Tebrikler, sertifika programını başarıyla tamamladınız.",0
Hücre telefonunuzda şüpheli uygulama tespit edildi. Kaldırmak için bu numarayı arayın: 0800 XXX XX XX,1
Tatil programınızı girmek için İK portali açık.,0
"Ekip olarak hedefe ulaştık, kutlama yemeği planlıyoruz.",0
"Müşteri memnuniyet anketi gönderildi, doldurmanızı rica ederiz.",0
Uzaktan çalışma ekipmanı talep formu güncellendi.,0
Şirket içi haberler bültenini okumak için intranete girin.,0
Ödülünüz hazır! Kredi kartı doğrulaması için: http://odul-dogrula.odeme-guvenligi.xyz,1
"Sayın kullanıcı, Migros Sanal Market hesabınızda şüpheli giriş tespit edildi. Hesabınızı güvence altına almak için şifrenizi sıfırlayın: http://migros-guvenlik.hesap-sifirla.tk",1
"Emekli maaşı ödemeleriniz durduruldu. SGK sisteminde güncelleme gerekiyor, bilgilerinizi doğrulayın: http://sgk-emekli-guncelle.devlet-tr.xyz",1
Araç tescil belgesi yenileme zorunluluğu: Plaka numaranız ve TC kimliğinizle şu adresten işlem yapın: http://egm-tescil-yenile.arac-bilgi.com,1
Yatırım fırsatı! Kripto para ile 1 haftada %300 kazanın. Şimdi kaydolun ve 500 TL ile başlayın: http://kripto-kazan.yatirim-tr.xyz,1
Borcunuz icra aşamasına geldi. Bugün ödeme yapmazsanız mal varlığınız haczedilecek. Ödeme için: http://icra-borc-ode.avukat-tr.com,1
"Sevgili çalışan, şirket hesabınız devre dışı bırakılacak. Erişiminizi korumak için kullanıcı adı ve şifrenizi doğrulayın: http://sirket-portal-dogrula.it-destek.xyz",1
E-devlet şifreniz sıfırlanmayı bekliyor. İşlemi tamamlamak için TC kimliğinizi ve anne kızlık soyadınızı girin: http://e-devlet-sifre.kimlik-dogrula.tk,1
Ücretsiz Covid-19 yardım ödemesi başladı. 2000 TL yardımı almak için banka hesabınızı kaydedin: http://covid-yardim-al.devlet-destek.xyz,1
Tinder premium hesabınız doğrulanmayı bekliyor. Profil doğrulama için tıklayın: http://tinder-profil-dogrula.premium-tr.com,1
Çalınan kimlik kartı uyarısı: TC kimlik numaranız sahte belge üretiminde kullanılıyor. Korumak için hemen başvurun: http://kimlik-koru-acil.guvenlik-merkezi.net,1
Havale onayı bekliyor: 75.000 TL transferi için mobil onayınız gerekiyor. Onaylamak için şifrenizi girin: http://havale-onayla.guvenli-transfer.tk,1
Elektrik aboneliğiniz iptal edilecek. Son ödemeyi gerçekleştirmek için tıklayın ve fatura bilgilerini güncelleyin: http://elektrik-fatura-ode.abone-guncelle.xyz,1
Polis Departmanı: Adınıza suç kaydı açıldı. İfade vermek için bu linke tıklayın ya da aşağıdaki numarayı arayın: http://polis-ifade-ver.emniyet-tr.tk,1
LinkedIn profiliniz doğrulanmayı bekliyor. Hesabınızı doğrulamak için kullanıcı adı ve şifrenizi girin: http://linkedin-dogrula.hesap-onayla.xyz,1
Milli Piyango çekilişinde biletiniz kazandı! 250.000 TL ödülünüzü almak için vergi bedelini yatırın: http://milli-piyango-kazandin.odul-al.com,1
Spotify Premium üyeliğinizin ödemesi başarısız. Hesabınızın kapatılmaması için kartınızı güncelleyin: http://spotify-odeme-guncelle.premium-billing.xyz,1
"Muhtarlıktan önemli duyuru: Nüfus cüzdanı yenileme zorunluluğu, bilgilerinizi bu sisteme kaydedin: http://nufus-yenile.muhtar-bildirim.tk",1
Yatırım danışmanınız önemli bir fırsat için sizi arıyor. Bilgilerinizi onaylayın ve 10.000 TL ile yatırıma başlayın: http://yatirim-firsati.danismanlik-tr.com,1
Kredi kartı borcunuz temerrüde düştü. Hukuki işlem başlamadan ödeme yapın: http://kredi-temerrut.hukuk-tahsilat.xyz,1
Ücretsiz tatil kazandınız! Antalya 5 yıldızlı otelde 3 gece konaklama. Yerinizi onaylamak için pasaport bilgilerinizi gönderin.,1
Google hesabınızda şüpheli etkinlik: Rusya'dan giriş denemesi tespit edildi. Hesabınızı korumak için: http://google-guvenlik-tr.hesap-dogrula.xyz,1
Banka kartınızın son kullanma tarihi geçti. Yeni kartınızı aktifleştirmek için kart bilgilerinizi güncelleyin: http://kart-aktiflestiir.yenilenmiş-kart.tk,1
İşsizlik maaşı başvurunuz onaylandı. Ödemeyi almak için banka hesap numaranızı sisteme kaydedin: http://isskur-odeme-al.destek-fonu.xyz,1
Özel teklif: Yalnızca bugün geçerli! Araba sigortanızı %80 indirimle yenileyin. Teklif almak için: http://sigorta-indirim-bugün.arac-koru.com,1
Hesabınız başka bir kişi tarafından kullanılıyor. Hemen şifrenizi değiştirin ve doğrulama yapın: http://hesap-sahiplen.guvenli-giris.tk,1
Öğrenci kredisi borcunuz silindi! Sıfırlama işlemini tamamlamak için bilgilerinizi girin: http://kredi-sil-devlet.ogrenci-borc.xyz,1
Gümrük müdürlüğünden bildirim: Yurt dışından gelen paketiniz için 312 TL gümrük vergisi ödemeniz gerekiyor: http://gumruk-vergi-ode.kargo-serbest.net,1
Tüm faturalarınızı tek bir yerden ödeyin! Yalnızca kart bilgilerinizi girerek kayıt olun: http://tum-fatura-ode.odeme-merkezi.xyz,1
Sizi seçtik! Yeni açılan mağazamızın tanıtım etkinliğinde 500 TL çek kazanabilirsiniz. Katılım için ad-soyad ve telefon numaranızı gönderin.,1
Randevu hatırlatma: Diş hekimi randevunuz bu Salı saat 11:00'da. Değişiklik için kliniği arayabilirsiniz.,0
"Geçen hafta aldığım siparişim geldi, ürün güzeldi teşekkürler.",0
Akşam yemeğinde ne pişirmemi önerirsin? Evdekiler balık istiyor.,0
"Yeni işimde ilk hafta bitti, ortam çok güzel ekip iyi insanlar.",0
"Araba bakıma gitti, yarın hazır olacak dedi oto servisi.",0
"Öğrenci belgemi aldım e-devletten, yarın okula götüreceğim.",0
"Bu hafta sonu pikniğe gidiyoruz, hava güzelse tabi.",0
"Fatura ödeme makbuzunu e-posta olarak aldım, arşivledim.",0
"Annem için doktor randevusu aldım, Perşembe sabahı hastaneye gidiyoruz.",0
"Siparişim kargoya verildi, takip numarası: GKN2024567891",0
"Hafta sonu düğün var, kıyafet almam lazım acele.",0
"Bütçe toplantısı ertelendi, yeni tarih duyurulacak.",0
Şirket içi spor turnuvası için başvuru formu açıldı.,0
"Bu ay elektrik faturası biraz yüksek geldi, tasarrufa dikkat edelim.",0
"Kitap kulübü toplantısı Çarşamba akşamı, katılacak mısın?",0
"Kira sözleşmesi yenileme zamanı geldi, ev sahibiyle görüşmem lazım.",0
"Kooperatif aidatı ödendi, dekont ekte.",0
Okul aile toplantısı için bugün öğleden sonra okulda olacağım.,0
"Tatil rezervasyonunu tamamladım, biletler e-postama geldi.",0
"Vergi levhası yenileme başvurusu yapıldı, onay bekleniyor.",0
"İş başvurum olumlu sonuçlandı, Pazartesi işe başlıyorum.",0
"Burs ödemesi hesabıma yattı, teşekkürler.",0
"Sınav sonuçları açıklandı, başarıyla geçtim.",0
"Ofiste doğum günü kutlaması var, kek getiriyorum.",0
"Taşınma işlemi tamamlandı, yeni adresim ekte.",0
"Eski bilgisayarımı tamir ettirdim, sorun giderildi.",0
Asistan pozisyonu için başvurularınızı İK'ya iletebilirsiniz.,0
"Pazar günü aile yemeği var, gelecek misiniz?",0
"Yıllık sağlık taraması randevuları açıldı, alın lütfen.",0
"Şirket otobüsü güzergahı değişti, yeni takvim ekte.",0
"Konferansta sunumun çok beğenildi, tebrikler.",0
"Kreş müdürü yarın görüşme istiyor, saati onaylayabilir misiniz?",0
"Müşteri ziyareti için sunum hazırlandı, inceleyebilirsiniz.",0
"Yazlık ev bu yıl boş, gelmek ister misiniz?",0
"Pratik sınav tarihleri belirlendi, takvim öğrenci panelinde.",0
Gıda bankası bağışı toplama kampanyamız başladı.,0
"Şirket araç sigortası yenilendi, poliçe ekte.",0
"Organizasyon şeması güncellendi, intranet'te yayınlandı.",0
Hediye çeki kampanyamıza katılmak için mağazamızı ziyaret edin.,0
Mahalledeki yol çalışması bu Cuma tamamlanacak.,0
"Çocuğum bu yıl okuma yazmayı öğrendi, çok mutluyum.",0
Yurt dışı iş seyahatim için vize onayı geldi.,0
"Şirket web sitesi güncellendi, yeni tasarım yayında.",0
"Aylık özet raporunu paylaşıyorum, inceleyebilirsiniz.",0
"Personel toplantısı sonuçları özetlendi, ekte bulabilirsiniz.",0
"Bu ay maaş artışı onaylandı, Ocak ayından geçerli.",0
"Yemek kartı bakiyeniz dolmak üzere, yükleme yapabilirsiniz.",0
Çevre temizleme kampanyasına katılım formunu doldurabilirsiniz.,0
"Şikayet formunuz alındı, müşteri hizmetleri dönecek.",0
Çocuklar için yaz kampı kayıtları başladı.,0
"Güvenlik açığı tespit ettik, lütfen şifrenizi hemen değiştirin: https://myaccount.google.com/security",0
"Mobil uygulamamız güncellendi, yeni özellikler için App Store'u ziyaret edin.",0
Şirket politikası gereği yılda bir kez e-imza yenilenmesi gerekmektedir.,0
Bölge müdürü ziyareti için toplantı odası ayırtıldı.,0
Hemşire arkadaşım bu hafta dönüşümlü gece nöbeti tutuyor.,0
Yurt kayıtları için gerekli belgeler üniversite sitesinde belirtilmiş.,0
"Pazar günü mahalle muhtarıyla görüşme var, katılacak mısın?",0
"Süpermarkette bugün et kampanyası varmış, gideyim mi?",0
"Toplantı notları hazır, mail atıyorum şimdi.",0
"Şirkette yeni bir CRM sistemi devreye girecek, eğitim verilecek.",0
"Öğle arasında bankaya gitmem lazım, beraberinde gitmek ister misin?",0
"Çalışma grubumuz finale kaldı, heyecanlıyız.",0
Yarın teslim tarihi olan dosyayı bugün bitiririm.,0
"Anlaşma imzalandı, proje resmi olarak başladı.",0
"Apartman toplantısı bu akşam saat 20:00'da, katılım bekleniyor.",0
"Acil durum tatbikatı yapılacak, katılım zorunlu.",0
"Doğum günün kutlu olsun, akşam sürpriz var!",0
"Kitapçıda imza günü var, yazar da geliyor.",0
İş çıkışı spor salonuna gidiyor musun?,0
Pazarlama ekibi için yeni bütçe onaylandı.,0
"Güvenlik kamerası sistemi güncellendi, test ediliyor.",0
Ahmet'in veda yemeği için organizasyon yapılıyor.,0
"Bu hafta beyaz eşya fuarı var, ilgileniyor musun?",0
"Proje iş planı onaylandı, uygulama başlıyor.",0
Müdür yardımcısı pozisyonu için duyuru yayınlandı.,0
"E-fatura aboneliğim aktif, bundan sonra faturalar e-postaya gelecek.",0
Emekli sandığı bilgilendirme toplantısı düzenlenecek.,0
Çocuğun derslerini düzenli yapıyor mu?,0
Tesis bakım çalışmaları Cumartesi yapılacak.,0
Kurum içi yetenek yarışması başvuruları açıldı.,0
"Personel servisinin saati değişti, bilginize.",0
Yeni çalışma saatleri düzenlemesi Pazartesi başlıyor.,0
Kreş servisi güzergahı bu hafta değişiyor.,0
Okul fotoğrafı çekimi bu Perşembe.,0
"Maaş bordronuz hazır, sisteme giriş yapabilirsiniz.",0
Sigorta primleri bu ay yatırıldı.,0
"Ek ödenek talebi onaylandı, hesabınıza yatırılacak.",0
Yönetim kurulu kararları resmi gazetede yayınlandı.,0
"Güvenlik eğitimi sertifikanız hazır, teslim alabilirsiniz.",0
"Hediye paketi servisi başladı, siparişlerinizi verebilirsiniz.",0
Dijital dönüşüm projesi ilk fazını tamamladı.,0
"Yeni personel el kitabı çıktı, intranet'ten indirilebilir.",0
Çocukların okul servis ücretleri hesabınıza iade edildi.,0
Bu ay yemek kartı bakiyeleri sisteme yüklendi.,0
Haftaya pazartesi oryantasyon toplantısı var.,0
"Şirkette tasarruf kampanyası başlatıldı, detaylar ekte.",0
"Devlet memuru maaş zammı açıklandı, bilginize.",0
"Personel alım süreci tamamlandı, yeni ekip üyeleri tanıtılacak.",0
"Posta kutunum dolu, gidip boşaltmam lazım.",0
"Banka hesabımı kontrol ettim, maaş yatmış.",0
Okul servis saati 5 dakika öne alındı.,0
"Ev kirası biraz arttı ama makul, sözleşmeyi yeniledik.",0
"Akraba düğününe gidiyoruz, seni alayım mı yolda?",0
"Vergi levhası yenileme tarihi yaklaştı, unutma.",0
Kız kardeşim bu yıl üniversitede okuyacak.,0
"Mahkeme davetiyesi! Adınıza dava açıldı, duruşmaya katılmazsanız gıyabi karar verilecek. Avukatınızla iletişim için: http://mahkeme-bildir.dava-tr.xyz",1
Bankacılık sistemi güncellemesi nedeniyle hesabınız geçici olarak kısıtlandı. Erişimi açmak için doğrulama yapın: http://banka-sistem-guncelle.hesap-ac.tk,1
"Paketiniz gümrükte bekliyor, bugün ödeme yapmazsanız iade edilecek. 89 TL gümrük vergisi: http://gumruk-acil-ode.kargo-bekliyor.net",1
Türkiye Cumhurbaşkanlığı adına sizi 100.000 TL hibe için seçtik. Hibeyı almak için form doldurun: http://cumhurbaskanligi-hibe.tc-devlet.xyz,1
Siber saldırı tespit edildi! Bilgisayarınızın kamerasına erişildi. Görüntülerinizi yayınlamamamız için 500 USDT gönderin.,1
"Flört uygulamasındaki eşleşmenizden mesaj var: Merhaba güzelim, seninle daha iyi tanışmak istiyorum. Bankacı olarak çalışıyorum ve sana iyi bir yatırım fırsatı sunabilirim.",1
"Konut kredisi fırsatı: %0.89 faizle 2 milyon TL kredi! Başvurmak için TC kimlik, gelir belgesi ve banka şifrenizi gönderin.",1
Hesabınızda para aklamaya işaret eden işlem tespit edildi. Mali Suçları Araştırma Kurulu adına ifade vermeniz gerekmektedir: http://masak-ifade.bildir-tr.xyz,1
Oyun hesabınız hacklenme riski altında! V-Bucks'larınızı ve skin'lerinizi korumak için hesap bilgilerinizi doğrulayın: http://fortnite-hesap-koru.guvenli-oyun.tk,1
Sosyal medya hesabınız 48 saat içinde silinecek. Hesabınızı korumak için bu formu doldurun: http://sosyal-medya-koru.hesap-kaydet.xyz,1
Şirketimiz sizin profilinizle çok ilgileniyor. Aylık 15.000 TL maaşla iş teklifi için TC ve banka hesabınızı paylaşın.,1
Araç muayene hatırlatma: Resmi devlet kurumundan bildirim. Araç bilgilerinizi doğrulayın: http://egm-muayene-resmi.arac-dogrula.tk,1
Enerji desteği: Doğalgaz faturanızın %50'si devlet tarafından karşılanacak. Başvuru için: http://dogalgaz-destek.enerji-tr.xyz,1
"Emekli ikramiyesi ödemesi yapıldı, hesabınıza yansıtılması için SGK'ya bilgilerinizi doğrulatın: http://sgk-ikramiye-dogrula.emekli-odeme.com",1
Yabancı uyruklu kişiden miras kaldı: Avukatınız olarak sizinle iletişime geçiyorum. 5.000.000 USD mirası aktarmak için banka bilgilerinizi paylaşın.,1
Şüpheli bağlantı! Bu bağlantıyı açmadan önce doğrulama yapın: http://guvenlik-test.url-kontrol.xyz — Açarsanız bilgisayarınız risk altına girer.,1
"Kızım okula başladı, adaptasyonu iyi gidiyor.",0
"Bu sabah trafik çok kötüydü, yarım saat geç kaldım.",0
"Balkon çiçeklerini suladım, çok güzel açıyorlar.",0
"Kitabı bitirdim, çok güzeldi. Sana da tavsiye ederim.",0
"Bu hafta sonu pikniğe gidiyoruz, sen de gel.",0
"Çocukların sınav haftası, biraz stresli.",0
"Komşumuz yeni taşındı, iyi insanlar gibi görünüyor.",0
"Bugün erken çıkış yapabiliyor musun, sinemaya gidelim.",0
"Kışlık kıyafetleri çıkardım, dolap düzeni yaptım.",0
"Bu yıl tatile gidemeyiz galiba, birikimimiz yetmedi.",0
"Araba muayenesi gelecek ay, hatırlattım sana.",0
"Şehir dışından gelen misafirlerimiz var, bu akşam yoğunuz.",0
"İzin günlerim kaldı, yıl sonuna kadar kullanmam lazım.",0
"Okulun kafeteryasındaki yemekler değişti, çok daha iyi oldu.",0
"Sayın ekip, bu haftaki haftalık değerlendirme toplantımız Çarşamba günü saat 10:00'da Toplantı Odası B'de gerçekleşecektir. Gündem: Q3 hedefleri, bütçe güncellemesi ve yeni proje atamaları. Katılımınızı bekliyoruz.",0
"Merhaba, yarınki müşteri sunumu için hazırlık toplantısı bugün saat 15:30'da yapılacaktır. Sunum taslağını önceden incelemenizi rica ederiz. Toplantı linki: meet.google.com/xyz-abc",0
"Tüm departman yöneticileri bilgilendirme toplantısı 14 Kasım Pazartesi saat 09:00'da Konferans Salonu'nda yapılacaktır. Katılım zorunludur, lütfen takvimlerinize ekleyin.",0
"Değerli ekip arkadaşları, aylık operasyon toplantımız bu ay 22 Kasım'a ertelenmiştir. Yeni toplantı daveti takvimlerinize gönderilmiştir.",0
Yönetim Kurulu Toplantısı 5 Aralık tarihinde gerçekleşecektir. Gündem maddeleri için önerilerinizi 30 Kasım'a kadar sekreterliğe iletiniz.,0
Proje Alfa ekibi sprint değerlendirme toplantısı her Cuma 14:00'te yapılmaktadır. Bu haftaki toplantıda son teslimatlar değerlendirilecektir.,0
"Sayın çalışanlarımız, 2025 yılı izin planlaması için İnsan Kaynakları departmanına en geç 15 Aralık tarihine kadar tercihlerinizi bildirmenizi rica ederiz.",0
İnsan Kaynakları Duyurusu: Bu yıl performans değerlendirme görüşmeleri 1-15 Aralık tarihleri arasında yapılacaktır. Yöneticiniz sizinle randevu ayarlayacaktır.,0
Tüm personelimize duyurulur: Yeni işe başlayan çalışanlar için oryantasyon programı her ayın ilk Pazartesi günü saat 09:00'da İK toplantı odasında düzenlenmektedir.,0
"Sayın çalışan, yıllık bireysel gelişim planınızı oluşturmanız için sistem 1 Ocak'ta açılacaktır. Planınızı 31 Ocak'a kadar sisteme girmeniz gerekmektedir.",0
İK Duyurusu: Esnek çalışma saati uygulaması 1 Ocak itibarıyla tüm departmanlar için geçerli olacaktır. Detaylı bilgi için İK politika dökümanını intranet'ten inceleyebilirsiniz.,0
Çalışan memnuniyeti anketi bu hafta e-posta ile gönderilecektir. Yanıtlarınız gizli tutulacak olup sonuçlar işyeri koşullarını iyileştirme amacıyla kullanılacaktır.,0
"Sayın öğrenciler, 2024-2025 güz dönemi kayıt yenileme işlemleri 1-10 Eylül tarihleri arasında öğrenci bilgi sistemi üzerinden gerçekleştirilecektir.",0
Üniversitemiz 100. yıl kutlamaları kapsamında düzenlenecek bilim ve teknoloji şenliği için proje başvuruları başlamıştır. Son başvuru tarihi: 30 Kasım.,0
"Değerli öğrencilerimiz, dönem sonu sınav takvimi ilan edilmiştir. Ayrıntılar için üniversite web sitesini ve öğrenci bilgi sistemini takip ediniz.",0
Burs başvuruları için gerekli belgeler ve koşullar burs ofisi tarafından güncellenmiştir. Başvuruların 15 Ekim'e kadar tamamlanması gerekmektedir.,0
Öğrenci Konseyi Duyurusu: Bahar dönemi kulüp etkinlik takvimi yayınlanmıştır. Etkinliklere katılım ve gönüllülük için öğrenci portalına giriş yapabilirsiniz.,0
"Değerli öğrencilerimiz, Erasmus+ öğrenci değişim programı başvuruları Şubat ayında başlayacaktır. Bilgilendirme toplantısı 10 Ocak'ta yapılacaktır.",0
"Bilgisayar Mühendisliği bölümü öğrencilerine duyuru: Staj yerleştirme listesi ilan edilmiştir, danışmanınızla görüşerek başvurunuzu tamamlayınız.",0
Pazartesi günü Veri Yapıları ve Algoritmalar dersi saat 11:00'dan 13:00'e alınmıştır. Değişiklik öğrenci bilgi sistemine yansıtılmıştır.,0
Duyuru: Bu hafta Matematik dersini veren Dr. Ahmet Yılmaz'ın dersleri öğretim üyesinin izni nedeniyle iptal edilmiştir. Telafi dersleri sonradan duyurulacaktır.,0
Bahar dönemi ders programı onaylanmıştır. Güncel programa öğrenci bilgi sisteminden ulaşabilirsiniz. Çakışan ders seçimlerinizi 10 Şubat'a kadar güncellemeniz gerekmektedir.,0
"Yönetim Bilişim Sistemleri dersi bu hafta yüz yüze değil, çevrimiçi yapılacaktır. Zoom linki: zoom.us/j/123456789 — Saat: 14:00.",0
Uygulamalı İngilizce dersi bu Perşembe dil laboratuvarına taşınmıştır. Yerleşim planı için bölüm sekreterliğini arayabilirsiniz.,0
Öğrenciler dikkat: Dönem sonu proje teslim tarihi 20 Aralık'tan 27 Aralık'a uzatılmıştır. Projelerin sisteme yüklenmesi gerekmektedir.,0
"Sayın kullanıcı, açmış olduğunuz destek talebiniz (#TKT-20241105-0823) incelenmiş ve aşağıdaki çözüm uygulanmıştır: VPN bağlantı sorununuz sunucu yapılandırması güncellenerek giderilmiştir.",0
Bilgi İşlem Birimi: Bildirdiğiniz yazıcı sorunu çözüme kavuşturulmuştur. Yazıcıya erişiminizin sağlandığını doğrulamak için lütfen tekrar deneyiniz.,0
Destek talebiniz alınmıştır. Talep numaranız: #IT-4521. Ekibimiz en geç 4 iş saati içinde size geri dönecektir.,0
E-posta erişim sorununuz sistem yöneticisi tarafından giderilmiştir. Şifrenizi sıfırlamak için IT servis masasını arayabilirsiniz: dahili 1234.,0
Kullandığınız muhasebe yazılımında tespit ettiğiniz hata geliştiricilere iletilmiştir. Bir sonraki güncellemeyle birlikte düzeltilecektir. Beklenmedik davranışlarla karşılaşırsanız bizi bilgilendirin.,0
Sistem bakımı tamamlanmıştır. İntranet ve kurumsal e-posta servisleri yeniden aktif durumdadır. Sorun yaşamanız halinde IT destek hattını arayabilirsiniz.,0
"Sayın müşterimiz, 15 Kasım 2024 tarihli siparişiniz (#SP-789456) kargoya teslim edilmiştir. Teslimat için lütfen kapıda bulununuz.",0
Siparişiniz (#OR-2024-54321) hazırlanmış ve bugün saat 14:30 itibarıyla dağıtım merkezinden ayrılmıştır. Tahmini teslim süresi 1-2 iş günüdür.,0
"Merhaba, e-ticaret sitenizden verdiğiniz sipariş onaylanmış olup kargoya verilmiştir. Sipariş özeti: Ürün adı - Mavi Spor Ayakkabı, Adet: 1, Tutar: 899 TL.",0
Siparişiniz teslim alınmıştır. Değerlendirmenizi beklemekteyiz. Ürün veya teslimatla ilgili memnuniyetsizlik durumunda 14 gün içinde iade talebinde bulunabilirsiniz.,0
Sipariş No: 2024-98765. Ürününüz bu gün saat 10:45'te ilgili kargo şubesine bırakılmıştır. Şube adresi ve çalışma saatleri için kargo şirketi web sitesini ziyaret edebilirsiniz.,0
Paketiniz 16.11.2024 tarihinde saat 09:23'te komşunuz Ayşe Hanım'a teslim edilmiştir. Teslimatla ilgili sorun varsa müşteri hizmetlerini arayabilirsiniz.,0
Kargo takip bilgileri: Gönderi No TRK20241115001 — Durum: Dağıtım aracına yüklendi. Tahmini teslim: Bugün saat 12:00-18:00 arası.,0
Paketiniz İstanbul Anadolu dağıtım merkezine ulaşmıştır. Yarın teslimat yapılacaktır. Teslimat saati için sabah SMS bilgilendirmesi alacaksınız.,0
Gönderiniz gümrük işlemlerini tamamlamış olup yurt içi kargo ağına aktarılmıştır. Tahmini teslim süresi 2-3 iş günüdür.,0
Kargo bildirimi: Paketiniz bugün 3. teslimat denemesinde teslim edilememiştir. Paketi teslim almak için kargo şubesini ziyaret ediniz veya yetki belgesi ile başka bir kişiyi görevlendirebilirsiniz.,0
"Sayın misafirimiz, Antalya otelimizde 22-25 Kasım tarihleri için rezervasyonunuz onaylanmıştır. Rezervasyon numaranız: HTL-20241122-4521. Check-in saati 14:00, check-out 12:00'dir.",0
"Uçuş rezervasyonunuz onaylanmıştır. İstanbul-Ankara TK182 seferi, 18 Kasım 2024, Kalkış: 08:30. E-bilet ektedir, havalimanında görevlilere ibraz ediniz.",0
"Diş Kliniği randevu onayı: Sayın Mehmet Bey, 19 Kasım Salı saat 15:00 için randevunuz oluşturulmuştur. Değişiklik için lütfen en az 24 saat öncesinden haber veriniz.",0
"Araç kiralama rezervasyonunuz alınmıştır. Teslim tarihi: 20 Kasım, Teslim yeri: Atatürk Havalimanı. Araç sınıfı: Ekonomi. Sözleşme detayları ektedir.",0
"Konferans kayıt onayınız tamamlanmıştır. 25. Ulusal Bilgisayar Sempozyumu — 5-7 Aralık 2024, Ankara. Katılımcı rozeti etkinlik girişinde teslim edilecektir.",0
"Yemek Rezervasyonu Onayı: Levant Restoran — 21 Kasım, Saat 20:00, 4 kişilik masa. Özel gün notu: Doğum günü. İptal için en az 2 saat öncesinde arayınız.",0
"Elektrik faturanız kesilmiştir. Dönem: Ekim 2024, Tutar: 487,50 TL, Son ödeme tarihi: 20 Kasım 2024. E-devlet veya banka üzerinden ödeme yapabilirsiniz.",0
"Doğalgaz faturanız hazırlanmıştır. Tüketim: 45 m³, Tutar: 312,00 TL. Fatura detayı ekte yer almaktadır. Otomatik ödeme talimatınız 15 Kasım'da işleme alınacaktır.",0
"İnternet ve telefon paket faturanız: 299,90 TL, Fatura tarihi: 1 Kasım 2024. Faturanızı e-devlet veya şirketin mobil uygulaması üzerinden görüntüleyebilirsiniz.",0
"Kredi kartı ekstreniz hazırlanmıştır. Dönem sonu tarihi: 31 Ekim, Minimum ödeme: 450 TL, Son ödeme tarihi: 20 Kasım. Ekstre detayı internet bankacılığında mevcuttur.",0
"Su faturanız kesilmiştir. Tüketim: 8 m³, Tutar: 145,20 TL. Ödeme için e-devlet, banka uygulaması veya PTT şubelerini kullanabilirsiniz.",0
"Kurumsal telefon fatura bildirimi: Kasım 2024 dönemi toplam tutar 1.240,00 TL. Departman bazlı dağılım tablosu ekte yer almaktadır.",0
"Sayın müşterimiz, ilettiğiniz şikayetiniz (#SKT-8821) incelemeye alınmıştır. Ekibimiz en geç 3 iş günü içinde size geri dönecektir.",0
Ürün iade talebiniz onaylanmıştır. İade kargo kodunuz: MNG2024RT-456. Ürünü kargo şubesine bıraktığınızda ödemeniz 3-5 iş günü içinde hesabınıza iade edilecektir.,0
Teknik destek talebiniz (#TDK-2024-1105) çözüme kavuşturulmuştur. Sorununuzun giderilip giderilmediğini belirtmek için lütfen bu e-postaya yanıt veriniz.,0
"Müşteri Hizmetleri: Talep ettiğiniz fatura itirazı incelenmiş olup hesabınıza 89,50 TL iade gerçekleştirilecektir. İşlem 5 iş günü içinde tamamlanacaktır.",0
Abonelik iptal talebiniz alınmıştır. İşlem tamamlandığında tarafınıza bilgilendirme yapılacaktır. Hizmetiniz dönem sonuna kadar aktif kalmaya devam edecektir.,0
Değerlendirmeniz için teşekkür ederiz. Ürünümüze verdiğiniz 4 yıldız değerlendirmesi kayıt altına alınmıştır. Görüşleriniz hizmet kalitemizi artırmamıza yardımcı olmaktadır.,0
Satın alma müdürlerine duyuru: Tedarikçi değerlendirme eğitimi 28 Kasım Perşembe saat 10:00-16:00 saatleri arasında 3 no'lu toplantı odasında gerçekleşecektir.,0
"Tüm yeni çalışanlara bilgi güvenliği farkındalık eğitimi verilecektir. Eğitim tarihi: 25 Kasım, Saat: 13:00-15:00. Katılım zorunludur.",0
Mesleki gelişim eğitimi duyurusu: İleri Excel ve Veri Analizi eğitimi 3-4 Aralık tarihlerinde çevrimiçi olarak verilecektir. Kayıt için İK portalını kullanabilirsiniz.,0
"Yangın tahliye tatbikatı 22 Kasım Cuma günü saat 14:00'te yapılacaktır. Tüm personelin katılımı zorunludur, o saatte binanın tamamı boşaltılacaktır.",0
Liderlik gelişim programı katılımcıları için hatırlatma: Bir sonraki modül 30 Kasım'da başlıyor. Ön okuma materyalleri öğrenme yönetim sistemine yüklenmiştir.,0
İş güvenliği eğitimi sertifikası yenileme dönemi yaklaşmaktadır. 15 Aralık'a kadar ilgili eğitimi tamamlamayanların sertifikaları geçersiz sayılacaktır.,0
Proje güncelleme raporu — Kasım 2024: Altyapı geçiş projesi %72 tamamlanmıştır. Bu ayki kilometre taşları başarıyla karşılanmış olup Aralık teslimatları planlandığı gibi ilerlemektedir.,0
"Proje toplantısı özeti: Test fazı tamamlandı, üretim ortamına geçiş 1 Aralık'ta başlayacak. Açık maddeler takip tablosuna eklenmiştir, lütfen gözden geçiriniz.",0
"Proje Alfa — Haftalık durum raporu: Bu hafta 3 kullanıcı hikayesi tamamlandı. Sprint hızı: 34 puan. Bir engel tespit edildi, çözüm için ekip lideriyle görüşülmektedir.",0
"Değerli paydaşlar, bütçe revizyonu onaylanmış ve güncel proje planı ekteki tabloda paylaşılmıştır. Sorularınız için proje yöneticisiyle iletişime geçebilirsiniz.",0
Müşteri teslim takvimi güncellenmiştir: Faz-1 teslim tarihi 15 Aralık'tan 22 Aralık'a ertelenmiştir. Müşteri bilgilendirilmiş ve onay alınmıştır.,0
Ürün yol haritası güncellemesi: Mobil uygulama Ocak yerine Şubat 2025'te piyasaya sürülecektir. Gerekçe ve yeni takvim ekteki sunumda yer almaktadır.,0
Tüm çalışanlarımıza duyurulur: Ofis köprü tatilinde 29 Ekim-1 Kasım tarihleri arasında kapalı olacaktır. Acil durumlarda nöbet hattını arayabilirsiniz.,0
İlgili birim yöneticilerine: Aylık faaliyet raporlarının her ayın son iş günü mesai bitimine kadar Strateji Birimine iletilmesi gerekmektedir.,0
Şirket içi uygulama güncellemesi: Kurumsal portal yeni özelliklerle güncellendi. Değişikliklere ilişkin rehber ektedir. Sorunlarınız için BT destek masasına başvurabilirsiniz.,0
"Sayın Genel Müdürüm, hazırlamış olduğum 2025 yılı bütçe taslağını onayınıza sunuyorum. Revizyona ihtiyaç duyulan konuları belirtmenizi rica ederim.",0
"İlgili departman yöneticisi, çalışanımız Ayşe Hanım'ın 10-14 Kasım tarihleri için yıllık izin talebi onaylanmıştır. Görevlerin devri için gerekli düzenlemeyi yapmanızı rica ederim.",0
Toplantı notu iletisi: Dün gerçekleştirilen bütçe planlama toplantısında alınan kararlar ve aksiyon maddeleri ekteki belgede özetlenmiştir.,0
Tedarikçi firma ile imzalanan hizmet sözleşmesi ektedir. Sözleşme 1 Ocak 2025 tarihinde yürürlüğe girecek olup ilgili departmanların bilgisine sunulur.,0
"Değerli meslektaşlarım, kariyer fırsatları kapsamında açılan Kıdemli Analist pozisyonu için başvurmak isteyen çalışanlar İK departmanıyla iletişime geçebilir.",0
e-Devlet Kapısı Güvenlik Bildirimi: Hesabınıza tanımadık bir cihazdan giriş yapıldı. Erişimi kısıtlamak için kimliğinizi doğrulayın: http://e-devlet-giris.kimlik-dogrula.xyz,1
T.C. e-Devlet Kapısı: Vergi borcunuz bulunmaktadır. Borcunuzu ödemek için TC kimlik numaranızı ve şifrenizi girerek işlem yapın: http://edevlet-vergi-sorgula.net/odeme,1
e-Devlet sisteminize yetkisiz giriş tespit edildi. Hesabınızı korumak için 6 saati içinde doğrulama yapın: http://tc-edevlet-guvenlik.devlet-tr.xyz/verify,1
Türkiye Cumhuriyeti e-Devlet Kapısı: SGK prim borcunuz bulunmaktadır. Ödeme yapılmaması halinde maaşınıza haciz uygulanacaktır: http://sgk-borc-ode.edevlet-sistem.tk,1
e-Devlet Bildirim: Adresinize tescil edilmemiş araç tespit edildi. Cezai işlem başlatılmadan önce bilgilerinizi güncelleyin: http://egm-arac-tescil.edevlet-sorgu.com,1
Devlet yardım ödemesi hesabınıza yatırılacak. IBAN doğrulaması için TC kimlik ve banka bilgilerinizi girin: http://devlet-yardim-iban.sosyal-destek.xyz,1
e-Devlet şifreniz 72 saat içinde geçersiz olacak. Şifrenizi yenilemek için tıklayın ve kimliğinizi doğrulayın: http://edevlet-sifre-yenile.kimlik-tr.net,1
Türkiye Cumhuriyeti Hazine ve Maliye Bakanlığı: 4.230 TL vergi iadesi hesabınıza aktarılacak. IBAN bilgilerinizi doğrulayın: http://maliye-iade.hazine-odeme.xyz,1
ÖSYM Başkanlığı Bildirimi: YKS sınav ücret iadeniz onaylandı. İadenizi almak için banka hesap numaranızı sisteme girin: http://osym-iade-al.sinav-sistem.tk,1
Acil: YKS sonuçlarınız iptal edildi. İtiraz hakkınızı kullanmak için TC kimlik numaranızı ve sınav şifrenizi girin: http://osym-itiraz.sinav-sorgula.xyz,1
ÖSYM: Sınav merkezi değişikliği yapılmıştır. Yeni sınav yerinizi öğrenmek için bilgilerinizi doğrulayın: http://osym-merkez-degisiklik.kayit-tr.net,1
YKS Sınav Sonucu Bildirimi: Puanınız güncellendi ve yerleştirme listeniz değişti. Güncel sonuçları görmek için giriş yapın: http://yks-sonuc-guncelle.osym-tr.xyz,1
ÖSYM Acil Duyuru: Sınav kaydınızda eksik bilgi tespit edildi. 24 saat içinde tamamlamazsanız kaydınız silinecek: http://osym-kayit-tamamla.sinav-bilgi.tk,1
Bursa Büyükşehir Belediyesi: Araçınıza ait 2 adet ödenmemiş trafik cezası bulunmaktadır. Bugün ödeme yapmazsanız faiz uygulanacaktır: http://belediye-ceza-sor.bursa-odeme.xyz,1
İstanbul Büyükşehir Belediyesi Su ve Kanalizasyon İdaresi: 3 aylık ödenmemiş su faturanız nedeniyle aboneliğiniz kesilecektir. Ödeme: http://iski-borc-ode.istanbul-su.tk,1
Ankara Büyükşehir Belediyesi: Park ceza bedeliniz 2 katına çıkmadan önce ödeme yapın. TC kimlik ve plaka ile sorgulayın: http://ankara-belediye-ceza.plaka-sorgu.net,1
İzmir Büyükşehir Belediyesi Emlak Vergisi Bildirimi: 2023 yılı emlak verginiz ödenmemiştir. Gecikme faizi uygulanmadan ödeme yapın: http://izmir-emlak-vergi.belediye-ode.xyz,1
Adalar Belediyesi: Mülkünüze ait çevre temizlik vergisi borcunuz bulunmaktadır. İtiraz veya ödeme için: http://adalar-bel.cevre-borc-sorgula.tk,1
Yurtiçi Kargo: Gönderiniz gümrükte bekliyor. 78 TL gümrük harcı yatırılmadan paket serbest bırakılmayacaktır: http://yurtici-gumruk-ode.kargo-serbest.tk,1
MNG Kargo Bildirim: Paketiniz hasar görmüştür. Tazminat başvurusu için kişisel bilgilerinizi ve IBAN'ınızı girin: http://mng-hasar-tazminat.kargo-tr.net,1
Aras Kargo: Teslimat adresiniz sistemde kayıtlı değil. 3.50 TL adres güncelleme ücreti ödeyerek teslimatı tamamlayın: http://aras-adres-guncelle.kargo-odeme.xyz,1
DHL Express Türkiye: Yurt dışından gelen paketiniz için 142 TL gümrük beyannamesi işlem ücreti gerekmektedir: http://dhl-gumruk-beyan.express-tr.tk,1
Garanti BBVA Güvenlik: Kartınızla 4.750 TL tutarında şüpheli işlem gerçekleştirildi. İşlemi iptal etmek için hemen doğrulayın: http://garantibbva-iptal.guvenlik-tr.xyz,1
Yapı Kredi Bankası: İnternet şubenize Ukrayna'dan giriş denemesi tespit edildi. Hesabınızı kilitleyin: http://yapikredi-giris-engelle.hesap-koru.tk,1
Ziraat Bankası Güvenlik Merkezi: Hesabınızda 11.200 TL limit aşımı tespit edildi. Onaylamak için mobil uygulamanızla doğrulama yapın: http://ziraat-mobil-onay.guvenli-banka.net,1
Akbank: Hesabınıza eklenmek istenen yeni cihaz tespit edildi. Siz değilseniz erişimi engelleyin: http://akbank-cihaz-engelle.guvenlik-merkezi.xyz,1
İş Bankası Bildirim: Hesabınızdan yurt dışına 8.500 TL transfer yapılmak üzere. Onaylıyor musunuz? Reddetmek için: http://isbank-transfer-reddet.guvenli-islem.tk,1
QNB Finansbank: Kredi kartı limitiniz aşıldı. Kartınızı aktif tutmak için kimlik doğrulaması yapın: http://qnbfinans-kart-dogrula.limit-guncelle.net,1
Vakıfbank Güvenlik: Şüpheli giriş nedeniyle hesabınız geçici olarak donduruldu. Çözüm için: http://vakifbank-hesap-ac.guvenlik-dogrula.xyz,1
Kredi kartınıza 3.200 TL tutarında itirazlı işlem yansıtıldı. İtirazınızı iptal etmek için son 12 saatiniz var. Tıklayın: http://kart-itiraz-iptal.banka-guvenli.tk,1
Mastercard Dolandırıcılık Koruması: Kartınızla onaysız alışveriş tespit edildi. 500 TL iade almak için kart bilgilerinizi doğrulayın: http://mastercard-iade-al.card-security.xyz,1
Visa Güvenlik Bildirimi: Kartınız bloke edildi. Bloke kaldırmak için 3D Secure doğrulaması yapın: http://visa-3dsecure-dogrula.card-unblock.net,1
American Express: Kartınızda sahte işlem tespit edildi. Hasarı tazmin etmek için kart numarası ve CVV'nizi doğrulayın: http://amex-tazminat-al.card-fraud.xyz,1
"Özel sektörde iş fırsatı! Haftalık 5.000 TL garantili uzaktan çalışma pozisyonu. Başvurmak için TC kimlik, banka hesabı ve özgeçmişinizi gönderin: isalimi@firm-tr.xyz",1
İnsan Kaynakları Müdürlüğü: Başvurduğunuz pozisyon için ön elemeyi geçtiniz. İşe alım sürecini tamamlamak için banka hesabınıza 150 TL depozito yatırmanız gerekmektedir.,1
"Yurt dışı iş fırsatı: Almanya'da fabrika işçisi, aylık 3.500 Euro. Başvuru için pasaport fotokopisi, TC kimlik ve 200 TL vize harcı ödemesi gereklidir: http://yurtdisi-is-bul.almanya-vizesi.tk",1
İK Birimi: Mülakat için seçildiniz. Sözleşme imzalanmadan önce güvenlik depozitosu olarak 300 TL ödemeniz gerekmektedir. Ödeme linki: http://is-basvuru-depozito.ik-tr.xyz,1
"Kariyer platformu: Profiliniz şirkete ulaştı, sizi işe almak istiyorlar. Referans kontrolü için TC kimliğinizi ve son 3 aylık maaş bordronuzu gönderin.",1
Devlet Burs Programı: 2024-2025 akademik yılı burs başvurunuz ön elemeyi geçti. 500 TL başvuru tamamlama ücreti ödeyerek işlemi sonuçlandırın: http://devlet-burs-odeme.bursvakfi-tr.xyz,1
"YÖK Burs Birimi: Tam burs kazandınız. Bursu aktive etmek için öğrenci kimlik numaranızı, IBAN'ınızı ve TC kimliğinizi gönderin: http://yok-burs-aktivasyon.ogrenci-destek.tk",1
TÜBİTAK Burs Programı: Araştırma bursu başvurunuz onaylandı. Ödemenizi almak için banka bilgilerinizi şu forma girin: http://tubitak-burs-al.arastirma-destek.net,1
"Vakıf Burs Birimi: Bursunuz iptal edilecek. Devam ettirmek için öğrenci belgesi, transkript ve 200 TL idari ücret ödemesi gereklidir: http://vakif-burs-devam.egitim-destek.xyz",1
"KOSGEB Genç Girişimci Desteği: 50.000 TL hibe için seçildiniz. Hibeyi almak için vergi levhası, imza sirküleri ve banka bilgilerinizi gönderin: http://kosgeb-hibe-al.girisimci-destek.tk",1
"Tebrikler! Vodafone müşteri çekilişinde iPhone 15 Pro kazandınız. Ödülünüzü teslim almak için ad-soyad, adres ve 49.90 TL kargo bedeli gereklidir: http://vodafone-cekilisi.odulunuzu-alin.xyz",1
MediaMarkt Yıl Sonu Çekilişi: 100.000 TL değerinde ev elektroniği paketi kazandınız! 24 saat içinde talep edin: http://mediamarkt-cekilisi.buyuk-odul.tk,1
"Getir Kampanya: Bu hafta 3 sipariş veren 500 müşteriden biri seçildiniz, 250 TL bakiye kazandınız. Bakiyenizi aktifleştirin: http://getir-odul-aktiflestir.kampanya-kazan.net",1
Lidl Türkiye çekilişi: Alışveriş çekinizi almak için anketi doldurun ve kart bilgilerinizi girin: http://lidl-anket-kazan.hediye-cek.xyz,1
Samsung Türkiye: Galaxy S24 Ultra kazandınız! Teslimat için adresinizi ve 75 TL sigorta bedelini ödeyin: http://samsung-cekilisi.galaxy-kazan.tk,1
Turkcell Süper Online fatura dönemi bildirimi: 3 aylık birikmiş faturanız bulunmakta. Hattın kapatılmaması için ödeme yapın: http://turkcell-fatura-ac.hat-kapat.xyz,1
DASK Zorunlu Deprem Sigortası: Poliçenizin süresi doldu. Yenileme yapılmazsa eviniz sigorta kapsamı dışına çıkar. Hemen yenileyin: http://dask-police-yenile.deprem-sigortasi.tk,1
Netflix Türkiye: Son ödemeniz reddedildi. Üyeliğinizin devamı için kart bilgilerinizi güncelleyin: http://netflix-odeme-guncelle.uyelik-billing.xyz,1
Spotify Premium: Otomatik ödeme başarısız. Hesabınız 48 saat içinde ücretsiz plana düşecek. Kartınızı güncelleyin: http://spotify-kart-guncelle.premium-odeme.net,1
İGDAŞ Doğalgaz: Son ödeme tarihiniz geçti. Borcunuzu ödemezseniz aboneliğiniz kesilecektir: http://igdas-borc-ode.dogalgaz-ac.tk,1
Trafik sigortanız bu ay sona eriyor. Yenileme yapmak için poliçe bilgilerinizi gönderin ve 150 TL kaparo yatırın: http://trafik-sigorta-yenile.poliçe-tr.xyz,1
Allianz Sigorta: Sağlık poliçenizin yenilenmesi için ödeme bilgilerinizi güncelleyin. Aksi halde 3 gün içinde poliçeniz iptal edilecektir: http://allianz-police-devam.saglik-sigorta.tk,1
Axa Sigorta Bildirimi: Kasko poliçeniz için ek teminat fırsatı. Avantajlı fiyatı yakalamak için TC ve araç bilgilerinizi gönderin: http://axa-kasko-teklif.sigorta-firsati.net,1
Mapfre Sigorta: Hayat sigortası primleriniz birikti. Poliçenizin iptal edilmemesi için banka hesabınızı güncelleyin: http://mapfre-hayat-sigortasi.police-guncelle.xyz,1
Acil ödeme talebi — Finans Müdürlüğü: Tedarikçi faturası bugün son günü. 47.500 TL'yi şu IBAN'a havale edin: TR12 0001 0002 0003 0004 00. Makbuz gelince bildirin.,1
Muhasebe Departmanı acil bildirimi: Yıl sonu kapanışı nedeniyle 3 fatura bu akşama kadar ödenmeli. Aşağıdaki hesaba 22.800 TL EFT yapabilir misiniz?,1
CEO'dan acil: Bugün önemli bir satın alma kapatıyoruz. IT sistemleri bakımda olduğu için kişisel telefonumdan yazıyorum. 85.000 TL transferi şimdi yapabilir misiniz?,1
Vergi dairesi ödeme bildirimi: Kurumlar vergisi ödemesi bu Cuma. 31.200 TL'yi aşağıdaki vergi dairesi hesabına yatırmanız gerekmektedir. IBAN ekte.,1
Hukuk Bürosu: Müvekkilimiz adına 15.000 TL tutarında alacak davası açılmıştır. Dava masraflarını karşılayarak uzlaşma sağlamak için şimdi iletişime geçin.,1
Zara Türkiye: Üye olduğunuz için özel indirim kazandınız! %70 indirimli ürünlere ulaşmak için kart bilgilerinizi girerek üyeliğinizi doğrulayın: http://zara-uyelik-indirim.marka-kampanya.xyz,1
H&M Türkiye çekilişi: 1.000 TL değer H&M hediye çeki kazandınız. Çekinizi aktifleştirmek için kart bilgilerinizi doğrulayın: http://hm-hediye-cek-al.kampanya-tr.tk,1
"Adidas Türkiye: Sadakat puanlarınız doldu, 500 TL hediye hakkı kazandınız. Kullanmak için hesabınıza girin ve ödeme bilgilerinizi onaylayın: http://adidas-puan-kullan.sadakat-odulu.net",1
Apple Türkiye: Hesabınız devre dışı bırakıldı. Apple kimliğinizi ve şifrenizi girerek hesabınızı kurtarın: http://apple-id-kurtar.hesap-aktifles.xyz,1
Trendyol Özel Kampanya: Seçili müşterilere 200 TL geri ödeme. Geri ödemeyi almak için kart bilgilerinizi doğrulayın: http://trendyol-cashback-al.odeme-dogrula.tk,1
Hepsiburada Flash Kampanya: Sepetinizde bekleyen ürünler %50 indirime girdi. İndirimden yararlanmak için ödeme bilgilerinizi güncelleyin: http://hepsiburada-flash-indirim.odeme-yenile.net,1
Kripto yatırım platformu: BTC portföyünüz bu ay %340 kazandı. Karınızı çekmek için hesap doğrulaması yapın ve vergi öncesi 500 USDT yatırın: http://kripto-kar-cek.bitcoin-tr.xyz,1
Borsa yatırım fırsatı: Günde 2 saatte 5.000 TL kazanın. Ücretsiz deneme için TC kimlik ve banka bilgilerinizi paylaşın: http://borsa-kazan.yatirim-sistemi.tk,1
Türkiye'nin en büyük yatırım platformu: Forex işlemlerinde garantili %15 aylık getiri. Hesap açmak için 1.000 TL ile başlayın: http://forex-garanti.yatirim-tr.net,1
"NFT yatırım grubu: Özel davetiye! Gruba katılmak için 0.05 ETH gönderin, ayda %200 kazanın. Cüzdan adresimiz: 0x742d35cc...",1
Altın yatırım fırsatı: Merkez Bankası döviz rezervlerinden 100 gram altın satışı. Resmi fiyatın %30 altında. Bugün sipariş verin: http://altin-rezerv-sat.merkez-firsati.xyz,1
"Hesabınızın güvenliği için kimlik doğrulaması gerekiyor. TC kimlik numaranızı, anne kızlık soyadınızı ve doğum tarihinizi girerek doğrulama yapın: http://kimlik-dogrula.guvenli-hesap.tk",1
Nüfus Müdürlüğü bildirimi: Kimlik kartınızın yenilenmesi zorunludur. İşlem için TC kimlik numaranızı ve yüz fotoğrafınızı gönderin: http://nufus-kimlik-yenile.tc-sistem.xyz,1
Sosyal güvenlik sistemi: Kimliğiniz doğrulanmayı bekliyor. Emeklilik haklarınızı korumak için bilgilerinizi güncelleyin: http://sgs-kimlik-guncelle.emekli-sistemi.net,1
"Pasaport başvurusu tamamlama: Başvurunuzu sonuçlandırmak için TC, doğum tarihi ve banka kartı ön yüz fotoğrafını gönderin: http://pasaport-basvuru-tamamla.tc-dis-isleri.tk",1
Bankacılık KYC güncellemesi: Yasal zorunluluk kapsamında müşteri bilgilerinizi doğrulamanız gerekmektedir. TC kimlik ön-arka yüzü ve selfie gönderin: http://kyc-guncelle.banka-mevzuat.xyz,1
"Sayın Fatma Hanım, sipariş ettiğiniz 5 kilo zeytini bugün hazırladım. Nakliye için uygun mu bu Cuma öğleden sonra?",0
"Merhaba Hasan Bey, demir profil siparişiniz hazır. 3+1 paletlik malzeme deponuzda. Fatura ekte, havale bekliyor.",0
"İyi günler, geçen ay verdiğiniz kumaş siparişinde renk farkı çıktı. Numune göndermemi ister misiniz yoksa değişim mi yapalım?",0
"Mehmet Bey, boyahanemizden aldığınız ürünlerin kullanım talimatını ekte gönderiyorum. Sormak istediğiniz olursa arayabilirsiniz.",0
"Sayın Müşterimiz, otomotivinizin cam filmi uygulaması tamamlandı. Aracı teslim alabilirsiniz, işletme Pazar dahil açık.",0
"Bahçe düzenleme işinizi bu hafta sonu başlatmak istiyoruz. Fidanların teslimi Cuma yapılacak, ekip Cumartesi sabahı gelecek.",0
Demirbaş alım teklifinize ait proforma fatura ekte. Onay verirseniz sipariş oluşturalım.,0
"Fırın makinemiz için yedek parça siparişi verdim. Tedarikçi 10-15 iş günü söylüyor, bilginize.",0
Ocak ayı dönem sonu muhasebe kapanışı tamamlandı. Genel durum tablosu ve mizan raporu ektedir.,0
KDV beyannamesi bu Pazartesi akşamı verilecek. İndirilecek KDV tutarında eksik belge var mı kontrol eder misiniz?,0
Şubat ayı ücret bordrolarını hazırladım. İmzalı suretleri sisteme yükledikten sonra maaşlar ödeme emrine verilecek.,0
"Geçen aya ait stok sayımı farklılığı giderildi. Düzeltme fişleri muhasebe sistemine işlendi, raporlar güncellendi.",0
Vergi levhası yenileme başvurusu yapıldı. Onay geldiğinde tarafınıza bildireceğim.,0
2024 yıl sonu envanter sayımı 30 Aralık'ta yapılacak. Tüm depolar ve sayım ekipleri bilgilendirildi.,0
"Banka mutabakat tutanağı imzalanmıştır. Ekte original belge mevcuttur, dosyalama yapabilirsiniz.",0
Mükellefiyet tesisine ilişkin vergi dairesi yazısı tebliğ edildi. Gereği için bilgilerinize sunarım.,0
Sosyal Güvenlik Kurumu: Prim borç sorgulama talebiniz sonuçlandı. Borcunuz bulunmamaktadır. Yazıyı intranet üzerinden indirebilirsiniz.,0
"Tapu Müdürlüğü: Tapu devir işleminiz tamamlandı. Tapunuzu teslim almak için şubeye gelebilirsiniz, randevu şart değil.",0
Gümrük Müdürlüğü: Beyan ettiğiniz ithalat miktarı onaylandı. Mallarınız gümrükten çıkış için serbest bırakıldı.,0
Ticaret Bakanlığı: Marka tescil başvurunuz incelemeye alındı. Süreç 3-6 ay sürmekte olup güncellemeler sisteme yansıtılacaktır.,0
Emekli Sandığı: Emeklilik hesabınıza ilişkin bilgilendirme belgesi ektedir. Ayrıntılar için şubemizi ziyaret edebilirsiniz.,0
Noterden ihtar bildirimi: Kira sözleşmesi kapsamında düzenlenen ihtar tebliğ edilmiştir. Avukatınızla görüşmenizi tavsiye ederiz.,0
Üniversitemizin 2024-2025 Güz dönemi kayıt takvimine göre yenileme işlemleri 2-6 Eylül tarihleri arasında yapılacaktır.,0
Akademik takvim güncellemesi: Final sınavları 15-28 Ocak olarak belirlendi. Güncel takvim üniversite web sitesinde yayınlandı.,0
Öğrenci İşleri: Transkript talebiniz işleme alındı. Belge 3 iş günü içinde e-posta adresinize iletilecektir.,0
Kütüphane Müdürlüğü: Ödünç aldığınız kaynakların iade tarihi yaklaşıyor. Uzatma için kütüphane sistemine giriş yapabilirsiniz.,0
Kariyer Merkezi: Güz dönemi staj fuar kayıtları başladı. Firmalar hakkında bilgi ve başvuru için kariyer portalını ziyaret edin.,0
Bölüm Başkanlığı: Bitirme projesi danışman atama listeleri ilan edilmiştir. Herhangi bir itirazınız varsa 5 iş günü içinde bildirin.,0
Öğrenci Yurdu Müdürlüğü: Bahar dönemi yurt kayıt yenileme işlemleri 15-20 Şubat arasında gerçekleştirilecektir.,0
"Mezuniyet töreni tarihi kesinleşmiştir: 14 Haziran, saat 14:00, Açık Hava Amfitiyatrosu. Davetiye işlemleri Mayıs sonunda başlayacaktır.",0
"İstatistik dersinin bu haftaki uygulaması, bilgisayar laboratuvarı bakımı nedeniyle iptal edilmiştir. Telafi tarihi duyurulacaktır.",0
"Hesap Makineleri ve Sayısal Tasarım dersi dönem içi sınavı 18 Kasım'da aynı saatte yapılacak, yer değişikliği olmayacaktır.",0
Proje dersi teslim tarihi 30 Kasım'dan 7 Aralık'a uzatılmıştır. Teslimler sisteme PDF olarak yüklenecek.,0
Kimya Laboratuvarı: Güvenlik kuralları gereği sınav haftasında tüm laboratuvar çalışmaları askıya alınacaktır.,0
Yabancı Diller Yüksekokulu: Hazırlık sınıfı yeterlik sınavı tarihleri güncellendi. Detaylar için okul web sitesini ziyaret edin.,0
Tüm personelimize duyurulur: 2025 yılı zam oranları açıklandı. Bireysel maaş bildirimleriniz İK sistemi üzerinden yayınlandı.,0
"Personel izin takip sistemi değişiyor. Yeni sistem 1 Ocak'tan itibaren kullanımda olacak, eğitim 20 Aralık'ta verilecek.",0
İK Duyurusu: Çalışan hakları el kitabı güncellendi. Güncel versiyon intranet İK sayfasından indirilebilir.,0
Çalışan yardım fonu başvuruları bu ay açıldı. Başvuru koşulları ve formlar İK birimi tarafından e-posta ile gönderilecektir.,0
Ücretli eğitim izni prosedürü değişti. Yeni süreç ve gerekli belgeler hakkında bilgi için İK ile görüşebilirsiniz.,0
Tüm yöneticilere: Performans değerlendirme modülü 1 Aralık'ta açılacaktır. Hedef ve yetkinlik değerlendirmeleri 31 Aralık'a kadar tamamlanmalıdır.,0
Bugün saat 14:00'te gerçekleşecek strateji toplantısı için gündem maddelerini ekteki belgede bulabilirsiniz.,0
Haftalık ekip toplantısı bu Salı saat 10:00'da Microsoft Teams üzerinden yapılacaktır. Toplantı daveti takvimlerinize eklendi.,0
Üst yönetim bilgilendirme toplantısı 8 Aralık'ta Genel Müdürlük konferans salonunda gerçekleştirilecektir.,0
Müşteri inceleme toplantısı bu Perşembe saat 15:00'e alındı. Güncel sözleşme taslağını önceden incelemenizi rica ederiz.,0
Acil ekip toplantısı: Üretimde yaşanan aksaklık nedeniyle bugün saat 16:00'da toplanıyoruz. Katılım zorunlu.,0
Tedarikçi görüşmesi 22 Kasım'da saat 11:00'de gerçekleşecek. Fiyat analizi ve karşılaştırma tablosunu hazır bulundurun.,0
Paketiniz 16.11.2024 tarihinde saat 11:42'de kapı önünüze bırakıldı. Teslim kodu: KP-4521.,0
Siparişiniz bugün kargoya verilmiştir. Takip: https://kargo.ptt.gov.tr/takip?kod=TRK20241116001,0
Yurt içi gönderiniz İstanbul dağıtım merkezine ulaşmıştır. Yarın sabah teslim edilmesi planlanmaktadır.,0
"Kargo teslimat bilgisi: Paket komşunuza (Daire 5, Ali Bey) teslim edildi. Bilginize.",0
Siparişiniz hazırlandı ve akşam kargoya teslim edilecek. Tahmini ulaşma: 18-20 Kasım.,0
İade kargosu teslim alındı. İnceleme sonucunda iade işleminiz 5-7 iş günü içinde tamamlanacaktır.,0
Siparişiniz (#TY2024-78965) sevkiyata hazır. Yarın sabah 08:00-12:00 saatleri arasında teslimat yapılacaktır.,0
Hafif hasarla teslim edilen kargonuz için hasar tespit tutanağı düzenlendi. Tazminat başvurusu başlatıldı.,0
Siparişiniz onaylandı. Sipariş No: HB-2024-98123. Ürün 3-5 iş günü içinde adresinize ulaşacaktır.,0
Satın alımınız için teşekkürler. Faturanız ekte yer almaktadır. Soru ya da sorun için müşteri hizmetleriyle iletişime geçebilirsiniz.,0
Siparişiniz 22 Kasım itibarıyla hazır olacak. Kargo firması bilgisi ve takip kodu tarafınıza iletilecektir.,0
Ön siparişiniz alındı. Ürün stoğa girdiğinde e-posta ile bilgilendirileceksiniz.,0
Destek talebiniz (#DST-4892) çözüme kavuşturulmuştur. Yapılan işlem: E-posta sunucusu yapılandırması güncellendi.,0
Yazıcı sorunuzu inceledik. Sürücünün yeniden kurulumu ile sorun çözüldü. Çalışıp çalışmadığını kontrol edebilirsiniz.,0
VPN erişim sorununuz giderildi. Yeni bağlantı ayarları ekteki belgede açıklanmaktadır.,0
"Uygulama erişim yetkiniz tanımlandı. Sisteme giriş yapabilir, sorun yaşarsanız dahili 4521'i arayabilirsiniz.",0
Şifre sıfırlama talebiniz alındı. Yeni şifrenizi belirlemek için güvenli bağlantı adresinize gönderildi.,0
Sunucu bakımı tamamlandı. Etkilenen servisler yeniden aktif. Lütfen sistemi yeniden başlatın.,0
Yazılım güncelleme paketi sunucuya yüklendi. Bilgisayarınızı yeniden başlatarak güncellemeyi tamamlayabilirsiniz.,0
"Otel rezervasyonunuz onaylandı. Check-in: 24 Kasım, Check-out: 26 Kasım. Rezervasyon No: HTL-78456.",0
Uçuş rezervasyonunuz için e-biletiniz ekte yer almaktadır. Lütfen check-in için en az 2 saat önce havalimanında olun.,0
"Restoran rezervasyonunuz alındı: 3 kişilik, 25 Kasım Pazar, saat 19:30. İptal için en az 3 saat öncesinde arayınız.",0
"Araç kiralama teyidi: 28 Kasım teslim, Sınıf: Orta. Tüm belgeler teslim sırasında kontrol edilecektir.",0
"Konser biletleriniz onaylandı. E-bilet ekte, kapıda barkod okutulacaktır. İyi eğlenceler!",0
Spor salonu üyelik yenilemeniz tamamlandı. Yeni dönem 1 Aralık'tan itibaren geçerlidir.,0
"Seyahat rezervasyonunuz kesinleşti. Paket detayları: İstanbul - Kapadokya, 2 gece yarım pansiyon.",0
"Proje durum raporu — Hafta 46: Geliştirme %85 tamamlandı. Test fazı başladı, 3 kritik hata çözüme kavuşturuldu.",0
"Sprint 12 özeti: 28 görev tamamlandı, 4 sonraki sprinte taşındı. Hız: 42 puan. Demo Cuma saat 15:00.",0
"Müşteri talebi kapsamında yeni modül tasarım onayı bekleniyor. Taslak ekte, görüşlerinizi paylaşabilirsiniz.",0
Proje kilometre taşı tamamlandı: Veritabanı geçişi başarıyla gerçekleştirildi. Bir sonraki faz 1 Aralık'ta başlıyor.,0
"Risk kaydı güncellendi: 2 yeni risk tanımlandı, 1 risk kapatıldı. Güncel tablo proje klasöründe mevcuttur.",0
Değişiklik talepleri listesi güncellendi. Yeni 3 talep önceliklendirme için ürün sahibine iletildi.,0
Şikayetiniz incelendi. Ürün hatasının kaynağı tespit edildi ve üretim hattında düzeltme yapıldı.,0
İade talebiniz onaylandı. Ürünü kargoya verdikten sonra 48 saat içinde ödemeniz iade edilecektir.,0
Hesap güncellemeniz başarıyla tamamlandı. Yeni e-posta adresiniz sisteme kaydedildi.,0
Abonelik iptal işleminiz gerçekleştirildi. Dönem sonuna kadar hizmetinize erişmeye devam edebilirsiniz.,0
Kampanyamıza ilişkin sorunuzu yanıtlamak üzere: İndirim kodu yalnızca ilk siparişlerde geçerlidir.,0
Ürün değerlendirmeniz için teşekkür ederiz. Yorumunuz yayına alındı.,0
SGK Başkanlığı: 3 aylık prim borcunuz bulunmaktadır. Bugün ödeme yapmazsanız işyeriniz hakkında icra işlemi başlatılacaktır: http://sgk-prim-ode.sigorta-borc.xyz,1
Sosyal Güvenlik Kurumu Bildirimi: Çalışanlarınıza ait eksik prim bildirimi tespit edildi. Cezai işlem başlamadan tamamlayın: http://sgk-bildirim-tamamla.sgk-tr.tk,1
"SGK e-Hizmet: Sigortalı işe giriş bildirgesi geç verildi, idari para cezası kesildi. İtiraz için: http://sgk-ceza-itiraz.sigorta-sistem.net",1
SGK Prim Tahsilat: 6.840 TL borcunuz için son ödeme tarihi bu Cuma. Ödeme yapılmazsa banka hesaplarınıza bloke konulacaktır: http://sgk-son-odeme.prim-tahsilat.xyz,1
Emniyet Genel Müdürlüğü Trafik: Plaka XX-1234'e ait 3 adet ödenmeyen trafik cezanız bulunmaktadır. Gecikme faizi uygulanmadan ödeme yapın: http://trafik-ceza-sor.egm-odeme.tk,1
Trafik Cezası Bildirimi: Araçınıza 2.450 TL hız ihlali cezası kesildi. İtiraz süresi 15 gün. Ödeme veya itiraz için: http://trafik-itiraz-ode.plaka-sorgula.xyz,1
KGM Trafik Ceza Sistemi: Mobese kaydına göre kırmızı ışık ihlali tespit edildi. Cezanızı görüntülemek için TC kimliğinizi girin: http://kgm-ihmal-sorgula.trafik-ceza.net,1
HGS Hesap Bildirimi: HGS bakiyeniz eksi bakiyeye düştü. Geçiş borcunuzu ödemeden araçla köprüye giremezsiniz: http://hgs-borc-ode.kgm-gecis.xyz,1
OGS Uyarı: Köprü ve otoyol geçiş bedelleriniz otomatik tahsil edilemedi. Banka bilgilerinizi güncelleyin: http://ogs-bilgi-guncelle.gecis-sistemi.tk,1
KGM HGS: 5 geçişe ait 387 TL borcunuz bulunmakta. Hesabınız kısıtlanmadan önce ödeme yapın: http://hgs-gecis-ode.kgm-borc.net,1
Üniversite Öğrenci İşleri: Diploma başvurunuzda eksik belge tespit edildi. 5 iş günü içinde tamamlamazsanız başvurunuz iptal edilecek. Belge yükleme: http://ogrenci-diploma-belge.universite-tr.xyz,1
Öğrenci İşleri Müdürlüğü: Kayıt silme tarihleriniz yaklaşıyor. Kaydınızı korumak için borç ödemesi yapın ve sisteme giriş yapın: http://kayit-koru-ode.ogrenci-isleri.tk,1
Üniversite Yönetim Sistemi: Dönem sonu sınav girişiniz kısıtlandı. Kısıtlamayı kaldırmak için öğrenci numaranız ve şifrenizi doğrulayın: http://sinav-giris-ac.universite-sistem.xyz,1
Erasmus+ Koordinatörlüğü: Başvurunuz ön elemeyi geçti. Burs sözleşmesini aktive etmek için 250 EUR işlem ücreti yatırmanız gerekmektedir: http://erasmus-sozlesme-aktiflestir.burs-eu.tk,1
Erasmus Ofisi: Gitmek istediğiniz üniversite kontenjan dışına çıktı. Yerinizi korumak için 150 EUR depozito ödemesi gerekiyor: http://erasmus-yer-koru.eu-burs.xyz,1
KYK Bildirimi: Kredi borcunuz icra aşamasına geldi. Bugün ödeme yaparak icrayı durdurun: http://kyk-borc-ode.kredi-tahsilat.net,1
KYK Öğrenci Yurt: Yurt taksit ödemeniz gecikmeli. 3 gün içinde ödeme yapmazsanız yurt kaydınız iptal edilecektir: http://kyk-taksit-ode.yurt-kayit.xyz,1
Tapu ve Kadastro Müdürlüğü: Mülkünüze ipotek tesis edilmesi için onayınız gerekiyor. TC kimliğiniz ile işlemi onaylayın: http://tapu-ipotek-onayla.tkgm-tr.xyz,1
Tapu Sicil Müdürlüğü: Tapu devir işleminizde eksik imza tespit edildi. 10 gün içinde tamamlamazsanız işlem iptal edilecek: http://tapu-imza-tamamla.sicil-tr.tk,1
Tapu Müdürlüğü: Mülkünüzle ilgili 3. kişi tapu iptali davası açıldı. Avukat tutmadan önce bilgilerinizi doğrulayın: http://tapu-dava-sorgula.tapu-tr.net,1
"Noterden Önemli Bildirim: Mirasçı olarak belirlendiniş, vekaletname imzalamak için TC kimliğinizi ve iletişim bilgilerinizi gönderin: http://noter-vekaletname.miras-islemi.xyz",1
Noterlik Ofisi: İmzalamanız gereken sözleşme hazır. Doğrulama kodu almak için TC kimlik ve doğum tarihinizi girin: http://noter-sozlesme-imzala.hukuk-tr.tk,1
TEDAŞ Elektrik Dağıtım: 2 aylık elektrik faturanız ödenmedi. Bugün ödeme yapmazsanız aboneliğiniz kesilecektir. Ödeme linki: http://tedas-fatura-ode.elektrik-ac.xyz,1
İSKİ Su Faturalandırma: Otomatik ödeme talimatınız iptal edildi. Su kesintisi yaşamamak için banka bilgilerinizi güncelleyin: http://iski-odeme-guncelle.su-fatura.tk,1
BOTAŞ Doğalgaz: Bölgenizdeki doğalgaz aboneliği yenileme zorunluluğu başladı. 30 gün içinde yenilemezseniz aboneliğiniz iptal edilir: http://botas-abone-yenile.dogalgaz-tr.net,1
Türk Telekom İnternet: Tarifen sonlandırılıyor. Kesinti yaşamamak için yeni pakete geçiş yapın ve kart bilgilerinizi güncelleyin: http://turktelekom-paket-guncelle.internet-ac.xyz,1
Superonline Fiber İnternet: Bağlantınız 48 saat içinde kesilecek. Ödeme bilgilerinizi güncelleyin: http://superonline-odeme-guncelle.fiber-devam.tk,1
Vodafone Net: İnternet paketinizin süresi doldu. Aynı fiyata yenilemek için son 24 saatiniz: http://vodafone-net-yenile.internet-paket.xyz,1
e-Fatura sistemi: e-Fatura mükellefi olmanız zorunlu hale geldi. Geçiş yapmazsanız cezai işlem uygulanacak. Kayıt için: http://efatura-gecis-yap.gib-tr.tk,1
e-Arşiv Fatura Bildirimi: Mükellefiyet kaydınızda hata tespit edildi. Düzeltmek için vergi numaranızı ve e-imza bilgilerinizi girin: http://e-arsiv-duzelt.vergi-sistemi.net,1
GİB e-Fatura: Fatura iptal talebiniz işleme konulamadı. Hesabınıza giriş yaparak işlemi tekrar deneyin: http://gib-efatura-giris.e-fatura-tr.xyz,1
Gümrük ve Ticaret Bakanlığı: Yurt dışı alışverişinize ait 234 TL gümrük vergisi bekleniyor. Ödeme yapılmadan paket teslim edilmeyecek: http://gumruk-vergi-ode.kargo-serbest.tk,1
UPS Gümrük Servisi: Uluslararası gönderiniz için gümrük beyanname ücreti: 89 TL. Bugün ödeme yapın: http://ups-gumruk-odeme.kargo-cek.net,1
Fedex Türkiye Gümrük: Paketiniz gümrük depolamaya alındı. Günlük 25 TL depolama ücreti işlemeye başladı. Hemen ödeyin: http://fedex-gumruk-acil.kargo-teslim.xyz,1
"Muhasebe Departmanı — Acil: Tedarikçi ödemesi bugün son gün, sistem bakımda. Aşağıdaki IBAN'a 38.500 TL havale yapar mısınız? Makbuz gelince bildirin.",1
"Genel Müdür — Gizli: Satın alma sürecindeyiz, hassas. Lütfen 92.000 TL'yi bugün şu hesaba aktarın, kimseye söylemeyin: TR45 0001 1234 5678 9000 00",1
"Finans Direktörü: Denetçi firmayla acil ödeme tamamlanmalı. IT sistemleri çalışmıyor, kişisel e-postamdan yazıyorum. 55.000 TL transferi onaylıyor musunuz?",1
"İnsan Kaynakları: CV'nizi inceledik, çok etkilendik. İşe alım sürecine dahil etmek istiyoruz. Önce 150 TL güvenlik depozitosu yatırmanız gerekiyor: http://ik-basvuru-depozito.kariyer-tr.xyz",1
Kariyer Platformu: Başvurduğunuz pozisyon için ön mülakat randevusu oluşturuldu. Süreci tamamlamak için kimlik doğrulama ücreti: 75 TL: http://mulakat-dogrula-ode.kariyer-sistem.tk,1
LinkedIn İşe Alım: Profiliniz işverene gönderildi. Referans kontrolü için TC kimlik ve son bordronuzu paylaşın: http://linkedin-referans.ik-dogrula.net,1
Zoom Güvenlik Bildirimi: Hesabınızda yetkisiz erişim tespit edildi. Şifrenizi ve kurtarma kodunuzu doğrulayın: http://zoom-hesap-koru.guvenli-giris.xyz,1
Microsoft Teams: Toplantı davetiyeniz var. Katılmak için Teams hesabınızı doğrulayın: http://teams-dogrula.microsoft-tr.tk,1
Zoom Pro Hesap: Ücretli üyeliğiniz sona eriyor. Kesintisiz kullanım için ödeme bilgilerinizi güncelleyin: http://zoom-pro-yenile.odeme-guncelle.net,1
Binance Türkiye: Portföyünüz bu ay %280 büyüdü. Karınızı çekebilmek için KYC doğrulaması ve 200 USDT işlem ücreti gerekiyor: http://binance-kyc-dogrula.kripto-cek.xyz,1
"Kripto Sinyal Grubu: BTC 85.000 dolar olacak, içeriden bilgi var. Gruba katılmak ve sinyalleri almak için 0.01 BTC gönderin: bc1q...",1
"DeFi Yatırım Fırsatı: Akıllı sözleşmeye yatırım yapın, aylık %40 getiri. Başlamak için cüzdanınızı bağlayın: http://defi-yatirim-tr.kripto-kazan.xyz",1
Trendyol Satıcı Paneli: Mağazanız güvenlik ihlali nedeniyle askıya alındı. Yeniden aktif etmek için satıcı bilgilerinizi doğrulayın: http://trendyol-satici-dogrula.magaza-ac.tk,1
"Hepsiburada Satıcı Hesabı: Ödeme bilgileriniz güncellenmedi, komisyon ödemeleriniz bekliyor. Bilgilerinizi güncelleyin: http://hepsiburada-satici-iban.odeme-guncelle.xyz",1
Amazon Türkiye Satıcı: Ürünleriniz kaldırılacak. Hesabınızı kurtarmak için satıcı doğrulama yapın: http://amazon-satici-dogrula.seller-tr.net,1
Web Hosting Faturası: Sunucu paketiniz askıya alındı. Verilerinizi kaybetmemek için ödeme yapın: http://hosting-ode-acil.server-tr.tk,1
SSL Sertifikası Süresi Doluyor: Web siteniz güvensiz hale gelecek. Acil yenileme için kredi kartı bilgilerinizi girin: http://ssl-yenile-acil.guvenli-site.net,1
"Sayın Ahmet Bey, geçen ay verilen malzemelere ait bakiyemiz 4.750 TL. Faturayı ekledim, haftaya mutabakatı yapalım mı?",0
"İyi günler, yeni sezon ürün kataloğumuzu ve fiyat listemizi ekledim. İnceleyip sipariş vermek isterseniz yazabilirsiniz.",0
"Merhaba, sevkiyatınız hazır. Kamyonumuz Çarşamba sabahı yola çıkacak, irsaliye ektedir.",0
"Teslimat yapıldı, ancak 3 kalem ürün eksik gözüküyor. Muhasebe faturayı düzeltecek, bilginize.",0
Tedarikçi firma sözleşme yenileme teklifini gönderdi. İnceleyip görüşlerimizi iletebilir miyiz?,0
Bu aya ait cari hesap mutabakatı ektedir. Onaylamanız halinde imzalı suretini bekliyorum.,0
Deponuzdaki stok seviyelerine göre Kasım ayı sipariş önerisini hazırladım. Uygun görürseniz siparişi açalım.,0
"Ürün iade talebi aldık. Gerekli formlar dolduruldu, kargo Pazartesi teslim alınacak.",0
Fiyat listesi güncellendi: Hammadde maliyetleri nedeniyle çelik ürünlerde %8 artış yapıldı. Yeni liste ektedir.,0
"Ocak 2025 itibarıyla ambalaj ürünlerinde fiyat güncellemesi yapılacak. Yeni fiyatlar ekte, sipariş revizesi gerekirse bildiriniz.",0
Demir ve alüminyum ürünlerinde Aralık ayı fiyat listesi yayınlandı. Toplu sipariş indirimi için görüşebiliriz.,0
Hizmet bedeli yıllık sözleşme fiyatının üzerine %5 enflasyon farkı ekleniyor. Revize teklif ektedir.,0
Döviz kuru değişikliği nedeniyle ithal ürün fiyatlarında güncelleme yapıldı. Yeni liste sisteme yüklendi.,0
"Staj başvurunuzu aldık. Değerlendirme sürecimiz 2 hafta sürmekte, sonucu e-posta ile ileteceğiz.",0
"Tebrikler, staj başvurunuz olumlu değerlendirildi. Başlangıç tarihi ve detaylar için İK ile iletişime geçebilirsiniz.",0
Staj pozisyonuna olan yoğun ilgi nedeniyle kontenjanlar doldu. Başvurunuz bir sonraki dönem için değerlendirmeye alınacak.,0
Kariyer günü etkinliğimizde CV'nizi inceleyen firma sizi 2. görüşmeye davet ediyor. Uygun gün/saatinizi bildirir misiniz?,0
Gönüllü staj programı başvurusu için son tarih 15 Aralık. Başvuru formu ektedir.,0
Akademik Kurul kararıyla müfredat güncellemesi yapıldı. Yeni ders planı 2025-2026 eğitim yılından itibaren geçerli.,0
Bölüm Başkanlığı: Öğretim üyesi konferansı 3 Aralık'ta gerçekleşecek. Katılmak isteyen öğrenciler kayıt yaptırabilir.,0
Araştırma Görevlisi ilanı: Bölümümüzde açık pozisyon bulunmaktadır. Başvuru koşulları ilana eklenmiştir.,0
Dergimizin yeni sayısı yayınlandı. Makale özetleri ve tam metin bağlantısı ektedir.,0
Tez savunma sınavı tarihleri belirlendi. İlan takvimi bölüm panosunda ve web sitesinde duyuruldu.,0
Mezuniyet töreni için son kayıt tarihi 1 Mayıs. Tören kıyafeti ölçü alımı Nisan ayında yapılacak.,0
"Diploma teslim işlemleri başladı. Teslim saatleri: Pazartesi-Cuma 09:00-16:00, kimlikle gelebilirsiniz.",0
Mezun Kimlik Kartı başvuruları açıldı. Online form doldurulduktan sonra fotoğraflı kimlikle başvurabilirsiniz.,0
"Mezunlar derneğine katılım için yıllık üyelik formu ektedir. Üyelik, kariyer etkinliklerine erişim sağlar.",0
Mezuniyet fotoğraf albümü siparişleri 30 Nisan'a kadar verilebilir. Fiyat listesi ve sipariş formu ektedir.,0
"Destek talebiniz güncellendi: Sistem bakımı tamamlandı, erişiminiz yeniden aktif. (#DST-7821)",0
BT Destek: Bildirdiğiniz ağ bağlantısı sorunu altyapı ekibince çözüme kavuşturuldu.,0
"Antivirüs yazılımı lisansı yenilendi. Otomatik güncelleme aktif, ek işlem gerekmemektedir.",0
Kullanıcı hesabı kilidi kaldırıldı. Tekrar giriş yapmayı deneyebilirsiniz.,0
Depolama kotanız %90'a ulaştı. Gereksiz dosyaları temizlemeniz veya kota artışı talep etmeniz önerilir.,0
Güvenlik yamalarımız uygulandı. Bir sonraki bakım penceresi 15 Aralık. Bilginize.,0
Yeni yazılım sürümü 3.4.1 yayınlandı. Değişiklik notları ektedir. Güncelleme otomatik uygulanacaktır.,0
"Mobil uygulama v2.1 App Store ve Play Store'da yayında. Yeni özellikler: karanlık mod, bildirim yönetimi.",0
API v3 sürüm notları yayınlandı. Mevcut entegrasyonlar 6 ay boyunca v2 ile çalışmaya devam edebilir.,0
Platform bakımı Cumartesi 02:00-04:00 saatleri arasında yapılacak. Bu sürede hizmet erişilemez olacaktır.,0
Güvenlik güncellemesi zorunlu: Kritik açık giderildi. Lütfen sistemi yeniden başlatarak güncellemeyi tamamlayın.,0
"Webinar daveti: Siber güvenlik trendleri 2025 — 28 Kasım, saat 14:00. Kayıt linki: webinar.sirket.com/kayit",0
"Ücretsiz online eğitim: Excel ileri düzey fonksiyonlar — 5 Aralık, saat 10:00. Katılım için formu doldurun.",0
Şirket içi liderlik programı bilgilendirme webinarı bu Perşembe. Katılım bağlantısı takvimlerinize eklendi.,0
Sektör buluşması canlı yayını için kayıt yaptırmayı unutmayın. Son tarih: 20 Kasım.,0
Aylık ürün güncelleme webinarımız her ayın son Salısı saat 15:00'te gerçekleşiyor. Bağlantı ektedir.,0
"Otel rezervasyon onayı: Konya Hilton — 10-12 Aralık 2024, tek kişilik oda. Rezervasyon: HTL-45621.",0
"Tatil köyü rezervasyonunuz onaylandı. Giriş tarihi: 24 Aralık, Çıkış: 27 Aralık. Havuzlu villa, kahvaltı dahil.",0
Apart otel ön rezervasyonunuz alındı. Kesin onay için en az 7 gün öncesinde ödeme yapmanız gerekmektedir.,0
Kamp alanı rezervasyonunuz oluşturuldu. Kamp numaranız: C-14. Detaylar ektedir.,0
"Kruvaziyer tur rezervasyon özeti: 15-22 Temmuz, Akdeniz rotası. Kabin: iç kabin, 2 kişilik.",0
"THY Bilet Bilgisi: TK 1256 — 5 Aralık, İstanbul-İzmir, kalkış 07:30. E-biletiniz ektedir.",0
"Pegasus bileti onaylandı: PC 418 — Ankara-Antalya, 22 Aralık 09:15. Check-in 24 saat önce açılacak.",0
Anadolu Jet uçuş hatırlatması: Yarın saat 13:45 kalkışlı uçuşunuz var. Check-in tamamlanmıştır.,0
Atlas Global iade işlemi tamamlandı. Uçuş iptaline ilişkin bilet bedeli 10-15 iş gününde hesabınıza iade edilecek.,0
Sunexpress uçuş değişikliği: Sefer saatiniz 08:00'den 10:30'a alındı. Yeni e-biletiniz ekte.,0
Paketiniz 14.11.2024 saat 15:22'de teslim edildi. Teslim alan: Kapıda bırakıldı.,0
Kargo takip: Gönderiniz bugün dağıtım aracına yüklendi. Teslimat saat 09:00-18:00 arası gerçekleşecek.,0
Siparişiniz şubeye teslim edildi. Kargo numarasıyla ve kimliğinizle teslim alabilirsiniz.,0
Kargo 2 kez teslim denenemedi. Lütfen kargo şubesini arayarak yeni teslimat tarihi belirleyin.,0
"Doktor randevu hatırlatması: Dr. Ayşe Kaya — İç Hastalıkları, 18 Kasım Pazartesi saat 10:30, 3. kat.",0
"Hastane randevusu: MR görüntüleme, 19 Kasım 14:00, Radyoloji bölümü. Aç karnına gelinmesi gerekmektedir.",0
Aile hekimi hatırlatma: Periyodik check-up randevunuz bu Çarşamba saat 09:15.,0
Göz doktoru randevusu: 20 Kasım saat 11:00. Gözlük reçetenizi getirmenizi tavsiye ederiz.,0
"Psikoloji randevu onayı: 22 Kasım Cuma, saat 15:00, Dr. Mehmet Arslan. İptal için 24 saat öncesinde haber verin.",0
Site Yönetimi Duyurusu: Asansör bakımı 15 Kasım Cumartesi 09:00-14:00 saatleri arasında yapılacak.,0
Apartman Yönetimi: Su deposu temizliği nedeniyle 17 Kasım Pazar 08:00-12:00 arası su kesintisi olacak.,0
Site Güvenlik Bildirimi: Giriş şifresi değiştirilmiştir. Yeni şifre güvenlik görevlisinden alınabilir.,0
Yönetim Kurulu: Otopark kullanım yönetmeliği güncellendi. Değişiklikler pano ve web sitesinde ilan edildi.,0
"Apartman duyurusu: Çatı tadilat çalışması başlıyor. 3 iş günü sürecek, gürültü çıkabilir.",0
Aidat bildirimi: Kasım 2024 aidatınız 650 TL olup hesap bilgileri ektedir. Ödeme son günü: 10 Kasım.,0
2025 yılı aidat artışı oylaması 25 Kasım'daki genel kurulda yapılacak. Katılımınızı bekliyoruz.,0
Aidat ödemeleriniz güncel. Teşekkür ederiz. Makbuzu ektedir.,0
Muhasebe: Fatura için e-fatura mükellefiyet durumunuzu bildirmeniz gerekmektedir. Vergi numaranızı iletebilir misiniz?,0
Aylık ekstre için banka onaylı hesap özeti veya muhasebeciden alınan gelir tablosunu gönderebilir misiniz?,0
"Masraf raporunuzu onayladım, muhasebe ödeme işlemi başlatacak. 3-5 iş günü içinde hesabınıza geçer.",0
Dönem sonu kapanışı için eksik belgeler: 3 adet satış faturası ve banka ekstresi. Ulaştırabilir misiniz?,0
"Sprint 14 durum güncellemesi: 31 görev tamamlandı, 5 backlog'a alındı. Bir sonraki demo 6 Aralık.",0
Proje risk kaydı güncellendi: Yeni tanımlanan 2 risk düşük öncelikli olarak sınıflandırıldı.,0
Müşteri geri bildirimi raporu: Bu ayki memnuniyet skoru 4.2/5. Detaylı analiz ektedir.,0
Faz-2 geliştirme tamamlandı. Üretim ortamına alım için onay beklenmektedir.,0
"Aylık proje özeti: Bütçe %94 kullanımda, takvim hedeflere uygun seyrediyor.",0
"Sayın Kullanıcı, e-Devlet Kapısı güvenlik sistemimiz hesabınızda olağandışı giriş aktivitesi tespit etmiştir. Hesabınızın güvende olduğunu doğrulamak için kimlik doğrulama işlemini tamamlamanız gerekmektedir. Doğrulama yapılmadığı takdirde hesabınız 48 saat içinde geçici olarak askıya alınacaktır. Lütfen aşağıdaki bağlantıya tıklayarak TC kimlik numaranızı ve e-Devlet şifrenizi girerek doğrulama işlemini gerçekleştirin: http://edevlet-guvenlik-dogrulama.kimlik-tr.xyz/verify",1
"Sayın Vatandaşımız, Türkiye Cumhuriyeti e-Devlet Kapısı üzerinden gerçekleştirilen sorgulama sonucunda adınıza kayıtlı 3.750 TL tutarında vergi borcu tespit edilmiştir. Söz konusu borcun 15 gün içinde ödenmemesi halinde yasal işlem başlatılacak ve maaş/banka hesaplarınıza haciz uygulanacaktır. Ödeme işlemini gerçekleştirmek için TC kimlik numaranızla aşağıdaki sisteme giriş yapınız: http://edevlet-vergi-odeme.hazine-bildirim.tk/giris",1
"Sayın Vatandaş, e-Devlet şifreniz birden fazla cihazdan kullanıldığı için güvenlik sistemimiz devreye girmiştir. Şifrenizin başkası tarafından kullanılıyor olabileceğini düşünüyoruz. Hesabınızı yeniden güvenceye almak ve şüpheli giriş denemelerini engellemek için kimliğinizi doğrulamanızı talep ediyoruz. Kimlik doğrulaması için aşağıdaki bağlantıyı kullanınız: http://edevlet-sifre-guncelle.guvenli-kimlik.net/dogrula",1
Türkiye Cumhuriyeti e-Devlet Kapısı: Nüfus Müdürlüğü kayıtlarında adınıza ait güncellenmeye ihtiyaç duyulan bilgiler tespit edilmiştir. Yasal zorunluluk kapsamında bilgilerinizi 10 gün içinde güncellemeniz gerekmektedir. Güncelleme yapılmaması halinde resmi belgeleriniz geçersiz sayılacaktır. Güncelleme için: http://nvi-kimlik-guncelle.edevlet-resmi.xyz/form,1
"Sayın Müşterimiz, Garanti BBVA güvenlik sistemimiz kredi kartınızla gerçekleştirilmek istenen 4.890 TL tutarında şüpheli bir işlem tespit etmiştir. Bu işlemi siz yapmadıysanız kartınızın bloke edilmesi için aşağıdaki güvenli bağlantıya tıklayarak kimliğinizi doğrulamanız gerekmektedir. İşlem iptal edilmezse 24 saat içinde ödeme gerçekleşecektir: http://garantibbva-islem-iptal.guvenlik-merkezi.xyz/kart",1
"Sayın Değerli Müşterimiz, Ziraat Bankası internet şubenize bugün saat 03:47'de yabancı bir IP adresinden (Romanya - 89.45.xxx.xx) giriş denemesi yapılmıştır. Hesabınızın güvenliğini sağlamak amacıyla internet bankacılığı şifrenizi derhal değiştirmenizi ve kimliğinizi doğrulamanızı tavsiye ederiz. Hesabınızı koruma altına almak için: http://ziraat-guvenlik-dogrula.hesap-koru.tk/sifre",1
Akbank Dijital Bankacılık: Hesabınızdan 11.200 TL tutarında EFT talimatı oluşturulmuştur. Bu işlemi siz başlatmadıysanız transferi durdurmak için son 15 dakikanız bulunmaktadır. Transferi iptal etmek ve hesabınızı güvenceye almak için mobil onay kodunuzu aşağıdaki sayfaya giriniz: http://akbank-transfer-iptal.guvenli-islem.net/onay,1
"Sayın Müşterimiz, İş Bankası Müşteri Güvenlik Birimi olarak hesabınızda limit aşımı riskine yol açabilecek bir durum tespit ettik. Hesabınızın korunması amacıyla 3D Secure doğrulamanızı yenilemeniz gerekmektedir. Doğrulama yapılmadığı takdirde kartınız geçici olarak kullanım dışı bırakılacaktır: http://isbank-3dsecure-yenile.kart-dogrula.xyz/verify",1
"Yapı Kredi Bankası Güvenlik Bildirimi: Sisteminizde tespit edilen zayıflık nedeniyle internet bankacılığı hesabınız risk altındadır. Hesabınızı güvence altına almak için lütfen müşteri numaranızı, internet şifrenizi ve SMS doğrulama kodunuzu aşağıdaki güvenli forma giriniz: http://yapikredi-guvenlik-guncelle.hesap-koru.tk/form",1
"Sayın Adayımız, ÖSYM Sınav Hizmetleri Başkanlığı olarak size önemli bir bildirimde bulunmak istiyoruz. 2024-YKS sınav sonuçlarınız sistemde güncellenmiş olup puanınızda değişiklik yapılmıştır. Güncel sonuçlarınızı görüntülemek ve gerekli itiraz sürecini başlatmak için ÖSYM kimlik bilgilerinizle aşağıdaki sisteme giriş yapmanız gerekmektedir: http://osym-sonuc-guncelleme.sinav-sorgula.xyz/giris",1
ÖSYM Sınav Merkezi Bildirimi: Sınav başvurunuzda teknik bir sorun tespit edilmiştir. Başvurunuzun geçerli sayılabilmesi için 48 saat içinde kimlik doğrulaması yapmanız zorunludur. Doğrulama yapılmaması halinde başvurunuz iptal edilecek ve ücret iadesi yapılmayacaktır. Kimlik doğrulama için: http://osym-basvuru-dogrula.kimlik-onay.net/tc,1
"Sayın Aday, ÖSYM kayıt sistemimizde adınıza ait sınav salonunun değiştirildiği tespit edilmiştir. Yeni sınav merkezinizi öğrenmek ve bilet güncellemesini tamamlamak için aşağıdaki bağlantıya tıklayarak TC kimlik numaranızı ve doğum tarihinizi girmeniz gerekmektedir: http://osym-merkez-guncelle.sinav-salon.tk/sorgula",1
İstanbul Büyükşehir Belediyesi Gelir Müdürlüğü: Mülkünüze ait 2023-2024 yılları arasındaki çevre temizlik vergisi ve emlak vergisi toplamı 1.840 TL olarak tespit edilmiş ve ödenmediği görülmüştür. Gecikme faizi işlemeye başlamadan önce ödeme yapmanızı tavsiye ederiz. Borç sorgulama ve ödeme için: http://ibb-vergi-borc-sorgula.belediye-odeme.xyz/plaka,1
Ankara Büyükşehir Belediyesi Trafik Hizmetleri: Araçlarınıza ait toplamda 4 adet ödenmemiş trafik cezası bulunmaktadır. Toplam ceza tutarı 1.250 TL'dir. 30 gün içinde ödeme yapılmaması halinde ceza bedeli 2 katına çıkacak ve aracınıza el konulabilecektir. Ceza sorgulama: http://ankara-trafik-ceza.plaka-sor.tk/sorgula,1
İzmir Büyükşehir Belediyesi Su ve Kanalizasyon İdaresi: Adresinizde kayıtlı su aboneliğine ait 3 aylık ödenmemiş fatura toplamı 678 TL'dir. Hesabınıza bloke konulmadan önce ödeme yapmanızı rica ederiz. Su kesintisi yaşamamak için aşağıdaki bağlantıdan ödeme gerçekleştirebilirsiniz: http://izmir-su-fatura-ode.iski-tr.xyz/abone,1
"Kargo Teslimat Bildirimi: Sayın Alıcı, adresinize yönlendirilmiş paketiniz 2 kez teslim denenemesi sonucunda iade sürecine alınmak üzeredir. Paketin tekrar gönderilmesi veya şubeye teslim edilmesi için teslimat adresinizi ve iletişim bilgilerinizi güncellemeniz gerekmektedir. Adres güncellemesi ve yeniden teslimat için 3.90 TL ücret alınacaktır. İşlem için: http://kargo-adres-guncelle.teslimat-tr.xyz/yenile",1
Yurtiçi Kargo Teslimat Uyarısı: Gönderiniz (Takip No: YK20241112456) adresinize teslim edilmek üzere dağıtım aracına yüklenmiştir ancak sistemimizde adres bilgileriniz eksik görünmektedir. Teslimatın gerçekleşebilmesi için adresinizi doğrulamanız ve 5 TL kısmi teslimat ücreti ödemeniz gerekmektedir. Güncelleme linki: http://yurtici-adres-dogrula.kargo-teslim.tk/guncelle,1
"Değerli Gönderen, uluslararası kargonuz Türkiye gümrük noktasına ulaşmıştır. Paketinizin gümrükten çıkışı için 147 TL tutarında gümrük beyanname harcı ödenmesi gerekmektedir. Ödeme bugün gerçekleştirilmezse paket 48 saat sonra iade edilecektir. Ödeme işlemi için: http://gumruk-beyani-ode.kargo-cek.net/odeme",1
"Sayın Başvurucu, şirketimizin İstanbul ofisi için aradığımız Uzaktan Müşteri Temsilcisi pozisyonuna yaptığınız başvuruyu değerlendirdik. Ön elemeden geçen adaylar arasında yer aldığınızı bildirmekten memnuniyet duyarız. İşe alım sürecinin bir sonraki aşamasına geçebilmeniz için güvenlik geçmişi kontrolü kapsamında TC kimlik fotokopisi, son 3 aylık banka ekstresi ve 200 TL güvenlik depozitosu ödemeniz gerekmektedir. Detaylı bilgi: http://kariyer-basvuru-tamamla.ik-tr.xyz/form",1
"İnsan Kaynakları Departmanı: Linkedin profilinizi inceledik ve mevcut açık pozisyonlarımız için sizi uygun bulduk. Aylık brüt 18.000 TL maaş ve yan hakları olan bu pozisyon için mülakata davet etmek istiyoruz. Mülakat sürecini başlatmak için özgeçmişinizi, TC kimlik numaranızı ve referans kişi bilgilerinizi aşağıdaki forma girmenizi rica ederiz: http://ik-mulakat-formu.kariyer-sistemi.tk/basvur",1
"Değerli Aday, yurt dışı çalışma programımız kapsamında Almanya'daki fabrikamızda çalışmak üzere seçildiniz. Aylık 3.800 Euro maaş ve lojman imkânı sunulmaktadır. İşe başlama sürecini başlatmak için pasaport fotokopisi, sağlık belgesi ve 350 TL vize işlem ücreti yatırmanız gerekmektedir. Ödeme ve belge gönderimi için: http://yurtdisi-calısma.almanya-vize.xyz/basvuru",1
"Sayın Öğrencimiz, 2024-2025 güz yarıyılı akademik takviminde değişiklik yapılmıştır. Dönem başlangıç tarihi 23 Eylül'den 30 Eylül'e alınmıştır. Ders kayıt işlemlerinizi 25-29 Eylül tarihleri arasında öğrenci bilgi sistemi üzerinden gerçekleştirmeniz gerekmektedir. Güncel akademik takvim ve duyurular için üniversite web sitemizi takip etmenizi tavsiye ederiz.",0
"Sayın Öğrenci, Öğrenci İşleri Müdürlüğü olarak dönem sonu not girişlerinin tamamlandığını bildiririz. Sınav sonuçlarına öğrenci bilgi sisteminden ulaşabilirsiniz. Harf notu itirazlarının 5 iş günü içinde ilgili öğretim üyesine yazılı olarak iletilmesi gerekmektedir. Başarılarınızın devamını dileriz.",0
Bilgisayar Mühendisliği Bölümü öğrencilerine duyurulur: Güz dönemi bütünleme sınavları 15-20 Şubat tarihleri arasında yapılacaktır. Sınav giriş belgelerinizi öğrenci portalından çıktı alarak sınav salonuna getirmeniz zorunludur. Sınav programı bölüm panosunda ve web sitesinde yayınlanmıştır.,0
"Sayın Öğrencimiz, Kariyer Merkezi olarak düzenlediğimiz Kariyer Fuarı etkinliğine 50'den fazla firma katılacaktır. 12-13 Kasım tarihlerinde gerçekleşecek fuara katılmak için kayıt yaptırmanızı tavsiye ederiz. Fuarda staj ve iş ilanları için firma temsilcileriyle doğrudan görüşme imkânı bulacaksınız. Kayıt: kariyermerkezi.universite.edu.tr",0
"Değerli Personelimiz, insan kaynakları birimimiz tarafından hazırlanan 2025 yılı eğitim planı yayınlanmıştır. Yıl boyunca düzenlenecek teknik ve kişisel gelişim eğitimleri için kayıt formlarını İK portalından doldurabilirsiniz. Eğitimlere katılımın performans değerlendirmelerinize olumlu katkı sağlayacağını hatırlatırız.",0
Tüm çalışanlarımıza duyurulur: Bilgi güvenliği politikası güncellenmiştir. KVKK kapsamındaki yükümlülükler ve yeni şifre politikası hakkında bilgilendirme toplantısı 18 Kasım Pazartesi saat 14:00'te konferans salonunda yapılacaktır. Katılım zorunlu olup mazeretsiz devamsızlık halinde İK kayıtlarına geçecektir.,0
"Sayın Çalışanımız, şirketimizin yeniden yapılanma süreci kapsamında departman görev tanımlarında güncelleme yapılmıştır. Yeni organizasyon şeması ve görev dağılımı intranet sisteminde yayınlanmıştır. Değişikliklerden etkilenen çalışanlar yöneticileriyle birebir görüşme talep edebilir.",0
Finans Departmanı Duyurusu: Kasım 2024 dönemi maaş ödemeleri 15 Kasım Cuma günü mesai bitiminde hesaplarınıza yatırılacaktır. Bordro detaylarınızı İK self-servis portalından inceleyebilirsiniz. Hatalı bilgi tespit etmeniz halinde 10 Kasım'a kadar muhasebe birimiyle iletişime geçmenizi rica ederiz.,0
"Sayın İlgili, toplantı daveti: Proje Alfa kapsamındaki haftalık ilerleme toplantısı bu Çarşamba 25 Kasım saat 10:00'da Toplantı Odası 3'te gerçekleştirilecektir. Gündem: sprint 8 değerlendirmesi, risk güncellemesi ve müşteri geri bildirimi. Toplantı öncesinde sprint raporunu incelemenizi rica ederiz. Katılımınızı bekliyoruz.",0
"Sayın Ekip, Müşteri Yönetim Sistemine geçiş toplantısı 27 Kasım Cuma saat 14:00'te çevrimiçi olarak gerçekleştirilecektir. Toplantıya katılım bağlantısı: teams.microsoft.com/l/meetup-join/... Gündem; yeni sistemin demo gösterimi, soru-cevap ve geçiş takviminin onaylanmasıdır. Tüm departman yöneticilerinin katılımı beklenmektedir.",0
"Acil Toplantı Daveti: Üretim hattında tespit edilen kalite sorunu nedeniyle bugün saat 16:30'da üretim müdürü ve kalite güvence ekibinin katılımıyla acil değerlendirme toplantısı yapılacaktır. Toplantı Fabrika Bina B, Toplantı Odası'nda gerçekleşecek olup konuya ilişkin ön değerlendirme raporunuzu yanınızda getirmenizi rica ederiz.",0
"Sayın Müşterimiz, #SP-2024-78456 numaralı siparişiniz hazırlanmış ve bugün saat 15:30 itibarıyla dağıtım merkezimizden kargoya teslim edilmiştir. Kargo firması: Yurtiçi Kargo, Takip numarası: YK20241114789. Paketinizin tahmini teslim tarihi 16-18 Kasım 2024 olup teslimat günü SMS ile bilgilendirileceksiniz.",0
Kargo Durum Güncellemesi: Siparişiniz (Sipariş No: TR20241112-45678) İstanbul dağıtım merkezine ulaşmış ve dağıtım aracına yüklenmiştir. Bugün saat 09:00-18:00 arasında adresinize teslim edilmesi planlanmaktadır. Teslimat sırasında evde bulunmanızı öneririz. Teslimatta sorun yaşamanız halinde müşteri hizmetlerimizi arayabilirsiniz: 444 XX XX,0
"Sayın Müşterimiz, iade ettiğiniz #UR-456789 kodlu ürün depomuzda teslim alınmıştır. Ürün incelemesi 2 iş günü içinde tamamlanacak olup onay verilmesi halinde ödemeniz 5-7 iş günü içinde aynı karta iade edilecektir. İade sürecini takip etmek için sipariş yönetim sayfanızı ziyaret edebilirsiniz.",0
Teknik Destek Yanıtı — Talep #TKT-20241105-4521: Bildirdiğiniz e-posta gönderim sorunu incelenmiştir. Sorunun SMTP sunucu yapılandırmasından kaynaklandığı tespit edilmiş olup gerekli ayarlar teknik ekibimiz tarafından güncellenmiştir. Değişikliklerin uygulanması için bilgisayarınızı yeniden başlatmanızı rica ederiz. Sorunun devam etmesi halinde lütfen tekrar bizimle iletişime geçin.,0
"Sayın Kullanıcı, #DST-8821 numaralı destek talebiniz çözüme kavuşturulmuştur. Yapılan işlem: VPN istemcisi yeniden yapılandırılmış ve bağlantı politikaları güncellenmiştir. Sisteme yeniden bağlanmayı deneyebilirsiniz. Sorun devam ederse lütfen ekran görüntüsü ekleyerek yeni talep oluşturunuz. BT Destek Ekibi.",0
Bilgi İşlem Departmanı: Bildirdiğiniz yazıcı bağlantı sorunu giderilmiştir. Yazıcı sürücüsü güncellenerek ağ yapılandırması yeniden yapılmıştır. Yazdırma işlemini tekrar deneyebilirsiniz. Sorun tekrarlaması halinde 4521 dahili numarasından teknik destek talep edebilirsiniz.,0
"Konaklama Rezervasyon Onayı: Sayın Misafirimiz, İstanbul Marriott Otel bünyesinde 22-25 Kasım 2024 tarihleri için tek kişilik standart oda rezervasyonunuz onaylanmıştır. Rezervasyon No: MRT-IGL-20241122. Check-in: 14:00, Check-out: 12:00. Erken check-in veya geç check-out için lütfen otelle önceden iletişime geçiniz.",0
"Uçuş Rezervasyon Bilgisi: Sayın Yolcumuz, İstanbul Sabiha Gökçen — Ankara Esenboğa TK 2156 seferiniz 18 Kasım 2024 Pazartesi kalkış 07:15 için teyit edilmiştir. E-biletiniz ekte yer almakta olup havalimanına en az 1,5 saat önce gelmenizi tavsiye ederiz. Online check-in havalimanı kalkışından 24 saat önce açılacaktır.",0
"Sayın Müşterimiz, ürünümüz hakkında ilettiğiniz şikayetinizi (#SKT-20241103-7821) inceledik. Hatalı ürünün tarafınıza gönderilmesinden dolayı özür dileriz. Ürünü iade etmeniz için ücretsiz kargo kodu oluşturulmuştur. Kargo kodu: MNG-IADE-456789. Yeni ürün, iade işlemi tamamlandıktan sonra 3 iş günü içinde gönderilecektir.",0
"Değerli Müşterimiz, abonelik iptali talebiniz (Talep No: AIP-20241112-3344) işleme alınmıştır. Mevcut dönem sonunda, yani 30 Kasım 2024 tarihinde aboneliğiniz sona erecektir. Bu tarihe kadar tüm hizmetlerimizden yararlanmaya devam edebilirsiniz. Tekrar abone olmak istediğinizde sizi memnuniyetle karşılamaya hazırız.",0
Muhasebe Departmanı Bildirimi: Ekim 2024 dönemi satış faturalarınızın mutabakatı tamamlanmıştır. Toplam 47 fatura sisteme işlenmiş olup ayrıntılı döküm ekteki tabloda yer almaktadır. Eksik ya da hatalı gördüğünüz kalem varsa lütfen 15 Kasım'a kadar muhasebe birimiyle iletişime geçiniz.,0
"Sayın İlgili, KDV beyannamesi için gerekli satış ve alış faturalarını Kasım ayı kapanışından önce sisteme yüklemenizi rica ederiz. Eksik belgeler nedeniyle beyanname sürecinde aksaklık yaşanmaması için son gün 25 Kasım'dır. Sorunuz olması halinde muhasebe müdürümüzle iletişime geçebilirsiniz.",0
Finans Birimi: Tedarikçi ödemeleri bu ay 20 Kasım'da gerçekleştirilecektir. Ödeme listesine dahil edilmesi gereken faturaların 18 Kasım mesai bitimine kadar onaylanmış olarak sisteme girmesi gerekmektedir. Geç kalan faturalar bir sonraki ödeme dönemine aktarılacaktır.,0
"Sayın Müşterimiz, 2024 Kasım dönemi e-faturanız düzenlenmiştir. Fatura No: EF-2024-11-00789, Tutar: 2.340 TL + KDV. E-faturanızı e-posta ekinde ve GİB e-fatura portalı üzerinden görüntüleyebilirsiniz. Ödeme vadesi 30 gündür.",0
"Sayın Vatandaş, Sosyal Güvenlik Kurumu Başkanlığı bilgi sistemlerinde yapılan inceleme sonucunda 01.01.2023 - 31.12.2023 tarihleri arasına ait 4.320 TL tutarında prim borcunuzun bulunduğu tespit edilmiştir. Söz konusu borcun 30 gün içinde ödenmemesi halinde 6183 sayılı Kanun kapsamında icra takibi başlatılacak ve maaşınıza / banka hesaplarınıza tedbir uygulanabilecektir. Borcunuzu öğrenmek ve ödeme yapmak için sisteme giriş yapınız: http://sgk-prim-borc-sorgula.sigorta-sistemi.xyz/tc",1
SGK e-Hizmet Portalı Bildirimi: Kayıtlarımıza göre çalıştığınız işyerine ait sigorta primleriniz son 4 ay boyunca eksik bildirilmiştir. Bu durum emeklilik haklarınızı olumsuz etkileyecektir. Eksikliği gidermek ve haklarınızı korumak için aşağıdaki forma kimlik bilgilerinizi girerek işlem başlatınız: http://sgk-eksik-prim-tamamla.emekli-hak.tk/giris,1
Türkiye Cumhuriyeti Sosyal Güvenlik Kurumu: Emeklilik başvurunuzun işleme alınabilmesi için sigortalılık sürenizde tespit edilen eksikliğin tamamlanması gerekmektedir. Söz konusu eksikliği 15 gün içinde gidermezseniz başvurunuz reddedilecektir. Gerekli belge ve ödeme bilgileri için: http://sgk-emeklilik-tamamla.sigorta-basvuru.net/form,1
Emniyet Genel Müdürlüğü Trafik Hizmetleri Başkanlığı: Plaka XX 1234 sayılı araçla 03.11.2024 tarihinde saat 22:14'te gerçekleştirilen hız ihlali nedeniyle 1.850 TL idari para cezası kesilmiştir. Ceza tutanağına itiraz etmek veya ödeme yapmak için TC kimlik numaranızla sisteme giriş yapınız. İtiraz süresi 15 gündür: http://trafik-ceza-itiraz.egm-hizmet.xyz/sorgula,1
Karayolları Genel Müdürlüğü HGS Sistemi: HGS etiketinize bağlı araçla yapılan geçişlerde bakiye yetersizliği nedeniyle 7 adet ücretin tahsil edilemediği tespit edilmiştir. Toplam borç tutarı 423 TL olup bu tutarın 10 gün içinde ödenmesi gerekmektedir. Geçiş yasaklısı olmamak için ödemenizi gerçekleştiriniz: http://hgs-gecis-borc-ode.kgm-sistem.tk/odeme,1
OGS Bakiye Uyarısı — Karayolları Genel Müdürlüğü: OGS cihazınızın bakiyesi eksi değere düşmüştür. Otoyol ve boğaz köprülerinden geçişinizi engellemeden önce borcunuzu kapatmanız gerekmektedir. Toplamda 6 geçişe ait 312 TL borcunuz bulunmakta olup ödeme için: http://ogs-borc-kapa.kgm-gecis.net/arac,1
Türkiye Finans Katılım Bankası Güvenlik Merkezi: Hesabınıza 04.11.2024 tarihinde saat 03:22'de Romanya kaynaklı bir IP adresinden erişim sağlandığı tespit edilmiştir. Hesabınızda yetkisiz işlem yapılmış olabileceğinden hesabınızı geçici olarak kısıtladık. Kısıtlamayı kaldırmak için kimliğinizi doğrulamanız gerekmektedir: http://turkiyefinans-hesap-ac.guvenlik-dogrulama.xyz/verify,1
QNB Finansbank Dijital Bankacılık Bildirimi: İnternet bankacılığı hesabınızda yürütülen işlemler sırasında sistemimiz olağandışı bir aktivite tespit etmiştir. Hesap güvenliğiniz kapsamında para transferi işlemleri geçici olarak kısıtlanmıştır. Kısıtlamayı kaldırmak ve hesabınızı yeniden aktif hale getirmek için aşağıdaki güvenlik doğrulama adımlarını tamamlamanız gerekmektedir: http://qnb-guvenlik-dogrula.hesap-aktif.tk/sifre,1
Denizbank Güvenlik Bildirimi: Kredi kartınızla 18.11.2024 tarihinde gerçekleştirilen 7.450 TL tutarındaki alışveriş işlemi güvenlik sistemimiz tarafından şüpheli olarak işaretlenmiştir. İşlemi siz gerçekleştirmediyseniz kartınızı bloke etmek ve iade talebinde bulunmak için 30 dakika içinde aşağıdaki linke tıklamanız gerekmektedir: http://denizbank-islem-iptal.kart-guvenlik.net/bloke,1
Vakıfbank İnternet Bankacılığı: Hesabınızda birden fazla cihazdan eş zamanlı giriş girişimi tespit edilmiştir. Hesap güvenliğinizi sağlamak amacıyla oturumunuz kapatılmıştır. Yeniden giriş yapabilmek ve hesabınızı güvenceye almak için SMS ile gelen tek kullanımlık şifreyi aşağıdaki sayfaya giriniz: http://vakifbank-otp-dogrula.internet-guvenlik.xyz/giris,1
ÖSYM Başkanlığı Resmi Bildirimi: 2024 KPSS Genel Yetenek ve Genel Kültür Testi sonuçlarınızda sistemde teknik bir hata tespit edilmiştir. Hatanın düzeltilmesi ve güncel sonuçlarınızın görüntülenmesi için ÖSYM hesabınıza giriş yaparak kimlik doğrulaması yapmanız gerekmektedir. Doğrulama yapılmaması halinde sonuçlarınız geçersiz sayılabilir: http://osym-kpss-guncelle.sinav-hata-duzelt.tk/tc,1
Ölçme Seçme ve Yerleştirme Merkezi Başkanlığı: TYT ve AYT sınav ücret iadesi başvuruları başlamıştır. Pandemi dönemi sınavlarına ilişkin 150 TL tutarındaki iade hakkınızı kullanmak için ÖSYM kimlik bilgilerinizi ve banka hesap numaranızı aşağıdaki forma girmeniz gerekmektedir. Son başvuru tarihi 30 Kasım 2024'tür: http://osym-iade-basvuru.sinav-geri-odeme.xyz/form,1
ÖSYM e-Hizmet Portalı: LYS'den YKS'ye geçiş döneminde gerçekleştirilen sınav kaydı hatası nedeniyle adınıza ait sınav puanları 2 puan eksiği yansıtılmıştır. Düzeltme işleminin yapılabilmesi için sisteme giriş yaparak kimlik doğrulaması yapmanız gerekmektedir: http://osym-puan-duzelt.sinav-dogrulama.net/giris,1
Bursa Büyükşehir Belediyesi Ruhsat ve Denetim Müdürlüğü: Adresinizde kayıtlı işyerine ait 2023 yılı ruhsat harcı ve çevre temizlik vergisi ödemelerinin yapılmadığı tespit edilmiştir. Toplam borç miktarı 2.180 TL olup gecikme faizi işlemeye başlamadan borcunuzu kapatmanız önerilmektedir. Borç sorgulama ve ödeme için: http://bursa-isyeri-borc.belediye-ruhsat.xyz/sorgula,1
Ankara Büyükşehir Belediyesi EGO Genel Müdürlüğü: Adınıza tanımlı Ankara Kart hesabınızda usulsüzlük tespit edilmiştir. Kart iptal edilmeden önce hesabınızı doğrulamanız ve gerekli güncellemeyi yapmanız gerekmektedir. İşlem için: http://ego-ankarakart-dogrula.toplu-tasima.tk/hesap,1
İzmir Büyükşehir Belediyesi İZBAN Bildirim: Adınıza kayıtlı İzmirim Kart üzerinde geçerli bilet bakiyesi kalmamasına rağmen 12 kez geçiş yapıldığı tespit edilmiştir. Toplam borç 72 TL'dir. Kart kullanım yasağı uygulanmadan önce ödeme yapınız: http://izban-kart-borc.izmir-ulasim.net/odeme,1
"PTT Kargo Teslimat Bildirimi: Adresinize yönlendirilmiş GT20241118-456789 takip numaralı paketiniz, alıcının yerinde bulunamaması nedeniyle teslim edilememiştir. Paketi almak için teslimat adresinizi güncelleyebilir veya en yakın PTT şubesinden teslim alabilirsiniz. Adres güncellemesi ve yeniden dağıtım için 4.90 TL ücret alınmaktadır: http://ptt-yeniden-teslim.kargo-adres.xyz/guncelle",1
MNG Kargo Müşteri Hizmetleri: MNG20241116-789456 numaralı gönderiniz adresinizde teslim edilmeye çalışılmış fakat kapı numarası sistemde eksik olduğundan dağıtım tamamlanamamıştır. Teslimatın gerçekleşebilmesi için adresinizi doğrulamanız ve 3.50 TL yeniden dağıtım ücretini ödemeniz gerekmektedir: http://mng-adres-dogrula.kargo-yeniden.tk/guncelle,1
DHL Express Türkiye Gümrük Hizmetleri: Yurt dışından adresinize yönlendirilen paketiniz 18.11.2024 tarihinde İstanbul Atatürk Hava Limanı Gümrük Müdürlüğü'ne ulaşmıştır. Paketin gümrükten çıkışı için 218 TL gümrük beyanname ücreti ve KDV'sinin ödenmesi gerekmektedir. Ödeme yapılmadan paket teslim edilmeyecektir: http://dhl-gumruk-tc-beyan.ekspres-kargo.xyz/odeme,1
Borusan Lojistik Uluslararası Kargo: Çin'den gönderilen paketiniz Türkiye'ye ulaşmıştır. Gümrük beyannamenizin doldurulması ve 165 TL gümrük harcının ödenmesi için 3 gün süreniz bulunmaktadır. Süre içinde işlem yapılmazsa paket iade edilecektir: http://borusan-gumruk-beyan.lojistik-tr.net/kargo,1
"Sayın Aday, CV'nizi ve başvurunuzu inceledik. Müşteri deneyimi konusundaki tecrübeniz dikkatimizi çekmiştir. Şirketimizin Ankara ofisinde açık bulunan Bölge Satış Yöneticisi pozisyonu için sizi mülakat sürecine davet etmek istiyoruz. Mülakata katılabilmek için öncelikle güvenlik geçmişi formu doldurmanız ve 250 TL referans kontrol ücreti ödemeniz gerekmektedir: http://is-mulakat-guvenlik.kariyer-basvuru.xyz/form",1
"Değerli Aday, Alman ortaklı üretim firmamız Türkiye fabrikasında çalışmak üzere operatör personel alımı yapmaktadır. Aylık net 14.500 TL maaş, servis ve yemek imkânları sunulmaktadır. Başvurunuzu tamamlamak için TC kimlik numaranızı, adres bilgilerinizi ve sağlık durumunuzu belirten formu doldurunuz. Başvuru aktivasyon ücreti: 100 TL: http://fabrika-personel-al.uretim-tr.tk/basvuru",1
"İnsan Kaynakları Müdürü adına yazıyorum. Trendyol bünyesindeki Kıdemli Ürün Yöneticisi pozisyonu için profiliniz uygun bulunmuş ve görüşmeye davet edilmek istenmiştir. İşe alım sürecini başlatabilmemiz için özgeçmişinizin güncel halini, son 3 aylık banka hesap ekstrenizi ve 175 TL platform kullanım ücretini sisteme yüklemeniz gerekmektedir: http://trendyol-ik-mulakat.kariyer-platform.net/basvur",1
Emekli Sandığı Genel Müdürlüğü: Emeklilik başvurunuz değerlendirme aşamasına gelmiştir. Başvurunuzun sonuçlandırılabilmesi için SGK prim dökümünüzde eksik gözüken 18 aylık sigortalılık süresinin tamamlanması gerekmektedir. Eksik süreyi kapatmak için gerekli ödeme ve belgeler hakkında bilgi almak üzere sisteme giriş yapınız: http://emekli-sandigi-eksik.sigorta-tamamla.xyz/basvuru,1
T.C. Maliye Bakanlığı Gelir İdaresi Başkanlığı: Beyan etmiş olduğunuz 2023 yılı yıllık gelir vergisi beyannamesi üzerinde yapılan inceleme sonucunda 3.640 TL eksik vergi ödemesi tespit edilmiştir. Söz konusu eksikliğin 30 gün içinde kapatılmaması halinde vergi ziyaı cezası ve gecikme faizi uygulanacaktır. Eksik ödeme ve itiraz için: http://gib-gelir-vergisi-eksik.maliye-odeme.tk/beyan,1
Türk Patent ve Marka Kurumu: Adınıza tescillenmiş marka başvurusuna itiraz yapılmıştır. İtiraz sürecine dahil olabilmek ve marka haklarınızı koruyabilmek için 10 gün içinde itiraz dilekçenizi ve 680 TL itiraz ücretini sisteme yüklemeniz gerekmektedir: http://tpmk-itiraz-marka.patent-hukuk.xyz/dilekce,1
Türkiye İş Kurumu (İŞKUR): İşsizlik maaşı başvurunuz ön değerlendirme aşamasında teknik bir sorunla karşılaşmıştır. Ödemenizin gerçekleşebilmesi için banka hesap bilgilerinizi ve IBAN numaranızı sisteme yeniden girmeniz gerekmektedir. Bilgiler 5 gün içinde güncellenmezse başvurunuz reddedilecektir: http://iskur-odeme-iban.issizlik-maasi.net/guncelle,1
Konut Edindirme Yardımı Programı: T.C. Çevre ve Şehircilik Bakanlığı tarafından yürütülen sosyal konut programından yararlanmak için seçilen vatandaşlar arasındasınız. 150.000 TL tutarında konut desteğinden faydalanabilmek için başvurunuzu tamamlamanız ve 500 TL başvuru işlem ücretini yatırmanız gerekmektedir: http://konut-destek-basvuru.cevre-tr.xyz/form,1
Daire Başkanlığı duyurusu: 2024-2025 Akademik Yılı Güz Dönemi final sınavlarına ilişkin sınav programı hazırlanmıştır. Sınavlar 9-20 Ocak 2025 tarihleri arasında gerçekleştirilecek olup kesin program 15 Aralık itibarıyla öğrenci bilgi sisteminde yayınlanacaktır. Mazeret sınavı başvuruları için akademik takvimi takip etmenizi hatırlatırız.,0
"Sayın Öğrencimiz, danışmanınız Prof. Dr. Ayşe Kaya bu dönem 3 Aralık ile 7 Aralık tarihleri arasında yurt dışı görevde bulunacaktır. Söz konusu tarihlerde yapılması planlanan bireysel danışmanlık görüşmeleri 10-14 Aralık'a ertelenmiştir. Yeni randevu için öğretim üyesinin döndüğü tarihten itibaren bölüm sekreterliğine başvurabilirsiniz.",0
Fen Edebiyat Fakültesi Dekanlığı: Bölümünüzdeki tüm öğrencilere duyurulur. 2024-2025 Güz Dönemi kayıt silme ve ders bırakma son tarihi 22 Kasım'dır. Bu tarihten sonra yapılan ders bırakma işlemleri sistem tarafından işleme alınmayacaktır. Danışmanınızla görüşerek gerekli onayı almanız gerekmektedir.,0
Sosyal Bilimler Enstitüsü Müdürlüğü: Yüksek lisans ve doktora öğrencilerine duyurulur. 2024-2025 güz dönemi tez izleme komitesi toplantıları 2-13 Aralık tarihleri arasında yapılacaktır. Toplantı randevularını danışmanınızla koordineli şekilde belirleyerek en geç 25 Kasım'a kadar enstitü sekreterliğine bildirmeniz gerekmektedir.,0
Yabancı Diller Yüksekokulu Müdürlüğü: İngilizce Hazırlık Programı yeterlik sınavı 14 Aralık 2024 tarihinde saat 09:00'da gerçekleştirilecektir. Sınava katılmak için öğrenci bilgi sisteminden başvuru yapmanız gerekmekte olup başvuru son tarihi 30 Kasım'dır. Sınav içeriği ve başvuru koşullarına dair bilgiye okul web sitesinden ulaşabilirsiniz.,0
İnsan Kaynakları Departmanı Duyurusu: Şirketimizin ISO 9001:2015 yenileme denetimi 26-27 Kasım tarihlerinde gerçekleştirilecektir. Denetim sürecinde tüm departmanlardan süreç sahiplerinin hazır bulunması gerekmektedir. Denetim takvimi ve sorumluluklara ilişkin detaylı bilgi yöneticiniz tarafından tarafınıza iletilecektir.,0
Tüm personelimize duyurulur: Toplu iş sözleşmesi görüşmelerinin 2. turu 28 Kasım tarihinde gerçekleştirilecektir. Sendika temsilcileri ve yönetim kurulu arasındaki müzakerelerin sonuçları en geç 5 Aralık'ta çalışanlara duyurulacaktır. Süreçle ilgili sorularınızı İK birimine iletebilirsiniz.,0
"Sayın Çalışanımız, yıllık zorunlu iş güvenliği eğitiminizin tamamlanması için son tarihin 31 Aralık 2024 olduğunu hatırlatırız. Eğitimi tamamlamamış çalışanların işe devam hakları idari süreç başlatılana kadar kısıtlanacaktır. Online eğitim modülüne İK portalından erişebilirsiniz.",0
Finans Departmanı: 2025 yılı bütçe planlama sürecini başlatıyoruz. Departman bütçe taleplerinin belirlenen şablona uygun olarak 30 Kasım'a kadar finans müdürüne iletilmesi gerekmektedir. Şablon ve doldurma kılavuzu şirket intranetinde yayınlanmıştır.,0
"Toplantı Daveti — Tedarik Zinciri Optimizasyon Projesi: Projenin 4. faz değerlendirme toplantısı 22 Kasım Cuma saat 13:30'da Toplantı Odası A'da gerçekleştirilecektir. Gündem maddeleri: lojistik maliyet analizi, tedarikçi performans değerlendirmesi ve 2025 yılı hedefleri. İlgili raporları toplantı öncesinde paylaşmanızı rica ederiz.",0
"Sayın Yöneticimiz, Yönetim Kurulu Olağanüstü Toplantısı 29 Kasım 2024 Cuma günü saat 10:00'da Genel Müdürlük Konferans Salonu'nda yapılacaktır. Gündemde şirket birleşme/satın alma sürecine ilişkin stratejik kararlar yer almaktadır. Toplantıya ilişkin gizlilik kurallarının titizlikle uygulanmasını hatırlatırız.",0
"Proje Koordinatörlüğü: Sprint 16 planlama toplantısı 25 Kasım Pazartesi saat 09:30'da gerçekleştirilecektir. Ürün sahibi, scrum master ve tüm geliştiricilerin katılımı beklenmektedir. Toplantı öncesinde backlog üzerindeki öncelik güncellemelerini incelemenizi ve sprint önerilerinizi hazırlamanızı rica ederiz.",0
"Sayın Müşterimiz, #2024TR-456789 numaralı siparişiniz fabrikamızda üretim aşamasını tamamlamış ve kalite kontrol sürecinden başarıyla geçmiştir. Ürünleriniz bugün itibarıyla kargoya teslim edilmiş olup tahmini teslim tarihiniz 20-22 Kasım 2024'tür. Kargo takip numaranız: YK20241118-789456. Teslimat sürecinde herhangi bir sorun yaşamanız halinde müşteri hizmetlerimizi arayabilirsiniz.",0
Lojistik Departmanı Bildirimi: Şirketinize ait 3 paletlik malzeme siparişi (Sipariş No: B2B-20241115-1234) bugün depomuzdaki hazırlık sürecini tamamlamıştır. Araç tahsisi yapılmış olup teslimat yarın sabah 08:00-12:00 saatleri arasında gerçekleşecektir. Teslimat sırasında yetkili personelinizin hazır bulunmasını rica ederiz.,0
Kargo Takip Güncelleme: Siparişiniz (Takip: TR20241117-56789) İstanbul deposundan Ankara'ya doğru yola çıkmıştır. Şu anki durum: Yolda. Tahmini varış: 19 Kasım 2024. Ankara şubesine ulaştığında SMS ile bilgilendirileceksiniz. Teslimat zamanlaması için sabah 07:00'den itibaren kargo şirketini arayabilirsiniz.,0
Teknik Destek Güncellemesi — Talep #IT-20241112-9823: Raporladığınız Outlook bağlantı sorunu incelenmiş ve Exchange sunucu yapılandırmasında bir hata tespit edilmiştir. Düzeltme işlemi uygulanmıştır. Bilgisayarınızı yeniden başlattıktan sonra e-posta hesabınıza erişimi test etmenizi rica ederiz. Sorun devam etmesi halinde ekran görüntüsü ekleyerek bu talebe yanıt verebilirsiniz.,0
"BT Departmanı Servis Masası: SAP sistemine bağlantı sorununuz (#SAP-4521) çözüme kavuşturulmuştur. Sorunun kaynağı, sistem güncellemesi sırasında değişen bağlantı parametreleriydi. Parametreler güncellenerek bağlantınız yeniden sağlanmıştır. Sisteme giriş yapmayı deneyebilirsiniz.",0
"Yazılım Geliştirme Ekibi: v4.2.1 sürüm güncellemesi production ortamına başarıyla alınmıştır. Bu sürümde 3 kritik hata giderilmiş, performans iyileştirmeleri yapılmış ve yeni raporlama modülü eklenmiştir. Sürüm notlarının tamamına Confluence sayfasından ulaşabilirsiniz. Herhangi bir sorun yaşamanız halinde lütfen destek kanalı üzerinden bildirim yapınız.",0
"Sistem Yönetimi Duyurusu: 24 Kasım Pazar gecesi 02:00-06:00 saatleri arasında planlı sistem bakımı gerçekleştirilecektir. Bakım süresince ERP sistemi, e-posta servisleri ve intranet erişilemez durumda olacaktır. Acil durumlarda nöbet hattını (0212 XXX XX XX) arayabilirsiniz. Bakım sürecine ilişkin sorularınız için BT departmanına başvurunuz.",0
"Sayın Rezervasyonlu Misafirimiz, İstanbul Divan Oteli'nde 28 Kasım — 1 Aralık 2024 tarihleri için yapmış olduğunuz rezervasyonunuz (Rezervasyon No: DIV-20241128-5621) onaylanmıştır. Odanız: Superior Çift Kişilik, Manzara: Boğaz. Kahvaltı dahildir. Check-in saatimiz 15:00, check-out saatimiz 12:00'dir. Erken/geç check-in için lütfen önceden bildiriniz.",0
"Pegasus Airlines Bileti Onayı: İstanbul Sabiha Gökçen — Antalya PC 2847 seferi, 30 Kasım 2024, Kalkış: 10:45, İniş: 11:55. Yolcu: Mehmet Yılmaz. Rezervasyon: 6MNT78. Check-in 24 saat önce açılacak olup online check-in ile biniş kartınızı önceden alabilirsiniz. Bagaj limitiniz: 20 kg (ücretli).",0
"Antalya Dedeman Otel Rezervasyon Teyidi: Sayın Misafirimiz, 5-8 Aralık 2024 tarihleri için yapmış olduğunuz tek kişilik Superior oda rezervasyonunuz (Konf. No: DDM-20241205-8834) sistemimizde aktif olarak görünmektedir. Ön ödeme tutarı: 1.200 TL kredi kartınızdan tahsil edilmiştir. Kalan tutar check-in sırasında alınacaktır.",0
Müşteri Hizmetleri Yanıtı — Talep No: MH-20241110-4521: Bildirdiğiniz ürün hasarı talebinizi aldık ve inceledik. Üretim hatasından kaynaklanan bu durumdan dolayı özür dileriz. Ürünün yenisiyle değiştirilmesi için kargo barkodunuz oluşturulmuştur. Barkodu e-posta ekinde bulabilirsiniz. Hasarlı ürünü herhangi bir MNG Kargo şubesine teslim edebilirsiniz.,0
Müşteri Deneyimi Birimi: Hizmetimize ilişkin iletmiş olduğunuz 4 yıldız değerlendirmesi ve yorumunuz için teşekkür ederiz. Belirttiğiniz teslimat gecikme sorununu lojistik ekibimizle paylaştık. Yaşadığınız memnuniyetsizliği telafi etmek amacıyla bir sonraki siparişinizde kullanabileceğiniz 50 TL indirim kuponu hesabınıza tanımlanmıştır.,0
Abone Hizmetleri: İnternet paketinizin yenilenmesi talebiniz alınmıştır. Mevcut 100 Mbps paketiniz otomatik olarak yenilenmiş olup yeni dönem fatura tutarı 289 TL'dir. E-faturanız kayıtlı e-posta adresinize gönderilmiştir. Paket değişikliği yapmak isterseniz müşteri hizmetlerini arayabilirsiniz.,0
"Satış Muhasebe Departmanı: Kasım 2024 dönemi cari hesap ekstrenizi ekte bulabilirsiniz. Ekstrenizdeki borç bakiyesi 34.780 TL olup vade tarihi 30 Kasım 2024'tür. Ödemenizi belirtilen tarihte gerçekleştirmenizi rica eder, herhangi bir tutarsızlık halinde muhasebe departmanımızla iletişime geçmenizi öneririz.",0
Muhasebe Birimi Duyurusu: 2024 yılı kapanış işlemlerinin zamanında tamamlanabilmesi için departman gider kalemlerinin ve onaylı masraf fişlerinin 20 Aralık'a kadar muhasebe sistemine girilmesi gerekmektedir. Gecikme yaşanması halinde giderler 2025 yılına devrolacaktır. Sorularınız için muhasebe müdürünüzle iletişime geçebilirsiniz.,0
"Aylık Bütçe Kontrol Raporu — Kasım 2024: Pazarlama departmanı bütçe kullanım oranı %87, satış departmanı %92, operasyon %79 olarak gerçekleşmiştir. Aralık ayı için öngörülen toplam harcama bütçeyi %4 aşma riski taşımaktadır. Detaylı analiz ekteki tabloda yer almaktadır.",0
Tedarikçi Mutabakat Bildirimi: Kasım 2024 dönemi tedarikçi ödemeleri 20 Kasım'da gerçekleştirilecektir. Ödeme listesine dahil edilmek istenen faturaların 18 Kasım mesai bitimine kadar muhasebe sistemine onaylı olarak girilmesi gerekmektedir. Ödeme dışı kalan faturalar Aralık ödeme dönemine aktarılacaktır.,0
"Sayın Tedarikçimiz, firmanızla yapılan yıllık sözleşme yenileme sürecini başlatıyoruz. Mevcut sözleşmeniz 31 Aralık 2024'te sona erecektir. 2025 yılı hizmet koşulları ve fiyatlandırmanıza ilişkin teklifinizi 10 Aralık'a kadar satın alma departmanımıza iletmenizi rica ederiz.",0
Proje Durum Raporu — Hafta 47: ERP Geçiş Projesi bu hafta %68 tamamlanma oranına ulaşmıştır. Veri migrasyon aşaması sorunsuz ilerlemekte; kullanıcı kabul testi 2 Aralık'ta başlayacaktır. Kaynak kısıtlaması nedeniyle raporlama modülü 1 hafta gecikme riski taşımaktadır. Önlemler alınmış olup proje yöneticisi durumu yakından takip etmektedir.,0
Proje Yönetim Ofisi: Q4 portföy değerlendirmesi 3 Aralık tarihinde gerçekleştirilecektir. Tüm proje yöneticilerinden güncel durum raporlarını ve risk kayıtlarını 1 Aralık'a kadar PMO sistemine yüklemelerini rica ederiz. Değerlendirme sonuçları 10 Aralık'a kadar proje sahiplerine iletilecektir.,0
"Sayın Müşterimiz, servis talebiniz #SRV-20241114-2234 kapsamında yapılan inceleme tamamlanmıştır. Aracınızın motor kontrol ünitesinde yazılım güncellemesi gerektiren bir durum tespit edilmiştir. Güncelleme ücretsiz olarak gerçekleştirilmiş ve araç teslime hazır hale getirilmiştir. Aracınızı mesai saatleri içinde teslim alabilirsiniz.",0
Teknik Destek Yanıtı: Yazılım lisansı aktivasyon sorununuz (#LIC-4892) incelenmiş ve lisans yönetim sisteminde bir konfigürasyon hatası tespit edilmiştir. Düzeltme uygulanmış olup lisansınız yeniden aktive edilmiştir. Yazılımı yeniden başlatarak kullanmayı deneyebilirsiniz. Yardımcı olabildiğimiz için memnuniyet duyuyoruz.,0
